sentences,toxic
đất đai lại nhảy múa giá.để đi phà cho vui cũng dc,0
có quốc thể đâu mà nhục.,1
keu con linh cá lóc về vn đi c hiếu đập vô mặt nó,1
"ủng hộ ông a, sau ông b lên làm tổng thống thì cũng dở. nên cứ im lặng là vàng",0
có 200 triệu nếu mua i10 hay morning thì phí xiền quá.,0
chỗ toi chưa có điện nữa mà kế bên quốc lộ 91 tỉnh an giang mới chết chứ .....đất nước có thật đang phát triển khong....dốc láo riết quen....,1
sam lon la nhieu,1
a bac kj so nho nhat nam emoji emoji emoji emoji emoji,0
nguyễn trọng hiệp nhà dư con huayra nè! mượn khong để t gửi ship qua cho,0
ng kh có đạo đức,1
chửi một bị đánh sao chời... chửi cả một đất nước thì có người còn thương chớ,0
đây là my khi khong dc xem mèo tôm emoji emoji trà my,0
thêm quả kính thì có khác gì siêu sao điện ảnh :))),0
chuẩn rồi. bọn nó khong có lập trường và định kiến. loại người như vậy sống cũng éo để làm gì. đúng sai mà còn khong biết thì biết gì ?,1
trịnh hà vy 790k lận emoji . đầu tư đi làm kím tìn,0
chỉ cần kí 1 cái là đc cả trăm tỉ mà éo phải đi tù thì tội j khong làm - một a bụng bự cho biết,1
mừng vì thời nay vn đã có rất nhiều diễn viên hay,0
"7 tỉnh, thành từ hà tĩnh đến quảng ngãi 5 tỉnh còn lại là những tỉnh nào?",0
viên đá nhỏ thông tin chị lấy có chính xác khong?,0
em cũng chúc cả nhà anh chị một kì nghĩ lễ thật vui vẻ emoji_love,0
phan phan huy bay về núi ở ẩn thôi cháu ak emoji emoji emoji,0
lưu ý: nhà thằng nam có bộ sưu tập tượng rất đẹp.,0
corona tuổi lon vs cơ bắp a tôi,1
"cũng mong chung bảng để barca hạ bayern trả nợ, cho anti bớt kêu gào",1
có rất nhiều người sống vô tâm . tội nghiệp chú chim nhỏ,1
sự thật đáng sợ đằng sau bài rap về mixi gaming ))),0
học tập và làm theo...đến tẩu hỏa nhập ma luôn,1
thoại trần chính tã ?? chó chê mèo lắm lông..gạch đá đủ xây nhà chưa b,1
người có 500tr giúp cái người khong có 500tr emoji đm,0
a độ giống tính tao tính mặc đồ như thế trung hiếu,0
bên xứ dân chủ nó nghe lén điện thoại mà có ai bảo sao đâu emoji emoji emoji,0
"cave chịch đc tiền, làm thiếp bị chịch free rồi còn đc đè đầu cưỡi cổ nữa :)))",1
"su thỏ thì ghi bàn và kiếm tạo cho atm, còn griezmann thì tàng hình trên sân mà buồn cho blđ kém cỏi của barca, griezmann nên nhìn rô mà học hỏi: đến juve với mục đích là tìm nơi an nhàn hôi cúp,",1
"ngại ngùng lại nhớ đến tuấn vũ. còn a trường thì tốt nhất nên tìm tiếp các bản nhạc trẻ để hát , hoặc thôi để người ta nhớ đến a với những bản nhạc xưa. đừng cố qua hát thể loại này",1
like 10 năm chất liek bằng đầu bùi,1
"đề nghị xử lý các nhà hàng tội tiêu thụ tài sản trộm cắp.và tăng hình phạt với tội trộm chó, do tính manh động, liều lĩnh, nên xem là cướp thì đúng hơn!",1
không có một thứ chủ nghĩa nào mà lại tàn phá đất nước và con người như chủ nghĩa này. các bạn trẻ hãy luôn kiềm chế mình để sau mỗi cuộc hân hoan về bóng đá thì lại đem đau thương về gia đình của mình lâu dài.,1
"thứ khong nhân cách , tiền nhìu cko ngta là cai nghiệp kiep truoc thiếu ngta h trả chứ méo đc miếng đức nào đâu mà hô hào , chị ba ! chị ba phi",1
cố thì cố nhưng như này là thi không đều nhau rồi :((,0
phản động là gì vậy? auto đéo động não à,1
duy linh yah bên đấy bác sĩ còn khuyên người dân không đeo khẩu trang mà,0
hang tran nói dân trí thấp lại tự ái emoji,1
mục tiêu của team là đi nước ngoài làm vlog ăn đồ lạ nên không sao,0
mấy đứa đạo lý toàn sông như bướm,1
"cách ly vẫn tranh thủ tạo chút scandal câu like, đánh bóng tên tuổi, xuất viện đăng đàn xin lỗi! sợ thật sự cái anh tiệp này emoji",1
"liv năm nay tập trung c1 và ngoại hạng. vì không muốn làm clb 1 mùa nữa, hehe",0
"cái gian hàng trong tổ hợp nhà ga chứ đéo phải cả nhà ga nhá :v ngu vừa thôi,ngu hết cả phần thiên hạ",1
lâu lâu share lại để qua dich bắt còng đau no lại. khỏi về việt nam nhe m,0
bạn bè mà 1 người có ý thức còn 1 ng thì....ý thức nhỏ như trái nho :),1
"dạng như giờ tao báo tao đéo trả cho có thôi...đó, dân đen tụi bây làmcc gì được tụi tao :v",1
tử vi xem số cho người ...số mình thì để chi ruồi nó bu ....,0
cái họ có chưa chắc nhiều người có - không khí quây quần của gia đình.,0
bạn có thể giúp mình tìm ra thằng chửi thuê này khong?,0
chúc ngài sớm bình phục và tiếp tục đi tiếp đoạn đường 4 năm nữa,0
"giờ đi xklđ cũng phải đóng bhxh nha, đảng ta tốt bụng lắm, lo cả cho lao động ở nước ngoài, đkm :v",1
35:25 nghe chưa đỏ vs vàng là 1 khong nên xúc phạm nhau,0
tập này cj lâm khánh chi đẹp mà nhìn thấy hiền dễ thương ghê,0
"thejaboproductions tụi tao là bò đỏ còn tụi bây là chó vàng nhé. chó vàng lết thử về vn đi, bò đỏ tụi tao húc cho lòi ruột.",1
hội bảo vệ người tiêu dùng ăn lương thật nhưng toàn là người ảo?,0
đẹp lạ,1
dẹp mịe cái hội bảo vệ người tiêu dùng đi. tốn tiền,1
"bài báo rất chuẩn, chỉ có thể xuất sắc nhất clb chứ với thế giới messi chỉ là cậu nhóc tội nghiệp với những thất bại tủi nhục. sự thực si quá may mắn khi đc xavi, iniesta và truyền thông nâng đỡ. tóm lại có xavi, iniesta sẽ có vinh quang,",1
đêm phia mà cười khong nhặt đc mồm :) rách cmn.cả miệng,0
lại bán đi hậu vệ tốt nhất nữa sao bát ca? đinh thắng 4-0 và lại thua 2-8 nữa à???,1
"bán hàng vậy mà cũng có ng mua , vì đẹp bất chấp nhục .con này về miền bắc vn được đón tiếp nồng hậu lắm đây .",1
xin hân hạnh giới thiệu nghệ sĩ hài số 1 trong làng esport việt,0
dit_me ho chi minh,1
cảm ơn anh đã có tấm lòng với những bé con đáng yêu!,0
dell hiểu cười méo j,1
có fan phản động luôn bên các bạn nữ. chúc mừng các em.,0
"tội cho cháu bé. sinh phải cha mẹ, chín phần con, một phần người.",1
đụ má...... con bede sấu nhất quả đất,1
trần trang trend này quá là quen thuộc với bạn trẻ vn emoji,0
"côn đồ, lấy nhầm chồng khong chỉ hại mình mà liên lụy gia đình",0
lê đức long để hôm nào ra hn e cũng phải thử mới đc emoji,0
có tiền đi du học. học gì củng giỏi mỗi học cái ý thức là ngu.,1
anlonroi,1
rồi các cháu miền núi sẽ tăng tỷ lệ không biết đọc vì học cái chữ khó quá!,0
co tien dug nen khoe nha ma co ngay troi khong do dau co ngay di an majk nha má,0
"sang serie a cũng tròn 2 mùa bóng. ngoài giải cầu thủ marketting , lập kỷ lục sút penty nhiều nhất juve thì mọi thứ là con số 0 tròn xoe. ghi bàn thì kém xa bô lão, kém xa cầu thủ dự bị liga, c1 thì tắt điện, thua lũ trẻ ajax,",1
chống dịch này còn hơn đấu quân mông cổ emoji emoji,0
"thật sự khong thấy binz hay ở chỗ nào hoặc cá nhân mình thấy thế. rap cứ giật giật,khong rõ lời nghe rất khó chịu",1
có khả năng tối nay anh bị ngủ ngoài đường :)) tu bi con tờ niu,0
"quay được phim rồi thì lấy xe bắt chó ra bắt đi , chờ gì nữa",1
dit_me muốn tán vô họng nó gê...đóng thuế để cho tụi nó đi nhậu á,1
bớt sống ảo giùm,1
deo hieu luon :))),1
sống chậm thôi mấy thằng lol,1
và trong sena cũng địt có chữ g nào luônn :33 (j4f),0
"với tài năng của thủ tướng cộng với trí tuệ của ông kiên, minh tin rằng năm sau kinh tế vn sẽ hóa rồng lộn xuống thiên đường xhcn",1
nguyễn trọng hiệp :v nghĩ lại thì thấy mình chơi khôn vai,0
nhiều khi do lâu lâu lên tỉnh không quen đường nên vi phạm là điều dễ hiểu,0
"mục đích học sinh dùng điện thoại trong trường, trong lớp là gì. cứ xác định cụ thể là sẽ có câu trả lời đúng. học sinh vào học là để tập trung nghe giảng, tranh luận, phát huy độc lập suy nghĩ, chẳng có kiến thức gì trong giờ học phải nhờ đến mạng;",1
phương thảo nom có như thằng trẻ trâu ở quê không,1
này trần dần già sắp chết rồi nói bậy nói láo tuổi con cháu khinh thường cho,1
bọn nhật nó biến thái lắm,1
lữ văn thánh ông trẩu vc,1
bùi đăng hoàn chỗ này xa chỗ anh lắm em ơi emoji emoji,0
"nên nhớ đất nước nầy, tài sản nầy là của dân tộc, nhân dân viết nam chứ không phải của cái đảng cs. cái đảng nầy như cơ quan quản lý. quản lý không xong thì để người khác quản lý chứ đừng lỳ cái mặt bám ghế làm cho đất nước ngày càng lụn bại tàn mạt. t",1
oke hasagi chết mọe đi emoji,1
"mình thấy rất nên học tinh thần của người trung quốc, tuy là đi sau trong khoa học kỹ thuật nhưng cái gì thế giới làm được mình cũng học hỏi làm cho bằng được, chứ không chỉ ở đó trầm trồ khen ngợi mà không cố gắng bám đuổi.",1
"ong tran dan dang nhay dam ,chu hkong phai mua vo lol",0
thua lào vs campuchia rùi.phát triển thụt lùi cmne,1
vô bổ. cam lùi là đủ.,1
già mà dơ,1
"trung phan 2 ngôn ngữ nó mới sang, fish sauce là quê mùa roi nha )))))",0
sang vn thành cái l cat khong... emoji emoji emoji,1
gọi là phản động ba que thì lôi mấy cái ảnh của vịt tần ra chối :)) xong bây h lôi mẫy cái hình ra diễu cợt trong khi biển số xanh là xe như thế nào được ưu tiên như thế nào cũng đéo biết :)) ngu vai,1
lại thực phẩm trên mạng,1
"quí dị tới số thì quí dị sẽ chết , tấc nhiên hài cuoi sac mẹ cơm...",0
"mệt mỏi lắm, cứ thấy ai đối xử tốt vs mình tý thì mình lại nghĩ họ tốt",0
toàn lũ não phẳng.......thấy cái biển số xanh là loại xe dc ưu tiên làm công vụ.....đèn đỏ dc vượt...đường cấm cũng dc chạy mà.....tụi bây ngu dữ vậy! đéo bik ất giáp thì câm mỏ lại.....lâu lâu lụm dc tấm hình đéo liên quan cc j cũng nhảy lên như chó điên..,1
7 miếng đất mà thành 6 miếng đất là kì lắm cô ơi ((((,0
thật thương các bé. súc sinh chứ không phải con người.,1
"thằng dưới thì thấy thế này, chứ đm thằng ad mà làm quan to xem, thử mở mồm ra nói nghĩ cho dân xem nào :)) thanh niên gato",1
emoji đụ mẹ mấy thằng cộng sản này nó cứ bắt bọn trung quốc sản xuất đá không mang đi thiêu hủy mà cứ chia nhau đập lấy gì không ngáo phát biểu linh tinh,1
địt cụ bọn này khong con zề để bàn nữa rồi,1
cô giàu có j kệ cô chứ nữa cô chết đéo người đội tan giàu cở nào cở alibaba chưa mà nói chuyện kinh người rồi emoji,1
công ty nhà nước nào cũng nợ haiz... mà lương ông nào cũng cao,0
họp kín và thông báo là không liên quan đến formosa :v,0
nêu danh sách và phạt nặng các bệnh viện không tuân thủ,0
lâm trần ngọc phúc ừa m nói t mới để ý bả nói khong thích mà bả nhắc hoài.,0
ý kiến cá nhân là e thấy nghe rất cuốn và bắt tai,0
nguyên nhân do chết đuối đấy. bình thường cứ ăn đi không sao. emoji,0
"ba mươi khong tiền nếu đốt thì cháy được khoảng bao lâu, nếu đốt từng tờ cũng không khỏi 1 ngày, thôi ráng đợi đến ngày lành tháng tốt rồi đốt cho cựu bộ trưởng xài nha,vì tới giờ phút đó bộ trưởng muốn xài thì cũng phải lấy lửa đốt mới xài được chứ phải o?",1
hay cho câu không có thực phẩm bẩn chỉ có thực phẩm được làm sạch,0
"78 tuổi rồi, nhầm lẫn là bình thường. nếu là tt mỹ mà nhầm như vậy thì thật gay go",1
"lại pen hôi à, vậy thì đâu có tính, phải không culi?bên kia cũng không tính pen hôi, nhưng có 1 bàn bật cao đánh đầu gỡ hòa, kiếm 1 điểm trong thế đá 10 người trên sân khách. kể ra thì cũng chưa đến mức vạ, hôi, ăn hại nhỉ?",1
thời trang với thời chủng nhìn mất hết cảm tình emoji emoji,1
hãy bán vàng và gởi tiền vào ngân hàng. tầm 6 tháng nữa hãy mua đất bạn nhé.,0
liên quan gì mỹ bảo vệ vn?????? câu chuyện đó phải nói là mỹ bảo vệ 3que nhen hông,1
tội xúi giục con nít trộm cắp phải phạt thật nặng,0
"có nguy cơ lại toang rồi ạ, có lẽ hệ số từ 82 lên 10-2 rồi",0
thử con nhung lây cho m thử .m khong chử nó đi .đạo đức giả,1
chui du da chi khau nghiep nhe cho rui ke le rui chui ha,1
nói nhảm. nhà tù chỉ dành cho bọn nghèo hoặc ngu thôi. chứ nó tiền thì có mà ở.,1
nhìn dơ dơ sao á... ớn cả lạnh. cùng người miền tây.. ma thấy bà này ghê quá mà nói hot girl.,1
.cười hônq dám cười lớn bị người nhà nói là nhắn tin với ny,0
thủ tướng lương nghe bảo tầm 15tr 1 tháng.. 10 căn nhà.. căn cấp 4 xây sơ xài ở quê giờ cũng 300tr là ít . 10 căn cho 3 tỷ đi. lương thủ tướng 1 năm 180tr. cho là ông ta không xài gì đi vì nhà xe. cơm nước đảng lo.. vậy chắc phải làm thủ tướng gần,1
dường như cô không muốn mxh và fan tung hô cô nữa :(( thấy hơi phũ với fan,0
khi bạn muốn mặc quần nhưng khong kéo đc khoá emoji emoji emoji,0
như theo niềm tin của người nam bộ á có con chó vào nhà niềm lành,0
đi coppy ảnh của page khác không ghi nguồn. :))) kém chuyên nghiệp,1
"bale về lại tot, thì bộ 3 mbk thống lĩnh giải ngoại hạng là chắc luôn...",0
có thể suy ra 84 nhất trí là máy thằng ml tham ô :))),1
anh thi rồi đi uống cfe mình ên bao quán luôn :)) chứ làm gì có ai dám lại gần.,0
"em nó vào tù chỉ vì ngu mà chết. chúng nó ở mẽo nhận đc gói tiền to to, ném tiền về với gói nhỏ nhỏ, đến lúc em này đc nhận chỉ là 200k và tù. ngu chưa con",1
đmcs,1
mong cho năm nay thầy vẫn giữ vững phong độ và tiếp tục là ng gác cổng kc :))),0
t đã kêu dán lỗ đít lại mà vẫn đéo hiểu :),1
"le quan tran moá đc cái đn của m là ngon, bây h...",0
quá giỏi chúc mừng em. nhớ cố gắng quảng thời gian học đại học nhé em.,0
bài viết quá xuất sắc với nhiều bài học đắt giá về kinh doanh đỉnh cao.,0
lên top chỉ qua được ng ta ủng hộ sau vụ việc thg kicm nhạc dell hay chổ nào,1
có lửa mới có khói.cũng như vụ tiên lãng hải phòng mà thôi.chết oan cho bọn emoji tham lam ăn cướp,1
dlv thì cần đéo gì biết phải hay trái ?,1
già rồi còn đéo gì mà ráng nhoai lên chứ địt cụ,1
cổng thì xấu vai ra,1
"úi xời, thêm quả hiệu ứng nữa thì rụng hết trứng với nhau.",0
cách đây 10 năm có livestream hôn mọi người nhắc mình nhớ xem???,0
quá trời cái,1
chị ba xạo l,1
tôi phản đối. hãy để các cháu qua 18 tuổi mới dùng.,0
đi ngược với chính sách ngu dân chỉ có chết,1
t cũng tính chửi. toàn cmt xàm lol khong,1
ngu thì,1
cậu út 2 tuổi nhà mình thì suốt ngày làm toáng cả lên !,0
d m thắm ơi cho em vào lại không sợ chó đi em sai rồi. hôm sau em khong giám chúc mừng năm mới nữa huhu,1
huan ngoc nguyen trang khong lên được nửa ông giáo ạ emoji emoji,0
trà ly em lại là 1 tấm gương sáng hơn 1000 lần :)),0
"tạo hình darkseid xấu quá, nhìn gầy gò thế nào ấy, giống quân sai vặt hơn là boss. tuy hung dữ nhưng thiếu khí chất bá vương như thanos. trong phim hoạt hình và truyện tranh darkseid nhìn ngầu hơn nhiều.",1
mỹ cứ 1 người khỏi thì hơn 2 người chết. sợ thật.,0
"bác nói rất đúng, luôn luôn khong sợ corona nhưng em sợ đi học lại quá emoji",0
"tôi bảo ô ad nhé, ô mở phim sex lên, vặn loa hết cỡ mà nghe diễn viên họ rên sẽ tốt cho não hơn là đi đôi co với phản biện với lũ tiến sĩ việt",1
ông già đi nghỉ dưỡng còn thằng con ở nhà cật lực làm việc,0
vãi trò hề,1
con sam có gờ mặt lưng còn con so thì khong có nhé,0
cà khịa đi xíu thầy vô chửi cm emoji,1
làm gì cơ chuyện mất hết như vậy mà ng ta chịu về khong.,0
"linh chi làm thêm á cưng, nhớ dzô ủng hộ emoji emoji emoji_love emoji",0
"như đã hứa, thầy công bố danh sách người trúng ga hôm qua nhé!",0
"may cho bọn chuột này chỉ sống ở anh, dân nhậu vn đang tiếc đây !",0
đồ khùng ...coi chừng con cháu ông pà của pà .... ở địa ngục chờ pà.....đi coi chừng xe pắt chó pắt,1
khong thể nói ra rằng tôi đag rất khong ổn... emoji,0
lại đéo cayy đi,1
lan hoa mấy đứa suốt ngày bảo người ta đạo này nọ cả đời chỉ núp dưới bóng của người khác emoji,1
không phải cứ mập là đẹp nhưng có người phải mập sẽ đẹp,0
"kệ mẹ mấy thằng bị nhồi sọ chửi ad, càng đông càng khai sáng đuoc, tạo cơ duyên đến với dân chủ, văn minh,..",1
một tác phẩm điện ảnh đậm dấu ấn việt thích nhất câu này,0
nguyễn thị phương bạn ơi cho mình xin ảnh để sống ảo đc khong ạ?,0
ng việt đi khắp 5 châu nhưng không phải du lịch :3,0
yêu là cùng nhau lên phường chứ không phải cùng nhau lên giường anh em nhỉ,0
"lũ cs đúng là một lũ súc sinh ác độc hơn lũ ngạ quỹ, một lũ người khg có chút nhân tính, quá tàn độc khg biết phải dùng từ gì đễ mô tả cho lũ này! bất luận thế nào thì cũng có ngày bọn súc vật này cũng phãi đền tội và kết thúc trong đau đớn hơn nhửng gì mà",1
đọc bài báo xong buồn ĩa đéo chịu đc,1
hoa kita nguyễn vũ hà vân ôi các bạn đi làm cẩn thận nhé emoji emoji emoji,0
ngơ cái buồi :v,1
hoàng quốc hoàviết trung bữa nay toàn thứ chi chi mô không ri !!!,0
co ba oi co giau lam vay co giup nhung nguoi kho giong nku toi con di co,0
"trang tròn be hoang trend của chị trang lên ngôi rầu, kinh thật",0
nghe nứng wá thầy ơi,1
"và là 1 tr likes, 1 tr likes khong phải dislikes đâu",0
nguyen xuan thanh hít keo chó là ngáo keo chó chứ emoji,0
sản đã làm cho nhân dân bị bệnh kiệt kháng ( sida ) hết rồi.,1
"loại này nên bắn, đéo cần bịnh hay không.",1
set đồ để các vận động viên ăn tết sau vff quản lý tiền thưởng,0
hồ hoàng huy thế từ 17 đến 33 là bao nhiêu mà nói là chỉ ?,0
mỹ dung trần phải phòng dịch đi nha chưa emoji emoji,0
con trâu xanh cái mặt như cái lồn họ:d,1
"đánh con mẹ gì trúng 20k, xao lol :))",1
có phải người săn hết bcs là ck nữ chính phỏng?????,0
ba người giữ xe bị vạ lây. nhiều thành niên bây giờ ăn nhậu bê tha rồi gây ra những cái chết đau lòng.,1
hát như cái đách lồn dị đó abe:),1
khốn nạn quá! mẹ thì như quỷ cái còn cậu thì không bằng loài cầm thú! bọn trẻ thật quá bất hạnh khi sinh ra trong hoàn cảnh đáng sợ như vậy! đề nghị trừng trị thật nặng hai kẻ khốn nạn này!,1
nếu mà làm giàu khổ cực như vậy thì không lên làm giàu.,0
"co ai biet cach nao mo nhan xet e chui con trang tran khong ta.con gai dan ba gi mo mieng ra la đit mè suot,ua no cung đong tinh nu ha moi_nguoi",1
đm hết hình lựa hay sao mà lựa ngay quả ảnh hãm lon thật...,1
linh khùng,1
mẹ chị chết để chị 100 cây vàng cái chị giàu luôn emoji emoji,0
"cẩn thận nhé bale, cậu sẽ phải làm hậu vệ thay vì tiền vệ đó",0
tôi còn tưởng nó là ( đăng ký cái lồn ),1
có nhiều thằng mồm thì đòi cứu cá mà tay thì xả rác ra biển thì chả ngộ :3,0
sao nói vậy mỗi ng mỗi số ai muốn ai chọn đc số vận đâu hả chị.,0
"thành phần này nguy hiểm quá, nên cho đi lâu 1 chút",1
gia đình này đẹp quá. tổng thống trump nghe nói nuôi dạy con rất giỏi.,0
thề chứ ăn mặc như đái tật thế ))),1
cj ba giàu vậy vậy cho em xin 60 triệu mua chiếc xe chạy đi chj ba ơi,0
khỏi lo cho tôi . hãy tự lo cho bản thân mình ấy .,0
nhảm,1
minhhieu đại chó nó dao làm người đừng làm chỗ chỗ,0
"cần nhân giống bò này gấp ,để sau này đi nghiêm thu công trình .cứ cột mỗi con 1 cột điện,nếu kéo không đổ thì chất lượng công trình oke....",1
tung nguyen tại chắc sợ bất lịch sự với khách hàng á,0
họ thích ăn khác lạ cho là đặc sản nhưng ..... rút kinh nghiệm thì muộn.,0
dư luận viên là gì ?? mấy thằng này là ai ? họ là ngưởi bảo vệ chất độc hã ???,0
chúc tổng thống trump mau vượt qua sự trở ngại cuối cùng của năm để tái nhiệm.,0
gác cu ...... là tiếng địa phương của người đi bẫy chim cu,0
chi ba emoji emoji emoji emoji emoji emoji emoji emoji,0
30 tháng tù mà tông chết 2 người án quá nhẹ,1
vi c a cang tham nhung manh,1
đau lòng quá. cầu xin các cháu siêu thoát về cực lạc,0
mất tư cách dễ sợ,1
"hi vọng juve chung bảng với barca mancity. tiến lên juve, pirlo, cr7 !",0
"nếu bị làm giả giấy tờ, còn khi xác nhận có xác nhận qua điện thoại không?",0
ôi bố cái lũ thanh niên hãm lol. đẹp mặt quá emoji emoji,1
"kona nhìn cứ nhỏ nhỏ và vỏ nhựa đen khá nhiều, nên chọn seltos",0
thay đổi giá dầu - chỉ có trump mới làm được điều này.,0
"khoảnh khắc ấy, mặt con cá đực to thẫn thờ thấy tội... : ) :p",0
lấy tiền miền nam đi nuôi một lũ con cháu trung quốc,1
"cái mỏ giống cá tai tượng quá ,,bởi vậy nó sạo ke cai thứ chửi việt nam la khong ưa roi",1
":)))) cáp đứt tại cá mập , gạch vỡ do sinh viên emoji",0
đm mày,1
cá trắm đen này dưới miền tây người ta kêu cá ét phải không các bạn ???,0
bán online 10 năm mà đm đạo đức kém vc boom hàng chết mẹ nó đi moi_nguoi ơi :)),1
". tìm hiểu dùm mình nhen bạn, khong phải cứ tây ăn cứt thì ta cũng ăn cứt nhen !",1
sau hom nay lam khanh chi xau vay ta. hom nay trang diem khac khac sao do.,0
"nó xạo lồn , thèm chém chết mẹ nó",1
bao nhiêu tiền đem cho con đi định cư bên mẽo cả rồi,1
idol của tôi từ hồi phim ma trận ... chúc a luôn bình an,0
này thì đánh sock óc người khác :)) đáng lắm cđ ạ )) mỹ vân,0
lão phét,1
xao lol ma noi khong so meo mieng nhi,1
bọn dã man! người ta đã bỏ chạy rồi còn truy cùng giết tận! a di đà phật,1
hđxx nhận xét long coi thường tính mạng của chính mình và người khác . vầng! 30 tháng,1
mẹ mày. đang họp đấy bọn ngu,1
thật tuyệt vời ! cảm ơn mọi người đã đóng góp trong công việc bảo tồn sự sống !,0
anh già rồi chứ nếu thời trẻ thì dăm ba người thái tuổi gì,0
số fan đã kết bạn zalo với anh châu emoji emoji emoji,0
ngọc hà âm tính roi. cơ mà nay hạ hòa được lên báo emoji,0
khổ thân cháu bé.....cầu mong cháu bình an !!!!!!,0
huyền sạc :)) nghe tên đã thấy tửng :)) xem clip thì đúng tửng thật hâhhahah,0
chị ba đẹp gái có hai hòn dái hai bên,1
hình như page này cũng là 1 chi nhánh của việt tân,0
mình thích sống nhanh còn đâu kệ moi_nguoi sống chậm,0
"sức nhịn cười , độ đểu của vũ hoàng lân cao thật .",0
trị nứt gót chân 5 năm 10 năm 30 năm bao lâu cũng khỏi,0
"td điên, vhl láu cá câu view. dù vậy mùa dịch ở nhà coi cũng đỡ buồn. hi hi",1
giọng nge hay hay nhỉ . mà sao emoji emoji emoji emoji,0
a méo nên về nước thì mới đúng,1
"để ý thấy phụ nữ tây đi chơi rất ít khi mặc đầm, trang phục đơn giản và thoải mái. pn á thấy hay se sua cúng xính đầm giày gót nhọn thấy rất lỗi thời. trang phục tây rất phong cách và tự nhiên, phóng khoáng và nữ tính quyến rũ.",1
haha trend cai(.),1
tuổi trâu thì nhai lại là hợp cmn lý rồi emoji,1
nghe có vẻ yếu sinh lý nhưng hóa ra a yếu cả toán cơ bản )))),0
việt phong haiz.. kẻ tổn thương lại muốn tổn thương ng khác emoji,0
đúng rồi chị iu. dạy. họ nó bài học đi chị con linh lóc này nó bị khùng (nhũn não ) c tự nhiên hi kk e mến chị rồi đó hen,1
"phạm văn đồng nước ngoài nó cho về nhà tự cách ly, về đây chữa ngon vai",0
liv đá như mơ ngủ thế này thì lại sớm tèo khi ra trời âu thôi.,0
"chuẩn cái stt của page. mà cái chính mấy phim ấy éo ai biết emoji , chả ai xem.",0
yêu người hồng kông và yêu cảnh sát hồng kông vì hồng kông tự do,0
"đề nghị rút giấy phép kd, và bồi thường cho các nạn nhân, phạt tiền thật nặng, nếu gây tử vong phải truy tố",1
tran dan khung lam tro con nich,1
hahaha. đĩ nl. con bà 2 sinh cl bị sình đó b,1
mình muốn sửa mũi mà khong có tiền nhiều nhờ báo giá được khong. số đt mình,0
phương minn ngộ nghĩnh nhỉ lạ lone nhỉ ? rõ ràng cố tình tạo phốt để bán hàng online :))) mà làm như hay lắm . sống dơ v ai mua đồ cho trời .,1
bức xúc đỏ mặt,1
xin thầy xin các bạn cùng lớp giúp mình với emoji emoji emoji,0
đã chay lại còn pate ?sản xuất không có trách nhiệm với xã hội. đáng bị trừng trị.,1
la co vn không bao giờ thay đổi ông trần dân ơi ông nằm mơ hả,0
làm cho nhà nước là có quyền thua lỗ và... nhàn. :),0
"nghĩ tới nghĩ lui vẫn thấy tội ông này ghê gớm ! tự nhiên bị thằng khùng vác súng đến nhà dí vào đầu mà còn bị hăm dọa nhiều lần, mấy ai đủ thánh nhân bình tĩnh mà ngồi im cho nó đánh ! án nặng,",1
thôi xog. đúng nơi t sống roi emoji emoji emoji emoji,0
măc cuơi chay nươc măt đau bung qua thây thương chi qua,0
kệ ông nói có sao đâu. xả xì choet thôi kk emoji emoji emoji emoji emoji,0
cái phận thằng yếu vùng vẫy cho lắm roi cũng phải nghe lệnh thằng to thôi :v,0
mong là xương thịt nó khong có chất gì bổ béo đối với con người.,0
khong vào thì lấy đâu ra vốn vay fdi cho các anh đút túi ?,0
mai maii có nên suy nghĩ về việc chuyển hướng cty :))),0
bọn chó sủa bậy,1
chơi là phải chơi ngàn tỷ :v đại gia dân đứng sau chống lưng mà lo gì kk,0
"kể cả người đứng đầu quốc gia giàu có nhất, tổng thống trump, cũng bị nhiễm.",0
cá lớn bây giờ hiếm nên giữ sống để mấy em nhỏ chiêm ngưỡng,0
mọi chuyện còn chưa chắc chắn khi biden trong diện f1,0
phạm văn lộc chúc hay mỗi tội chính tả nên như lol :)),1
đ m có cái loại doanh nghiệp làm ăn bố láo cho cả ruồi vào nước uống quảng cáo rầm rộ có lợi cho sức khỏe -_- khỏe cái mả cha nhà chúng nó. xong lúc người ta dàn xếp đôi bên theo kiểu dân sự thì úp sọt đánh bẫy người ta. còn bọn chức trách có thẩm quy,1
bố mấy con bệnh....dit_me chúng mày.làm bố đau cả cứt,1
"trung với đảng hiếu với dân . cần kiệm liêm minh . muôn năm , muôn năm",0
chúc bản thân thi tốt và chúc các b bằng tuổi thi tốt,0
anh phuong trinh kệ mẹ nhà tôi hihi,1
"em lại va cơm men chi làm nhiều video nữa nha, mà nhớ cho e xem nha chị",0
tế :)),1
trần thư quang trọng là người nghe có thấy hợp không nha bạn )),0
xét nghiệm ncov tốn nhiều thời gian để có thể họ bỏ qua chăng,0
định chê mày xấu. nhưng thôi chắc mày tự biết rồi,0
"đất nước đang gồng mình chống dịch , còn đây là hình ảnh đang phê dịch :))",0
bên này đặt hàng nhanh thật. mình vừa đặt hôm qua nay đã có,0
ủa chứ bữa xin lỗi khóc tế om xòm mà giờ chửi nữa rồi bó tay con này hỗn quá,1
"sàng lọc là điều tất yếu, nhân dịp này dẹp bớt mấy cty bđs làm ăn chụp giựt đi",1
chỗ e tối chúng nó bắn pháo hoa như tết rồi anh emoji,0
phải nắp thêm răng giả nữa chứ bạn khong nói gío lùa vào lại bay nốt mấy răng,0
trần sang công sức của mấy bác m kêu ổ là ổ thế nào,0
gặp ngoài đời là toi chạy á,1
nguyễn thế sơn nghe nhiều lần là nghiện á bạn chứ nghe lần đầu hong hay lắm,0
loài ấuhồ tuyên giáo thì bài và luận chỉ một giọng điệu bưng bô,1
troi oi toi thay cai người nay người cha ra người dan ông khong ra dan ông dan ba cha giong dan ba nhìn người nay giong quy that,1
nhìn vào thấy cầu nhơn trạch bố trí là chưa hợp lí rồi. đề nghị xem lại,0
anh lại xạo lon,1
"bao tiền tao cho 1 cái, làm gì vất vả khổ sở thế emoji",0
nghiệp nặng quá là chết đó nha cô,1
thải cho chết bớt rùi con cháu lãnh đạo đi mẽo ở chứ hết người nuôi rồi :v,0
bọn đảng cộng sản thì đéo chết đâu. người vì cộng đồng thì chết. vai,1
còn gì nữa khong bú emoji emoji emoji emoji emoji,0
ở việt nam! nó là cái l đó,1
7-8 triệu khong đủ tiền để ăn cơm nên anh tôi phải ăn cua với tôm trừ bữa,0
"chuyên gia nói thì dễ, nhưng về nhà trường và cô giáo thì đi ngược lại. con tôi hiện đang học lớp 1. cháu đã học tiếng anh từ năm 3 tuổi. học học viết, ghép vần, toán từ lúc 5 tuổi.",1
những người như vậy thì hay bị ung thư không rõ nguyên nhân!,0
ông trần dần tiên tri xem ngày nào hết bệnh corona trên toàn thế giới nào?,0
bảo ngọc lớn rồi hk có mua đồ tết! mua đồ quanh nămm,0
"thiệt vn mốt thành cái ổ trộm cướp giật đồ hết, tha hồ trộm đi, nhà nước bảo vệ cho",1
"cố gắng lên mấy ông ạ , đừng vì cái lí do đấy mà bỏ người ta , hèn lắm )))",0
nghe thấy mà chán jack vào kicm rời xa là sai lầm của cả 2,0
quynhh anhh tao tag m từ hồi bài này còn chưa nổi :v bh thành trend rồi,0
"cứ thế nhé, nhà tiên tri vũ trụ trần dần nói quá chuẩn.",0
dành cho lũ quan ngại,1
thôi ông im mẹ cái mồm đi,1
cảm ơn vnexpress đã cập nhận thông tin chính xác.,0
với êkip này nếu truyền tải hết dụng ý và tiết chế bớt cảnh đấm đá thì bộ phim sẽ khác nhiều hơn.,1
"dlv toàn là những đứa bị tẩy não, có não cũng như khong, cứ như mấy con bò đỏ, bị thuần chủng, bị sống trong giả dối, đâm ra ngu muội, dek biết phân biệt sai trái sự thật giả dối là gì. thui ad đừng trách chúng nó làm gì cho mệt óc",1
a thật tuyệt vời. cả nước phải cảm ơn những đóng góp của a.,0
emoji trần dần nói về chuyện yêu thầm ca sĩ như quỳnh và xem thường đào mi...,0
emoji trần dần nói gì khi bị giới trẻ tại việt nam làm clip giễu cợt?,0
mạng nguoi rẻ bèo,1
công an xã là nơi nhiều cái chết bí ẩn nhất,1
"tiếc thương bác vô cùng , tôi rất thích bộ phim a phủ .",0
chúc mừng các con. cố học giỏi và đạo đức phải tốt nữa nhé,0
"thằng vô danh tiểu tốt này chấp nó làm gì, cho vài tệ nói cái đéo gì nó cũng nói, có khi bảo nó chửi bố nó nó cũng chửi. kệ nó đi! bao giờ là quan chức hẵng hay !",1
"cô có duyên lắm luôn à ,thương cô có gì nói đó,nhìn mến lắm luôn.",0
"trung thì cũng như đứa em thiện lành việt . gian manh, xảo trá, tàn bạo và độc ác với dân. thùng rỗng kêu to. emoji",1
những bộ phim khoa học viễn tưởng sẽ thành hiện thực trong tương lai gần,0
khong có nghìn nào giúp dân thì nín đi!,1
hàn quốc thượng đẳng lm lên ae khỏi lo cho hàn quốc chi cho mắc công ha,0
huyền khánh phùng anh mình lương 7-8 tr chắc khong mua nổi rồi emoji emoji,0
"nó tưởng nó bệnh sương sương , nên trốn ra ngoài ho cái cả nước ốm luôn ,",0
mấy sinh viên ăn chơi cẩn thận ...uỵch nhau coi chừng sập nhà đấy !,0
"biển không thể lên thăm cầu vồng, còn cầu vồng lại có thể",0
tay cô gái to vai )),1
"ngày xưa đi gặt mang theo nơm còn bắt được cá, bây giờ chỉ còn lại trong ký ức",0
mua theo con tim thì lux sa còn theo lý trí thì san sắt nhé bạn.,0
"rạng sáng mà đã nhậu nhẹt. tuổi đời chỉ mới 19, sớm kết thúc một kiếp người.",0
"họ đang bận làm tượng đài, bận xây cầu nghìn tỷ,đường nghìn tỷ ở nơi khác. rồi từ từ sẽ có. kêu cái đéo gì. xây có tiền đút túi mà dại gì khong xây.",1
chỉ là lại từ bỏ tiền ra cho cày view thôi chứ hay cc j đâu,1
"toi tin là boác kính yêu nói được 29 ngôn ngữ đó mọi người. chắc là boác chỉ nói được chữ hello bang 29 ngôn ngữ ( hi, bon jour, hola, nĩ hảo, hallo, ciao...) mà tại tụi bưng bô bốc phét nói là boác nói 29 ngôn ngữ :).",1
thực ra chỉ có anh mus chơi còn thầy ba chỉ giữ mỗi nút space :)))),0
cái đệch nó nhét tiền cho lòi họng rồi,1
"phạm hoàng vao lau roi ma ong, dc cai mih cug thich chui bay:)))",0
đ lquan nhưng mặt giống quang ngọc trinh vai :))),0
ạc đó dính ạc lq vip vãi lồn ra,1
đồng nhung toàn các tỷ phú đi tây cả chớ nghèo lm gì đc đi,0
con mất day,1
sao tot không chịu mua quang hải để nâng tầm đội bóng,0
"ai ở hà nội thì cảnh giác , n có thuật thôi miên nhé",0
"cai mon vo.5 ong luc to,hoc vao tau hoa nhap ma,cam sung ban khong dung dich,cam giao chat cung khong dut.ong tran dan nay ,tap vo khi cong khoe den noi bay gan het rang.",1
mấy thằg óc chó,1
bả mặc áo thấy hết rồi đg ăn cơm nhá sặc cơm mù mét,0
càng nói xấu tổng thống trump thì càng chứng tỏ sự yếu thế của phe dân chủ,0
tôi tin đẹp nguyên dàn là có thật. chúc mừng liên hoan phim nhé.,0
mấy năm gần đây si đã thể hiện mọi danh hiệu có đk chỉ là ké bám iniesta. si là cầu thủ may mắn nhất lịch sử bóng đá chứ trình độ so với quang hải cũng chỉ 1 9 1 10. barca mà mua công vinh thời còn in và xa thỳ si ở ghế dự bị chứ làm gì được xuất đá chính.,1
nhật minh funkym với chính anh độ làm lộ đchi mà ))),0
anh lân thật biết chiều lòng khán giả khi phỏng vấn trần dần :)),0
đmm.luc trc may bợ lol nó.jo chưi no.do suc vat.bede thay pai roi.nghiep chuong,1
nếu giữ nguyên options mặc dù rất yêu nước nhưng e vẫn chọn i10,0
tr ơi nhìn thầy giống con póng quá à.,1
40 40 11h80 thần đồng toán học cao bằng độ tày emoji,0
ý thức như đb,1
"ta thì nghĩ thằng này là người của tàu cộng, được cử qua đây để làm dư lợn viên, mục đích là làm ảnh hưởng ngôn luận có lợi cho mẫu quốc. vì xưa nay t đều biết rằng cộng sản mạnh nhất ở điểm là tạo ngôn luận ảnh hưởng mọi người.",1
đoạn cuối nhìn jen già quá xá.,1
nguyễn hoài mong mv mới của jack ý mà nhạc thì như trên,0
"bạn nói chỉ dc cái đúng, like phát đéo biết mai có bị bọn nó đưa vào tội gì khong.",1
anh ơi crush bảo m thích t vì điều gì thì nên trả lời sao cho tinh tế ạ,0
trần dần ơi ông tiên đoán lúc nào thì corona sẽ ăn thịt ông,0
"lần đầu tiên thấy page có bài chửi đúng, chửi chuẩn.",0
ông nguyễn công khanh đang tự hạ thấp thể chế chính trị csvn,1
"chúc idol nhiều sức khoẻ, 2022 về off fan bác nhé!",0
"dkm phat ,noi nhu c",1
ai cho lũ chống tổ quốc về nước? bọn mày mơ...,1
cô cứ dễ thương như vầy quài luôn nha emoji emoji emoji,0
ý thức còn ít hơn cả số tiền trong túi t,1
người ta đã nói là mua lại xe cũ chứ mua xe mới thì nói làm gì.,0
cho a bu voi,1
"người bố tuyệt vời quá! chúc gd luôn khỏe, hạnh phúc.",0
"anh em mà phát hiện có bệnh, đừng sợ cứ đi cách ly nhé emoji_love",0
tuyệt vời. ảnh đẹp về mùa thu trên suối của quê tôi.,0
"tôi chuẩn bị bắn đấy, dẫn ông đi mua kẹo mệt lắm roi - trần sói said",0
thằng chó ngọc đang bưng nồi cơm đã vở và ngồi khóc trong bịnh viện ung bướu vì hít thở không khí ô nhiễm!,1
"cảm ơn các anh đã kịp thời, mong con mạnh khỏe nhé",0
con này nó dập dá nhiều quá dầu nó não quá,1
chán ông già vai,1
diễn đúng 1 show :)))) danh hài hải ngoại với chúng tôi,0
l:),1
tổ sư bố con thần kinh :))),1
"nghe đâu mỗi năm mất gần hơn 900 tỷ để duy trì cái xác ấy sống mãi trong sự nghiệp cướp bóc của chúng nó. kinh , xác cha già chúng nó mà chúng nó cũng khong tha, xơi luôn.bao nhiêu năm rồi nhỉ?!",1
tiền mà khong xem trọng sau này không có cháu mà húp,1
add là cai lol,1
trong khi mình thì kiếm 1 bé không ra. thật là đau lòng.,0
văn tuấn mai nước hoa như nước sông vậy đó mà nói chuyện xạo lồn,1
"phát ngôn ngu vãi, tao đi ị ở bến xe gia lâm còn phải đóng thuế 5k một lượt kia mà nhà vs có gia lol gì âu, bọn nó chịch nhau còn phải đóng thuế vì dùng bao con sâu hay victoria kia...",1
"thật ấm áp khi gia đình xum vầy vào mỗi bữa cơm, như vậy là họ quá giàu rồi.",0
con coronavirut nó làm cho mọi người hiểu ra chân ly cuộc sống,0
tác giả đang nói thằng niễng và thằng cố vấn của nó.,1
"học đại học còn có mấy bạn vô ý thức, quan trọng con người thôi",1
cô ba cứu con 1 cái chén kiểu con tìm tương lai cô ba ơi ....,0
thần kinh nhỉ,1
địt mẹ mất cái xe thì: chúng tôi đang điều tra và giải quyết . bán hàng rong thì giải quyết ngay lập tức không được để vấn nạn này xảy ra. nực cười vc,1
chipo tv gì vậy nhỉ. cùng hình ảnh khác tên thôi.,0
"làm mẹ , làm cậu mà mất nhân tính và vô lương tâm thì trời khong dung, đất không tha. luật pháp khong thể dung thứ, phải trừng trị thật nghiêm để bọn chúng ăn năn sám hối trong lao lý suốt cuộc đời còn lại.",1
chị có tặng bọn em miếng đất nào khong chị mc best cơ hội emoji emoji,0
hoàng phúc lê mình có nói mình cmt gì trên trực tiêp của chị linđa à,0
3 beautiful black cunt suckers emoji emoji emoji emoji emoji,1
"chia buồn với gia đình những nạn nhân , bọn thanh niên thời nay như uông phải thuốc nổ vậy , lúc nào cũng lao vào đâm chém quyết giết cho bằng được kẻ địch ,chỉ vì những mâu thuẩn nhỏ nhặt, đến lúc ra toà thì khúm núm xin lỗi xin khoan hồng ,",1
nguyễn trọng thái đợi cái lol,1
con ông zời đi nữa đã có lệnh cách ly thì phải theo,0
ả duconme emoji emoji emoji,1
định nghĩa diện tích là một nửa tích của chiều cao và chiều dài cạnh đáy.,0
"có tiền cứ làm,chỉ có bọn không có tiền làm mới ý kiến lọ chai",1
"rất manh động và liều lĩnh, những tên này phải cần trừng trị nghêm khắc.",1
chiều xuân (hoàng hôn mùa xuân) chụp hình bình minh mùa xuân. ý nghĩa quá!,0
nứng,1
cố gắng 24h đc 26tr để cho các đóm gáy và đem ra ss vs ng đẳng cấp hơn nha :)),0
ông già lấy tiền sữa của tôi đi mua giải rồi anh em ạ - sói said.,0
chưa kịp tạo dáng mà bà già tao đã chụp . tùng said,0
huyền khánh phùng người anh của em khong ra thăm thị à :))),0
việt nam giờ luật con mẹ nó rừng hết rồi!!!,1
"fadil mới đi chán òm, khong rõ sau 1 -2 năm chất lượng nó thế nào nữa các cụ ạ.",0
trí kiệt lên cả báo ý chớ bạn ! không chính xác sao giám đăng bạn !,0
"tôi nghĩ giáo án môn tiếng việt lớp 1 có vấn đề. theo giáo sư thuyết, skg mới cũng bao nhiêu đó chữ cái và vần. quan trọng là phân bổ tiết dạy. làm ơn đừng vì thành tích mà làm khổ các em nhỏ. hãy xem lại tâm lý học lứa tuổi mà có cách dạy cho phù hợp.",1
"ak47 ak47 ổng khong đồng ý thì kệ mẹ ổng,thích thì lấy hình ra chế giễu kêu ổng về kiện đi",1
nghĩ mà chán ...!!!,1
duy linh vailin live thật để quay mv )),1
mặc dù em đéo có người yêu nhưng vẫn thấy anh nói đúng vlon emoji,0
"khong cần giặt đánh, cứ để dân tự chết vì ngu thôi :v",1
bo tay . com,1
xưa cũng gom góp tiền mua trọn bộ tkkg. giờ tái bản chắc cũng lại ủng hộ.,0
trần dần chém gió.nghèo kiết xác không có tiền để làm răng gãy mẹ nó hết rồi mà còn ngồi chem gió,1
mk nghe khong thấy hay mấy hay là chưa nghe kĩ lời nhỉ,0
giết người có tổ chức thì phạt thế nào??? án có số thì chắc không đủ sức nặng,0
tuần sau c off fan cần thơ c có tặng fan 5 chỉ vàng hong ta :)),0
"nếu đặt mình vào con cá, bị đè cho đến ngạt thở sẽ hiểu đc khong riêng gì con người, mà bất cứ con vật nào cụng muốn sống, chúng ta thích thú với cảnh tưởng con vật bị giết tới chết, đó thực sự là 1 điều tàn nhẫn,",1
ổng nầy dc đánh giá là làm việc nguyên tắc cứng nhắc.,0
"đeo khẩu trang vào thấy còn được được, tháo khẩu trang ra nhìn khuôn mặt khong bằng vk mình..",1
a độ a có thẻ page cái ảnh nền pc a lên trang mấy em xin đc khong,0
"nhìn tướng bà con còn khiếp nữa là ô ấy, chúc bà sức khỏe.",0
khong thich vn thì cút sang campuchia mà sống (dlv cho biết),1
game cu lon nay ))),1
"thôi anh ơi, tha cho bolero và những người yêu nhạc anh ạ, anh chỉ hát được những bài nhạc hoa lời việt của ngày xưa thôi, từ sau khi anh làm lại răng thì hát không còn hay nữa, giọng quá trau chuốt nên không có tí cảm xúc nào.",1
có ai bt face của bả khong cho toi xin vs tìm hoài không thấy,0
mai nam hải làm kênh tìm gái đi chứ kênh kỹ năng gì nữa a ôi,0
có thể huy hiệu này sẽ đổi đc biểu tượng thần binh emoji,0
hoàng thiện :)) em chưa đến lúc cần. a để tự dùng đi.,0
thì ra hiệu vỏ xe dunlop nổi tiếng thế giới ra đời từ đây!,0
"lớp 1 ngày học 2 buổi, tối về vật lộn học bài đến 9h.cả nhà cùng chạy đua để chỉ bài cho cháu. ôi cải cách, chỉ biết thở dài ngao ngán!!",1
thật là ngược đời! tất cả tài sản của họ đều lấy của dân vậy mà lại đi ơn đảng!,0
đình quang trưởng thành vì nhận được sừng mà mình khong biết gì cả :)))),0
hoàng văn thuận nên xử bắn hed,1
giờ mà bật lửa thì có phải là cháy không còn cọng nào không emoji,0
"anh độ ơi thiết kế phòng game thế này thì liên hệ e nhé , em làm giá gốc cho",0
phạm trang nếu đã chưa từng có gì với nhau sao phải hủy theo dõi :),0
chỉ những người vô trách nhiệm mới đẻ nhiều mà không nuôi được con trẻ. những người trọng nam khinh nữ là những người vô trách nhiệm nhất.,1
maruko linh boss mà em cmt ? em biết địa chỉ để anh bế 1 em ! cảm ơn em trc,0
messi là cầu thủ bóng đá số 1 hành tinh dù bạn có yêu hay ghét.,0
chỉ biết thốt lên 2 từ trìu mến..... đụ má ! :),1
mồ tổ cha mày chứ khong tưởng nhớ. mày khong biết xem tin tức ak,1
mình đi qua thái khong chỉ đấu giải mà còn chuyển giới nữa nhé hí,0
clm...:))),1
lê thị trang đắt vcd,1
"mấy thằng này khong biết bao giờ mới bị bắt ,bị diệt hết !",0
xaolonn ))),1
"đúng là cầm thú , loại này nên cách ly vĩnh viễn",1
con khỉ trần dần vẫn còn răng à?,1
"ảnh thật vui nhộn, tâm trạng mình thoải mái hẳn khi xem ảnh.",0
hậu duệ mặt dày,1
"đáng trách nhất vẫn là người mẹ, có hai con gái tuổi dậy thì mà khong chú y và quan tâm con nhiều hơn để nó sống cùng cha dượng thì trước sau gì chả bị hại",1
fb a hạo linh tổng hã fb e bão huỳnh chấp nhận e nha,0
nghe khá là mixi nhưng thật ra nó lại là iphone emoji emoji emoji,0
toi chết với sự đáng eoo này emoji emoji_love emoji_love,0
sử đẹp thật đẹp cho nó biết lễ độ và phép tắt,1
"quá tuyệt vời, những người có tâm. made by vietnam",0
bán hàng online bất chấp vậy hả trời,1
lúc đi thì trắng tinh lúc về thì lại như anh da đen :vv,0
hóng clip thử thách 24h ngủ với susan của abe nào ae emoji,0
"có ông,cũng thấy vui vui.. chờ ngày đón cs nhừ qùynh lên xe tăng ! kk",0
đan trường ngoài vẻ ngoài điển trai thì hát chẳng có bài nào hay.,1
ha truong quần què j v,1
xấu vlol,1
"bọn côn đồ coi thường pháp luật, coi thường mạng người quá.",1
tram nguyen chây thì chắc không qua đc cửa hải quan việt nam :)))),0
"ăn hôi khắp mọi mặt trận, giống như thánh ăn hôi nguyễn lân trung",1
trinh te ơ chả đúng. ngta hứa thế nào thực hiện đúng thế thôi emoji,0
"rất ngưỡng mộ cách làm và việc làm thiện nguyện của bạn, mạnh cường ạ !",0
mou tung rat thanh công vs người cũ hết thời bale cũng vậy thôi,0
"vấn nạn này ở ấn độ thật kinh khủng. phụ nữ không đc an toàn, coi trọng.",0
"nói thực lòng, cứ nhìn vào cái ba lô đựng sách vở đi học của học trò thì biết ngay chương trình nặng hay nhẹ thôi chứ cần gì phải chờ thông tin ở cơ sở báo lên.",1
méo biết hát cái h,1
"đmm chúng nó cứ giết người kiều này, có ngày người nhà người ta đánh bomm chết cha lũ bác sỹ như mày.!!!",1
sao không mở đầu bẳng câu địt mẹ nghe có phải hấp dẩn hơn không,1
em sợ nói ra ngta sẽ chẳng thèm inbox em nữa cơ..,0
"kính chúc tổng thống trump mau bình phục, đắc cử nhiệm kỳ 2 .",0
phúc hưng clm :))),1
"ai nghĩ sao thì nghĩ, thực tế mỹ luôn là số 1, trước và sau cũng vậy.",0
sao không mở lại những líp nó khóc lóc xin lỗi cho nó thấy nó xấu kễ nào...nhục quá...,1
phan trung hiếu vậy lúc nó bay ra nước ngoài là nó bỏ nhà rồi :)),0
khánh vân chụp ảnh thì mặc cáo áo cài khuy cho tử tế.kk,0
người ta giàu tự nhiên zô nhận người qurn dòng họ,0
"lần này hy vọng hùm xám sẽ nhẹ tay hơn, 1 bàn tay nhỏ là được.",0
ức hiếp dân thì giỏi lắm!,1
lanh dao dang nhau phat bieu coi ai la quan quan phat bieu ngu nhat day ma,1
giống nhau như 2 giọt nước mà chỉ khác mỗi khuôn mặt )),0
"chi khanh chi nhin khong ai, it lam viec. it hoi, a tuan hoi khong ah.",0
chịch xã giao đêê,1
cất con mắt lé vào đi roi nc vs chị hiếu,1
lê thị trang dit_me đắt,1
nói nói hát hát nhưng vẫn không quên khịa con ba vàng ngọc emoji,0
có đi chương trình come out đẹp lắm mà sao mặt kìa dạ,0
cá nhân tôi không cảm được nhạc của cậu này. nó thô tục và phản cảm vô cùng.,1
chuột này mà làm món chuột quay lu thì thôi rồi...,0
"bơm chủ nghĩa dân tộc như bơm ma túy. càng ngày càng nhiều, ngày càng trầm trọng.",1
"cũng xinh đấy, nhưng tiểu tiểu đại đại vẫn là nhất",0
"nghe nhạc là ghê vai, nghe anh kể suýt nữa em ngất :v",0
trải nghiệm thú vị nhất vẫn là hạng nhất trên 747-400,0
"thời điểm này nên giữ vàng lại bạn, vàng đang là kênh trú ẩn tốt.",0
mv sẽ cảm động hơn khi người dẫn truyện khong phải là a độ )),0
thánh tích vẫn giữ vững giữa các tàn tích sau 300 năm .,0
xl,1
tủnn tủnn đú vai )),1
muốn đẻ đứa như tùng sói vậy á emoji emoji_love emoji_love,0
mong đồng bào miền trung vượt qua khó khăn này !!!,0
khang khang nước người ta bị cả mấy trăm ca còn chưa cho nghỉ,0
hệ thống thủy lợi yếu kém cộng thêm khựa chơi bẩn bựa thì lụt lội là điều tất nhiên :,1
cuộc sống mà đôi khi chúng ta phải học cách chấp nhận :),0
ae có link xem chưa vào đây gái ngon lắm,1
"ai làm đc gì ngoài dùng võ mồm ca thán, thơ vịnh vè trào phúng, chửi đổng, ahbp, và xuất phát từ cái tâm vì nước vì dân thực sự? ai làm gì đó đi chứ, đừng thủ dâm kiểu này mệt lắm :(( với lại gần tết, ai cũng cố gắng tìm lương tháng 13 mà ..",1
ca khúc này nghe khong hay lắm. nghe chưa thấm đc giai điệu,0
địt mẹ thiên đường ad nhỉ,1
con điên xóm đao,1
ong lan oi toi lay ong day toi cuoi vay ra day nay,0
ông trọng cao tuổi rồi mà vẫn giữ chức vụ to ghê.,0
đéo phải trình bày :))),1
cruze bản lt (số sàn) và ltz (số tự động) khác nhau 1 trời 1 vực.,0
"đảng csvn không bị mỹ mua, mà bị tq sai khiến như sai tôi mọi, có đập tét mỏ thì cũng ráng cắn răng dạ dạ... 16 vàng 4 tốt",1
"dân trả nợ , chứ các lãnh đạo đâu trả ? nên vay cho lún lun ?",1
"truy giết đến cùng .a men, thiết nghĩ tình tiết tăng nặng sẽ được áp dụng.",0
clear hương bia tắm không biết sạch không nhưng hơi say,0
à m bảo ở nước ngoài nó quen rồi vậy cho m sang ý ở nhé thàng ml,1
lại mọc thêm 1 trang của viẹt tân ag. đkm bọn chó đẻ,1
cuối cùng thì xử lý thế nào? người dân muốn biết kết quả ?,0
nhờ thằng mỹ mà tàu khựa đã chiếm bải cạn năm 2012. cảm ơn thằng chó ad đã chỉ điểm nhé,1
đó là sự tinh tế kèm theo một chút vãi lon.,1
lê thanh tâm mấy anh trên núi tởm thậtt,1
nhìn mồm con này ! nó có dập đầu nghìn lần cũng không thể tha thứ cho nghiệt trủng này,1
z cô xây nhà bằng vàng nguyên khối ik để thể hiện mk giàu hơn tất cả mọi người,0
cá nhân riêng mình nghe rất mệt :(( một bài hát sầu não - ủy mị - làm cho tâm hồn của người nghe thêm nặng nề :(( chẳng có giá trị gì cho tâm hồn cả. chắc có lẽ mình đã già rồi :),1
em rất mong đợi ngày ấy để em ra tay cứu thế giới.,0
đồ bất nhân,1
cộng đồng nên giúp đỡ nạn nhân chứ khong phải giúp đỡ pate minh chay.,0
thầy mà là gia cát gì gia heo thì có )),1
mình đang tìm một con bò đặc điểm nhận dạng nó kêu cực kì thuyết phục nha có hậu tạ :;),1
nhìn cái mặt đã thấy ác thú rồi...,1
lữ văn thánh đó là ý do tôi bảo ông trẩu,1
tưởng giàu chính chính còn nể ai ngờ đi bán hóa đơn giá trị gia tăng khống.,0
đéo biết game phải để giải trí không nữa emoji emoji emoji,1
những thằng liếm no nó chuồn rồi!,1
"toàn là ở phan thiết, còn hàm thuận bắc nằm thị trấn nào có ai biết khong a?",0
ôi đm emoji,1
hoài an trịnh em bỏ lỡ khoảnh khắc huyền thoại rồi :((,0
"huyền khánh phùng thuyền thì đến bến lại chìm , c thì đến đít khong kìm được đâu",1
loại đàn bà độc ác,1
tôi sẽ tất nhiên là tất nhiên thì tôi sẽ là tất nhiên và như là tất diên,0
thần quyền súng băn không trúng..dao chặt không đứt :v,0
có còn là con người khong,1
chó khong mọc nga voi...bê đê như thế nào vẫn bóng gió nghe,1
qua vn phát ngôn câu đó thì đkm xác định khỏi về :),1
con đàn bà khó ưa,1
trend này các bà quê tao tạo ra từ mấy chục năm trước rồi,0
ad ngu khong biết xem thời gian hay chậm tiến so với thời đại vậy? từ thời kỳ nào mà giờ lôi lên,1
cho nó ngáp cho nó chừa cho mày tin cs nhe con,1
sao không bán rẻ cho nông dân ủ phân mà chôn phí thế,0
xem xong cái này thành fan cô lun ))) dễ thương hết sức à,0
dùng kĩ năng nha abe đừng tấu hài nữa là sẽ lên vcsa comback thôi.e tin abe,0
nút quan trọng nhất là nút an phú thì không làm!,1
nếu nó khai báo cẩn thận thì cả máy bay bị cách ly ngay từ đầu thì có phải giờ đỡ khổ không. chúng ta đéo nên bênh các bạn ơi emoji,1
chúng mày làm gì có văn hóa mà lập ra bộ văn hóa,1
"nhạt nhẽo, yếu đuối, phổ thông!",1
nhanh vai các ông:)),1
thắng mà không cần cầu cạnh đến penalty hay ăn rùa giống như ai kia là giỏi rồi,0
"uh,dung roi,du ma no nua di admin",1
nếu bất hạnh tao thà bất hạnh với một đống tiền :,0
tôi đã gặp những người này thời xuân sắc.vẽ rất đẹp nhưng chỉ giống 70 .,1
17 tuổi đã làm giang hồđi cướp,1
loại mât đậy,1
vãi đớp emoji,1
cháu phì cười với con vi trùng du học mà bác nói emoji,0
thì gato với hoài linh và các nghệ sĩ hải ngoại đó,0
ông trần dần mới kẻ đôi lông mày thật ngộ nghĩnh giống đám hát phường ....,0
ng ta hòa đồng z mà nói chảnh hả s mới vừa lòng bây,0
"người ta giỏi thì mình cứ công nhận, dù cho đó là công việc hay chuyên môn j, tại sao phải tìm tòi chê bai để hạ thấp khả năng người khác chứ",1
lê thành trung học trò lồn emoji,1
người j đâu mà chưởi người việt nam mình trưởi người ta quá trời đúng là bã chưa thấy quan tài chưa đổ lệ,1
"e trang điểm lại cho chị rồi , giáng sinh vui vẻ c nhé :3",0
"anh bo vẫn hát hay như ngày nào. hy vọng anh đầu tư nhiều vào hòa âm, phối khí. những nhạc phẩm của anh dùng nhạc cụ điện tử nhiều quá, làm mất đi một phần giá trị.",1
các ngã tư gần đấy có chịu nổi áp lực khi đèn đỏ không,0
tấc diêng là con vai rớt này nó đi du học khắp thế giới thưa ví dị,0
chung cống rãnh sao so được với ngài chung bóng đá.,1
"thật như đùa, ngoài kinh phí còn thời gian, công việc cơ hội, ai lo?",0
"lớn vậy đi fan cu tùng sói, vãi thật, thương yêu nó đc rồi , già đâu fan đứa cháu vãi lờ",1
bon con chau tq lam j co van hoa,1
nói vậy ông trần dần tâm cũng khong đến nỗi có ông cũng vui,0
"đm, bực bội tức tối, cay cú rồ người lên rồi mà khong dc cất lời ca, xả cơn tức thì khác éo gì ngậm .c..ức vẫn thấy thơm,",1
nhà có mấy khong cá mắm để lâu nên chắc cũng đủ khắm với trình của thắm...chính thức cần chịch đứa ad này và tặng nó lô cá mang chửi thuê cho xứng với nghề :v,1
:)) trúng 1 lô vé số 20 tờ cũng chưa đủ mua nó :)),0
d m hải quan khong tham nhũng mang đầu tao đi mà chặt,1
doanh nghiệp bị ảnh hưởng thì giảm . còn doanh nghiệp ăn nên làm ra nhờ dịch thì sao phải giảm ???,1
"quan cs ở xứ thiên đường thuộc bài kinh luôn ,mở mồm là ơn đảng ,ơn chính phủ... còn thằng quan tư bổn giãy hoài khong chết cũng thuộc bài luôn nhưng bài của nó là tôi xin chịu trách nhiệm ,tôi xin từ chức...",1
a vũ khắc tiệp nhỉ emoji emoji emoji emoji đc roi,0
xa hoi tồi tệ,1
"cmt,xem trước các thứ đầy đủ vẫn mất fan cứng thì chịuu",0
nhớ việc đầu tiên cần phải làm là nịnh hlv trưởng nhé!!,0
"mikhai chốp còn biết nhảu khỏi tàu đắm,chứ bọn này đéo nhẩy đâu,ảo thuật gia và phim ở hollywood phải gọi bằng cụ emoji",1
"cá chết vẫn chưa rõ nguyên nhân, biển thì vẫn đầy chất độc, chính quyền vẫn hô hào những chuyện tào lao và im lặng những chuyện cấp bách. cứ thế này bà con ta sẽ sống như thế nào đây?",1
có cái ngu nào bằng cái ngu này?? làm việc thì cũng phải có chừng mực thôi!,1
đức vương việc nhẹ lương cao lại thỏa lòng mong ước,0
nãy có điện thì bật đèn cũng khong lên.cúp đến giờ chưa có lại.,0
dừng là đúng a ơi emoji emoji dừng luôn đi cũng được,0
dương hoàng xin link để đạp vào mõm chúng nó bạn,1
bắn bỏ,1
"nó viết stt rõ ngu, ở đây ông pa và những người khác không được trả lương để đi từ thiện mà họ còn tự bỏ tiền túi cho những chi phí liên quan, còn mấy ông bộ đội cbcs này ăn lương nhà nước thì đây là trách nhiệm họ phải làm, xin nhấn mạnh là bắt buộc p",1
thối cc chỉ không ngửi đuợc thôi,1
mọi việc mà có sự phối hợp của nhân dân thì quả là hoàn hảo rồi,0
lũ sv nào đây ((;,1
"đéo tin! mèo rồi lại hoàn mèo thôi! dăm ba bữa rồi chìm thôi quá lắm thì kiểm điểm, rút kinh nghiệm",1
vai các thanh niên tay nhanh hơn não :)))),1
mấy chú có nhầm người không chứ con tôi ở nhà ngoan lắm.,0
con t khỏi ăn tết vì mẹ nó cắt cho nó quả đầu quá đẹp :)),0
mh thích trang từ ngày đọc xách bao ngô lên đg và đi ấy.,0
xe hàn thì oải như nhau ọp ẹp.- mua xe hàn là vứt tiền qua cửa sổ.- dại nhất là chủ xe hàn,1
theo mình những người có bản lĩnh thì khong cần đến may mắn,0
"con lợn ad , thế mày định làm gì ? vác súng ra biển đi , đừng vác bàn phím mà sủa theo lũ dâm chủ nữa nhé con .",1
không chừng hiện tại chúng đã hoàn toàn xáp nhập vào nhau rồi,0
hy vọng nhanh đến ngày vinfast nội địa hóa 80 và phủ bóng toàn thị trường vn,0
vai fake,1
dân ngu cu đen chết cả thôi,1
làm giã tạo giống như thẫm thúy hằng sau nầy hối hận nhé !!!,0
nó lại dễ vai anh ạ,1
người mẫu hq nhìn gớm quá.,1
người hàn dùng xe hàn. rất khâm phục tinh thần ái quốc của người hàn.,0
gà rừng xin địa chỉ để chụp cái ảnh roi về emoji emoji emoji,0
emma nguyen vậy mà ca ngợi bên kia lắm... về làm lol gì,1
sao mà có 30 tháng???? quá nhẹ cho tội giết 2 mạng người,1
rambo vẫn phải tự ngã xe mới chịu đc :)))). sang cả thái lan tấu hài,0
tiền này coi cái mặt hồ còn gớm hơn... và phải có tiếng tàu vào mới chịu được,0
nhớ giữ mồm giữ miệng chứ trong tù là hay bị mắc bệnh lạ lắm đấy,1
đây là cách bạn muốn khoe cả 2 cái quần vừa mới mua emoji,0
mây ba mu nay toan la sl khong đây toan phe phai no khong đây toan la đeo vang gia đê lên mxh sl lůa đao la chu yêu,1
bại cái đcm m cút qc cl mày đa cấp lừa đảo à emoji emoji đm con yến,1
quá hay!chúc mừng các chiến sĩ công an đã lập chiến công !,0
"cô nói chuyện ngọt ngào dễ thương quá, nói chuyện nhỏ nhẹ không đanh đá",0
"trời ơi nhìn thấy bé quá nhỏ nhắn nhưng đọc bài còn xót xa hơn. thời này do đủ đầy nên trẻ em dậy thì sớm, thế mà con sống với cha ruột lại bị ma tuý ăn mất phần cơm sữa nên lớp 4 mà chỉ 18kg, làm sao bù đắp cho thiệt thòi về thể chất đây? tàn ác quá.",1
đúng rồi.chứ khong phải do mấy thằng bụng bầu rước giặc về diệt chủng đồng bào đâu,1
vn bjo toàn thằng bệnh nhỉ,1
"khinh ng,khẩu nghiệp,sân si,có ngày tr cho bà ăn xin đấy nha,khong có đất mà chôn thân đấy",1
mấy thằng khong chịu tìm hiểu đọc được cái tít cắt xén của thằng ad rồi vào sủa :) bây giờ cmay thích đánh tq nhưng thằng nào dám ra mặt trận hay chỉ ngồi nhà gõ phím cho sướng tay ? ai cũng ghét tq nhưng cắt đứt với nó nước mình được lợi gì?,1
"phải đợi phân hủy rồi mới làm phân cá, các thanh niên a.",0
nhiều người nỗ lực từ lúc đầu thai nên sinh ra đã ở vạch đích emoji emoji emoji,0
hoàng vũ có tiền thì thằng đéo nào cũng đẹp emoji,1
nghe thì nhuyệt huyết nhưng củng không thuyết phục lắm nha anh )),0
toàn là những con người thiếu ý thức mà ra cầu mong dừng lại ở con số này thôi chứ lo lắng quá đi cầu cho máy cha máy mẹ đừng đi tùm lum nữa làm khổ nhiều người lắm muốn chết về nhà đóng cửa chết mình mẹ đi,1
nghe con cak,1
bo chj ba cung co lon nua ha,1
huỳnh châu a ơi a có ng iu chưa? à nhầm a có bạn ụ chưa emoji,0
hoàng yến đâu trêu thế )))) b chưa xem qcao lẩu phan à,0
"chẳng qua dân mình ngu dốt, học luật giao thông thì bố thằng nào làm bậy dit_me",1
xin chào các cháu đã quay lại với kênh của ôg độ vê lốc,0
catherine yangyến đỗ a thề là a ứ có bệnh nha. cho a về đi,0
không thể tin nổi bản án,1
cay vai,1
thắng vũ bán ở điện máy xanh chơ méo ở cửa hàng đt :)))),0
đúng mệt : v mà em cũng mệt với bọn sống nhanh chậm vãi cả lồn ))),1
đề nghị chính quyền hãy cách li người cha vô dụng và vô tâm này để cháu không bị bạo hành nữa. các mạnh thường quân ơi hãy thương và giúp cháu đi! cho cháu một tương lai tốt đẹp hơn chứ không như bố mẹ cháu.,1
việc đéo j cũng đến tay tao kể cả việc lái xe cho ông già,0
đức thịnh e cũng thấy a có cô nào đấy mà emoji emoji,0
thật sự nể phục khả năng phá hoại của băng đảng này.,1
hà nội khong biết có đc khong để mai e viết thư bày tỏ nguyện vọng :3,0
nguyen ngoc luu lyhaha nói đúng suy nghĩ của e emoji,0
chị 3 vàng ngọc ơi chị chửi nghe đã cai lổ tay luon số e nè chi 3! !!! khanh,0
"em nghĩ sặc khoai chết thì hợp lý, tổ cha bọn nó",1
"mấy người đạp xe như vầy quá thiếu ý thức , ỷ đi đông thì muốn chạy sao thì chạy ah !!",1
testla phải đi học lại hoặc mua lại công nghệ autopilot của trung quốc chăng?,0
thầy còn chưa có tiền mua quần áo mới nha mấy đứa,0
tuyên truyền sao hiệu quả bằng mấy cái băng rôn giăng kín lối ở xứ thiên đường kaka. ca còn uống rượu lái xe rồi gây tai nạn làm gương nửa kia,1
khác gì tát vào mặt thằng soang choảnh kia ))),1
"mua hàu có tặng kèm đối tác hay gì không các ông, mịa uống xong nằm đấy vs tay trái thì lại chán bỏ mẹ",1
hải văn trần chực bú cu tiệp hay gì )))),1
kiểu như nghỉ lễ nghe chú nhím hát nhiều quá nên sói hơi hoang mang emoji,0
tôi đang không hiểu tại sao quán 3 này vẫn có thể hoạt động được là sao ta !,0
em minh hiếu dao va em yêu ihih 999 :-) anh tự hào em minh hiếu va oh789 :-),0
co con cac,1
con cháu tay rửa chén đi chê bai người dũa móng tay !,1
sao ngu v bên kia éo chữa hiểu chưa con ngu,1
trung quoc government la dog have babies !!!,1
"ô có tiên tri khi nào hết dịch corona,và khi nào ông chết không?hay chỉ nói xàm và xạo",1
"mấy con cá đàn áp dân, từ dân mà ra, đc chính phủ trả tiền và trao quyền lực để quay lại đàn áp dân",1
nhỉnh mặt là thấy ác quỷ rồi,1
chết đi ông ơii,1
bên mĩ nổi tieng đánh bom,1
không biết sử dụng bình cứu hoả thì đừng đắng vớ vẩn ad ơi.,0
phế tích đó hình như là nhà thờ hay sao ak mình thấy thánh vẫn còn sừng sững?,0
mặc kiểu này là tao cá ổng vừa ỉa xong . đéo thể khác được,1
nhìn mặt đẹp gái mà cái tính lại xấu xa thế này.,1
ấn tượng nhất gia đình nhà tt trump ai cũng cao dáng đẹp..!,0
"hởi toàn thể 90 trịu dân vn chúng ta hãy truy tìm kẻ khốn nạn này. đây là tiền thúê của chúg ta góp vào phục vụ đất nước, sao chúng trộm làm của riêng? đậu móa anh chịu hết nổi rồi",1
mac ia qua,1
haha... bọn thượng đẳng lỗi thời,1
chúc mừng ngài biden và mong ngài trở thành tổng thống mỹ vào tháng 11 2020.,0
kiều bào ở usa thật may mắn khi có được ông trần cọp để giải trí!!!,0
giau qua sau khong gang may lanh ma sai quat ha chi,0
khắc thành nguyễn phục cái máu lồn,1
dân indo từ đầu đến giờ vẫn không hiểu nhạc jack hay ở chỗ nào :vv,0
"cứ nghĩ người nhật nào cũng ý thức, văn minh cho đến khi xem đc tin này :))",0
mấy tụi toi đâu cần những thứ đó. chúng tôi thấy iu cô và mến cô là đc roi.,0
cày view video này đê moi_nguoi cho lên top trending nào emoji,0
an an khuê huỳnh mình gọi chung là hoa cánh bướm nha emoji emoji,0
thuyết phục vai )))),1
tương lai thanh niên bến tre đổi qua nghề trộm hết.,1
nguyễn mỹ diễm hoa này là hoa lon nha emoji emoji,0
"tran dan anh khong chet dau anh, neu anh chet vi mua vo, vo hoang lan bi toi",0
"địt mẹ đến là hài, cướp như thế mà nó chỉ bắt vì tội gây rối trật tự công cộng. cái tội này là tội máu lồn nhất. dân oan đi khiếu kiện nó cũng vu cho người ta tội này được, rồi thì thanh niên ra quảng trường chơi chúng nó cũng vu tội này...",1
"thật đau xót, xin gửi lời chia buồn tới gia đình.",0
tịch an đời thằng cầu thủ ở vn mà xuống phong độ là coi như ăn lz. kk,1
"gió đang rất mạnh, tiếng gió rít và giật từng cơn.",0
"con bò đỏ nầy bị tẩy não cho nên không chuyển hoá thành người nổi, thích làm kiếp bò hơn làm người",1
trinh ở ngoài đéo ai thèm ngó đâu anh cứ an tâm ở đấy,1
có đéo đâu chỉ khoe của người khác thì làm cái lồn què gì,1
cười muốn chết luôn :))) ai lớp du chu cà mo cô hiếu emoji emoji emoji,0
chị oi củng muón cho cái mủi như như của chị mà ong bác hồ khong cho pép chị oi,0
"điệp còii :)) đến giờ còn khong biết, chịu ông lun, cáo là em sói emoji",0
nyc mình thích thầy ba lắm. thấy thầy được nút vàng mà vui thay. haha,0
"đấy, nhìn con hàu con hà mà học tập, có công mài sắt có ngày vào xoong",0
qua đây biết rõ hơn 5 tr ng khong cùng gu âm nhạc :))),0
trend hàn quốc học mót việt nam emoji emoji emoji,0
ở vn có 2 thằng trung khựa thì ác với vn còn thằng hàn thì coi thường khinh vn thì kết quả là,1
đúng là xem mâý clip nây không tha cho nó đůöc nhìn cái mõm nó góm quá,1
"mỗi lĩnh vực, ngành nghề, công việc... đòi hỏi tố chất của con người phù hợp. những người làm chính trị tốt không thể chọn thiên tài toán học hay nói chung là thiên tài về tự nhiên. chọn một ceo giỏi không thể chọn nhà thơ, nhà văn.... đại loại như vậy.",1
đã nói bao lần rồi các anh các chị có tiền đi du lịch vẫn đ hiểu à emoji,1
nói chuyện xóc óc,1
dug la loi nay khong the tha dc.khong the tin dc co nguoi hon den nhu vay.,0
chị ba vàng ngọc có cây nọc mọc giữa háng chị ba thêm hai trái dâu lủng lẳng. bệnh nặng giữ lắm rồi đồ bóng khùng.nói chuyện là biết khùng điên rồi.,1
hết cái gì?? miễn là cộng đồng lgbt thì mời thôi. bạn có vấn đề à.,0
ma no,1
anh ba hút rất nhiều thuốc...chị panda đơm bể đầu yeah,0
xao lôn khong co gi vui ..chung ta khong nen xao lon..,1
"thương cho các loài vật, con người ỷ vào trí tuệ tự coi có quyền giết các loài khác đến tuyệt chủng, đói cần thức ăn đã đành, còn đàng này cố giết thật nhiều để bán làm giàu ... khó mà nói hết, không lẻ nói rằng con người nên ăn chay, cũng không đúng,",1
ong dau troc oi ong hoi toi khong nhin duoc cuoi hahaha,0
"vâng trong đó không có tôi,có cho cũng không ăn. chấm hết.",1
cái page này rần rà rùi cũng thành cái ổ phản động thôi...unlike,0
bài này không hay. like ủng hộ thôi chứ mình xem không nổi 2p thoát rồi.,0
nguyễn hoàng thanh thảo thật ra lương của t nó đi từ hôm 7 tây m ạ emoji,0
thôn cái lù. dkm cs,1
đời đôi khi nó vãi lồn lắm các ông ạ :(,1
đề nghị công khai danh sách các cơ sở y tế vi phạm quy định phòng dịch.,0
"còn người là được. tiền mất bao nhiêu không quan trọng, bắt người đền là được.",0
đm. rẻ rách dlv,1
hoàng đức ngọc joke cái lồn chứ joke )),1
nên có một hình thức phạt xứng đáng cho những kẻ dùng ma túy này thôi.,0
làm clip tìm tận cái ổ nó thuê ở đi cô ơi tụi con ủng hộ cô,0
con gia nay chuyen gioi ho nhin ge qua,1
"hồi sv, có tấm hình trên báo dán trên tường ktx hình hiền mai, ngắm hoài luôn !",0
cô này dáng xấu. gù gù như bà cụ,1
cái bọn cướp ngày thì muốn làm gì chẳng được,1
không có táo mà sẽ là cái khác nhé.. emoji không hay nên đang tiếc đây,0
mất nhân tính. củng do ma túy mà ra.,1
hiếp tao,1
"thua cai nay nhug hon cai khac, tham nhung, quan lieu, yeu sach, hiep dap dan th nha nuoc vn lun so 1...",1
may giau qua ha sao may duoc tien cua chi minh hieu emoji emoji emoji sao may mat day qua da may,1
khoa trung lê tất cả mọi thành công đều có may mắn nữa chứ nổ lực thì chưa đủ,0
"khổ thân fati 17 tuổi, kiếm được quả pen làm hattrick mà lại bị hôi mất : ).",1
cũng muốn mặc đồ hàng hiệu của dân chơi cao bằng : ahihi,0
tăng cơ bụng thì được nhưng đốt mỡ thì không nếu dinh dưỡng không hợp lý.,0
cả năm chỉ đóng 750 thuế tncn á? tương đương 17tr vnđ???,0
ngày mai chúc các anh tốp 1 ez và nhiều kill nhé emoji_love,0
chả hiểu nghe ở đâu. vợ tôi bầu mà ăn linh tinh là tôi khong thích rồi.,0
sân chơi này là quá lớn với minamino. đáng tiếc cho pha bỏ lỡ.,0
có vẻ đẹp nhưng hơi...nhăn nhở .bình thường có lẽ hay hơn khi lên sân khấu .,1
"ế ẩm càng tốt, chứ đánh bắt riết thì diệt chủng hết.",1
mẹ tụi khong có não mới kếu là phản động. khong hiểu chuyen j ma cu nói tới cs la tụi nó nhảy tưng tưng lên ý như là ăn hết của ông bà ông vãi tụi nó mẹ ngu dốt mà tưởng thông minh,1
trần hoàng long đĩ mẹ m con? trần hensy của c nè,1
đấy nghe chưa. quốc sư nói mỹ đã xóa cờ hó vnch lâu rồi.,1
"bún ốc riêu cua 50k bát , ngõ chợ đồng xuân ngày 3 tết",0
đồi bại hết mức. làm người nhưng không hơn được con vật là mấy.,1
"mình nghĩ những người khen hay là những người chỉ mới xem trailer. thực sự thấy phim này dở tệ, không có chỗ nào để khen được luôn. cảm giác nó cứ nghiệp dư, nội dung thì không rõ ràng, giọng nói của nhân vật cũng không rõ. diễn xuất không đạt,",1
tâm ngô mon nay chị yen hay ép tụi minh ăn nè! khong đứa nào phái het. kk,0
xạo lol dell có gì vui chúng ta khong nên xạo lol emoji emoji,1
vào đại học bây h giống như học xong lớp 12 là vào thôi.,0
"nguyen kieu oanh c thấy avatar khong, nó tự nt với mình nó lun â",0
mà để ý lần nào ăn marinboy cũng kiểu díu díu phê phê nhá ))))),0
nhật ánh làm phát rồi về nhà cho lồng lộn nàng emoji,0
hau nguyen rảnh lon hả bà nội,1
nt ngọc trinh bạn toi bên đó đừng đi bảr nhen emoji,0
không phải 201 nhưng nghe anh chúc cảm động khóc tu tu :v,0
nát hết cmn rồi,1
ng pháp huhu đã buồn rồi emoji khong có gì coi buồn hơn emoji emoji,0
ae nào đi ăn khong. đang tìm quán lẩu mà nhìn ngon thế kia cơ mà emoji emoji,0
"đụ má, em ức chế quá.",1
"thế là hèn ! to con hơn , có công cụ hỗ trợ mà không bắt được cậu bé 14 tuổi !",1
bún bean mắm shrimp của cô nè cô nguyễn đỗ quyên :)))),0
ăn nói như bộ phận sinh dục vậy bạn,1
"mụ ấy đúng đấy, nhờ ơn đoảng, chính phủ mà mụ hốt nhiều vụ quá hời, có tiền cho thằng quý tử ăn chơi sa đọa, mua biệt thự xứ giãy chết, vậy là mụ hạ cánh an toàn và sẽ đu càng boeing qua giải phóng nước mỹ.",1
"vẫn mãi là một nước đang phát triển , và lạm phát ngày càng cao",0
dang khoa nguyen nhật cũng có nhật this nhật that )))),0
nguyễn thành nhân bạn ăn thử đi oy review cho mọi người biết với ạ emoji,0
nghe chị chững bị tinh thần chửi là em biết hơn linh lóc rồi!,0
nguyễn thiên ngọc không hay hơn mấy bài trước :)),0
"tiêu thụ bia nhiều nhất, trẻ trâu nhiều nhất :))",1
bà hổn láo quá,1
13 tuổi là bán hàng rồi á hả. thời gian 10 năm không phải ngắn đâu dễ nói ra dữ,0
"rõ ràng chức danh chủ tịch mà,sao ý thức lại khác vậy emoji ((",0
giờ phải coi 5k là phương châm hành động trong phòng chống dịch !,0
người ta chuyển giới nc giống đàn bà con gái . còn lâm khách chi giọng như vịt đực í nhỉ,1
đại ca lỡ chân có tí mà lo gì ! lấy lại đà nhanh thôi ! giảm tí nữa ôm ngay !,0
boi cai mieng chet roi mai mot xinh loi nghe linh loc,0
mặc quần đùi trong khong kéo khoá cái thành style hot :))) bựa vãi,0
bùn lắm thì viết bức thư dời gđ vài ngày song trở về như a emoji,0
"lên youtube xem cho nhanh, mạng như l",1
mỗi người giúp công sức là khác nhau không thể so sáng đc.,0
mấy bác cứ nói cho sang miệng .gặp ở việt nam chắc cũng vào nhà hàng .,0
"cảm ơn vnexpress, mỗi ngày tôi dc học thêm 1 cụm từ mới.",0
"nợ công thì dân gánh nữa chứ ai, chúng nó đc dân nuôi chứ lm đéo j, khong bik dân ta còn bị đì tới mức nào nữa, lũ súc sinh",1
van hoa doc tai !!!!,1
"hên vai, lúc tao định mua mà nó khong inbox lại :))",0
"bale hậu vệ cánh trái,son hậu vệ cánh phải là chuẩn bài mou nổ rồi",0
nhìn mặt hãm vãi,1
fake và xịn thế thôi tốt nhất đeo thượng đình cho thượng đẳng,0
đây là chiến công tuyệt vời của các anh công an việt nam .,0
trym anh độ có gì mà ai cũng xem vậy?,1
thầy địt mẹ giả tạo vai )),1
chị có cái sạc đẹp. là cin quý này không co emoji emoji emoji,0
"người mỹ dùng bandwagon nha cô, ở mỹ ít sông nên không dùng đò",0
tao sẽ ghé đái 1 bãi ngay,1
"mất nhân tính, táng tận lương tâm. những con quỷ đội lốt người đáng bị trừng phạt nghiêm khắc.",1
"nó đang tự chửi nó , lấy chồng còn ( sinh con) ủa mà nó đẻ được không ta ? vì nó là quỷ rồi !... bọn bay thua con chó là con người thô tục từ thiện áp phe còn phước không?",1
mồm vén lên như cái bồn cầu,1
cái quái gì nói lên sự thật về cái đất nước này cũg là phản động. tự do ngôn luật khong bao h có chỗ đứg ở cái đất vn.,1
đm quả nhạc emoji,1
chí phèo thời nay.,1
khôn như a người tày xích đầy ngoài cửa emoji emoji,0
nói gì thì nói từ báo đảng là đáo tin được rồi,1
vũ khắc hoàng cái này là khiến mình bà chủ kênh gục ngã thôi,0
khúc chụp điện thoại le lưỡi liếm anh châu thấy cưng dể sợ,0
đường đi đến cây xăng trước khi xăng lại tiếp tục tăng giá :v,0
cột điện li tâm nên làm 2 cái các điểm quan trọng,0
"cũng đúng vì giáo trình của vn mức độ khó hơn nước ngoài nhưng tiếc là khi làm thực tế thì chẳng được bao nhiu. 12 năm đèn sách, 5 năm đại học ra trường khong có tiền khong có quan hệ thì cũng thất nghiệp.",1
thế đây là gì vậy ad... có nhầm với kicm không vậy ... mù chữ rồi à,0
tởm...........,1
dù ai nói ngã nói nghiêng đỷ này vẫn xạo lồn như xưa,1
ấy vậy mà mới có thằng ít tóc cất công sang tận bển khom lưng hửi đít thằng mao chó.,1
lũ ác quỷ tàn ác với dân,1
có lẽ tay này thích bắt nạt người khác nên lấy cá mặt trăng làm đối tượng thoả mãn tính xấu của mình.,1
"hợp lý vai a ơi, ngta nói ước mơ khong đánh thuế, nhưng đéo đủ tiền đóng thuế thì mơ mơ cc",1
"mấy a 3 bên đó mà dính bệnh xác định chết cmnl vì méo thể dc ưu tiên ,dân chả nó còn chết huống hồ gì dân ăn bám",1
đang lên truyền hình chứ lai chim là con ba vàng mã banh xác với cô rồi :)),0
chim sẻ đi nắng - hạnh đàn -tân lập - đan phượng .,0
việt nam thì mang hàng xách tay ncov 19 về từ châu âu,0
ừ cho là vậy đi vậy kinh tế và an sinh thì 50 năm nữa mới bằng thái lan nha một lũ ngáo banh bóng hay ho gì mà tự hào đúng chế độ đào tạo người hay thật,1
"khổ mấy người ở bãi xe, bị chém oan. còn thanh niên đi đêm lắm có ngày gặp ma quả không sai",1
tôi càng thấy trung cộng càng tự khiến mình nhục nhã hơn nên meh,1
làm ơn trong nhà đừng đi đâu nữa nha trời rửa tay này kia nữa nha. bình trúc,0
phan ngô kệ cđm mày nói tao làm cái lồn j tao chỉ muốn nhắc nhẹ thôi tùy mày emoji emoji,1
vừa làm chiều nay xong đây . cứ chỗ uy tín mà làm nhé cá bạn emoji emoji,0
có một người đàn ông nọ đứng ở giữa quảng trường và hét to: lãnh đạo đất nước là những thằng ngu .,1
"sau c chửi hoài v linh,,chửi hoài khong tốt đâu he",0
đeo tai phone vào và nhạc to hơn thì sẽ nghe tốt hơn đấy,0
toàn là xạo lôz :))) sủa khong lại đi block nhau còn bày đặt tự do với chả ngôn lù ngôn luận,1
"may mà không đi tù vì tội tiết lộ bí mật công ty, kêu ca gì nữa.",0
má trang hay là má trang hả a ơii emoji emoji emoji emoji emoji,0
ma túy làm cho con người mất lý trí đến con ruột mà lm vậy,1
lời hứa mấy ông này như trò hề. còn nhớ cái ngày ông dũng lên làm thủ tướng ông ấy hứa nếu khong xóa đc nạn tham nhũng thì sẽ từ chức. và thực tế thì nạn tham nhũng tăng lên. còn ông có từ chức mẹ gì đâu,1
em ơi lam ngực có sướng không nêu chồng bú con cảm giác o ?,1
vaidai,1
đm chậm thôi :)),1
loại khốn kiếp chứ khong phải con người,1
và đây là a độ trông con khi chị trang đi vắng emoji emoji emoji,0
huyền khánh phùng quả mắt gấu trúc được vai emoji,0
"rất thích sự chân thật, hài hước của người miền tây",0
khi dân ta ảo tưởng :3,1
cạn mẹ cái lời vì tụi này,1
bọn nó bán nước hết rồi. chế độ độc tài độc đảng thì không 1 cơ chế nào có thể ngăn bọn chúng bán nước cả .,1
derby vùng ruhr cuối tuần này cũng có khán giả đâu emoji,0
đuma chính em :))))),1
toản hoà đây là admin của beat đấy ngon vai không phải n17 nha,0
ninh thị lĩnh thấy bảo bạn iu đang cần vốn kinh doan emoji emoji emoji,0
cô ơi mai mốt có ai chửi thế giới thứ ba cô kêu con con chửi tiếp cô,0
bọn dân trí thấp toàn chăm chăm chửi mẹ nhung mà khong biết những người lí trí nhìn ra bọn du khách nước ngoài trên máy bay đó cũng mang mầm bệnh:))) ngu xuẩn thật:)),1
con beat căng :))) ditnhauhong,1
chúng khong chửi thì còn lâu mới ló mặt ra xin lỗi emoji,0
không phải tụi nó sợ mà tụi nó thù dai. vì tụi nó là lũ sức sinh.,1
có 2 đứa con gái rồi vẫn mong có 1 thằng cu dễ thương như tùng sói,0
xạo lồn mày bú lồn nhiều quá nên ngáo hả thằng chó,1
tào lao trầng dầng .... trồng răng đi cha trước khi lên show ... tàu lao ....kk,0
có ba giàu nhỉ.vay sao có ba con lừa bịp cua cô hieu mấy trăm triệu vậy? à nè cô bà ơi.net đẹp của cô khong dụng hàng ai luôn đó.ah phải gọi là giống công công hơn.haha. chắc bà này bà quên uống thuốc rồi cả nhà ơi.khung hết thuốc chữa đồ thần kinh,1
kết quả là tôi bị vợ chửi vì mãi cắm đầu vào điện thoại.,0
haha từ hồi tớ thấy hình diễn viên hài công lý đc in trên sách luật. tớ chợt hiểu ngay ý nghĩa của bộ giáo dục muốn truyền tải thông tin. pháp luật là thể loại hài hước :v. sợ rừng rú quá đi thôi,1
hoàng anh đỗ h thì bố nghĩ hồi hộp hay háo hức đây emoji emoji,0
đm biết cái gương đó là tiền ai mua không mà dám cắt )) đm thằng nào cắt kính,1
không còn gì để nói cho thành phần này nên cho cách ly khỏi xã hội loài người càng lâu càng tốt.,1
đề dễ quá hay sao mà năm nay nhiều thí sinh điểm cao ngất ngưỡng,0
mỗi câu nói một câu ditme :)) tưởng thế là hay tưởng thế là ngầu emoji khẩu nghiệp vãi l,1
thật nực cười sai phạm tày trời vẩn leo cao đến chóp bu chỉ đến khi muốn hạ bệ nhau thì tội trạng mới đc lôi ra xử lý . thiệt hại cho nd hàng bao ngàn tỉ rồi lại chỉ cảnh cáo cắt chức về vườn an toàn thế là xong .!!!,1
"ma túy đã biến con người thành ma,thành quỷ dữ.",1
"đu me mây cho vay tiên gop ma noi lam tư thiên, bơt sao lôn đi minh hiêu toi mây ăn chăn tiên tư thiên thi đung hơn",1
có ai có fb đứa em xinh đôi của anh ba cho mình xin với,0
"nước sông chảy mạnh, quá nguy hiểm, cầu cho các bé luôn bình an",0
cổ động viên quảng ninh nhưng rất thích chất cổ động viên hải phòng emoji,0
mừng quá! cứ đọc âm tính với không lây nhiễm là thấy vui trong lòng,0
"một ông bố tuyệt vời, chúc anh và con anh có nhiều sức khỏe",0
trông đại gia ngồi nhìn như thằng công nhân emoji emoji,0
"lũ chó , bán nước hại dân",1
đang ngó ngó nó thả cho quả boom khả năng đen luôn,0
c.a việt nam mà mượn xe cái mẹ gì. mấy ông công an phường ở sg toàn thấy cướp giật là chạy lên lề trốn liền. sài gòn nhiều chốt dân phòng vậy mà ngày nào cũng xảy ra cướp giật mà toàn là hiệp sĩ bắt cướp không à. mấy ông dân phòng chả biết để làm gì nữa.,1
sẵn sàng bán netflix cho những người cần nhé 65k 1 thángg,0
hèn chi bọn công giáo tham gia chính quyền ở mỹ. rồi có cả nhà nước vatican ở rome nữa.amen,1
"ăn trộm 3 con chim của giám đốc sở bị đi tù 7 năm, còn thảm sát cả 1 thế hệ thì không ai sờ đến.",1
":v chuyện quá là bình thường ở cái đất nước này. con đường trước nhà t cũng thế, bị bẻ cong thành gấp khúc vì phải né cái bếp cũ nhà ông cựu phó chủ tịch huyện.",1
quan ngại sâu sắc,1
"không chịu đối mới, không sáng tạo sẽ thất bại!",1
trần thanh khi nào mà m nhắn qua cho t câu đuỹ lone khốn nạn ghê là t hiểu roi đó,1
mưa gió nhhir dell họp,1
làm ăn cẩu thả xem thường tính mạng người tiêu dùng hãy phạt thật nặng,1
"dân hàn ghê thật, cứ y hệt như điện thoại sam sung vậy.",0
"tụi nó cho con cháu sag nc ngoài hết roi nhá , chúng nó khong quan tâm",0
họa từ miệng mà ra,1
ba nay nge noi bu cu chau ba ne,1
phụng lý mày want to eat cake tráng mix hôn one hundred million girl? emoji,0
tóc đẹp lồn lộn vai anh :))) đan xen từ ngữ chất vai,1
the nay ma chi phat gay roi trat tu cong cong thoi a dung la dan minh,0
con này là con bóng dơ cái miệng nó mai mốt khong có cức mà ăn nữa... kk,1
"hãy nói cái thằng cha 21 đó,toàn đi ăn nhà hàng chơi tennis, đi tá lả",0
khi dịch bệnh mà học sinh thpt vẫn học bình thường,0
nhìn hai cái mặt này đã thấy bất nhân rồi,1
"covid nó chỉ né những ai có trách nhiệm, thận trọng, thấy được hậu quả nghiêm trọng.nó sẽ không chừa một ai kể cả nguyên thủ của cường quốc số 1 tg, có nhiều ngàn tỷ đô. thái độ khinh suất, xem thường, covid đều cho nếm trải hậu quả nhãn tiền.",1
hành động vô lương tâm thật!,1
ở đây toàn chó hùa vs ahbp khong...sao khong giỏi ra đứng trước mặt tụi nó mà chửi đi...núp lùm rồi chửi...éo bik nhục!,1
tụi bay sao nỡ cướp miếng cơm của thầy :) mà thầy nói nhưng không làm emoji,0
đêm đã đói ngồi xem anh độ ăn mà cồn cào hết bụng :(((,0
thanh niên chuẩn soái ca.cứ thế mà phát huy nhé...,0
tran manh tiền đâu ăn cua hoàng đế. cá rô đó ng ae,0
"phạm thanh tùng dit_me t cười , rảnh éo chịu",1
bên đà nẵng chắc văn minh hơn nơi khác :)),1
đúng rồi 1 có 2 không đợi đợi cc nhé emoji emoji,1
hằng bắp mình ăn tôm ăn cua thì lo j ăn nhầm mấy con này.,0
"đọc mấy đoạn tôi đã đoán được bà ấy có nghề ! cảm phục, cảm phục!",0
ad nói chiện như cc ngta phò thì đã sao ngta có trộm cướp gì nhà m chưa hả con chó ad ??? m đã xác định đc nghề nghiệp của ta chưa mà chửi chửi thì chửi cho đúng chư đừng thấy sao,1
chả bù cho khong-atm tí nào emoji,1
đi đường quyền solo với chị minh hiếu khong :)))),0
phạm huy đạt đú và thử trải nghiệm dòng nhạc mới nó khác nhau nhé bạn ơi!!!,0
"mã tầm mã ngưu tầm ngưu, mic hứa lèo c1 thì bartomeu cũng hứa lèo với mic.",0
lại thêm một con quỷ đội lốt người.,1
nghe rất đời hư ảo nhưng lại đưa em vào cơn mê :))),0
cơ quan nào cấp giấy chứng nhận và công nhận mẫu mã của bia nhái này?,0
tên ăn hô nói tục... đô trưởng hn...,1
khổ có ai như mh khong. coi mà cứ như chị ấy chửi mh ấy,0
anh em cc,1
djt mẹ.thuyết phục cái lol,1
"với sự tôn trọng nhất, chúc cậu thành công, đối thủ của chúng tôi!",0
trần thanh hà bài này nó hát vài lần c thuộc lâu rồi :)),0
"lâu roi mới xem lại cô, vẫn thích cô. cô dth ghê gớm í",0
cho ra những tấm ảnh đầy tính ấu dâm,1
vậy đủ chậm chưaa đumaa,1
có tâm thế 1 bên là con sam.1 bên là( con)chang bit con gi lun,0
đôi môi này làm sao đủ trình thơm vào má trang :)),0
đúng là con nhà tông không giống lông cụng giống cánh bẩn thực sự ạ emoji,0
"người vn khỏe thật, như phim chuởng ý mới gạt tay nhẹ đã vêu mõm rồi",0
a3 oi a 3 no j nhu luu dan vay a3.giau qua troi jau la dan og muon lm phu nu vay s khong bo tien ra di tham my.cai mat nhu qq ngta.o do no.nhin ng la biet co tien hay khong tien roi.o do no sua nhu cho sua,1
"ông nhật này chắc không biết ở ngoài ấy người ta giỏi ní nuận nắm,.",0
hoàng đức trung phúc thì fuck,1
phải ad gặp ngoài đường . chắc là lao vào ngăn cản hả emoji emoji emoji,0
"muốn nói gì thì nói cao tốc phải đạt 4 làn xe , chiều ngang phải 22 mét",0
"cải tiến chương trình nhiều quá thành ra không còn chuẩn chỉnh nữa. cấp 1 thì học cộng trừ nhân chia thôi, giờ về mở sách con ra thấy làm phép gộp, tách, gôm .... ngay cả người lớn còn ít dùng những từ đó để làm phép toàn hàng ngày thì làm sao tụi nhỏ hiểu.",1
"hl sao không chịu đem tấm bằng khen nsưt ra khè lại đám cu vẹm kia vậy cà, dù sao đi nửa tấm bằng khen cũng do đảng và nhà nước cấp cho mà. còn nếu dám chịu chơi nữa thì diễn kịch với tựa đề đừng tin những gì cu vẹm nói,",1
dị dùm,1
"không có công sinh thì cũng có công dưỡng, nhằm chứ không nhầm đâu!",0
phú nguyễn trc hết phải thâu tóm cáo để có liên minh emoji emoji emoji,0
dit_me tao nói cho tụi thầu nc ngoài xứ tây nhé.. lần sau vào phải có cái gì bôi trơn. nước bọt suông à.. chúng mày ngu lắm....,1
huyen huyen ừ. xét nghiệm lần 1 âm tính rồi. emoji,0
lũ đấy đang ngồi đếm tiền chia chác kiếm dc sau vụ đút lót dã man đấy,1
cứ mỗi mùa đại hội đảng gần kề là lại thi nhau sủa :)))))),1
dân việt nam se không còn nghe 1001 chuyện ăn của quan nếu kéo cổ hết bọn việt cộng ra biển lớn làm bữa thịt người cho cá .,1
khong biết có nhầm không nhưng mà câu trong hình của ai nhỉ?,0
địt mẹ nhà m emoji,1
"năm ngoái thì vườn rau lộc hưng. năm nay tới biên hoà. nếu dân việt nam không đoàn kết, đồng lòng như dân hồng kông. cuối cùng sẽ không có đất để chôn thân. vì cs sẽ giao hết cho tầu cộng rồi hạ cánh an toàn ở nước ngoài. người kế tiếp mất nhà..",1
xã hội chó má vốn khong công bằng,1
"nguyễn thuận không hay thì nói không hay , ý kiến cái đéo gì ?",0
đéo thể cãi được vì anh tôi giống . . . à . gờ đờ ra gon giống anh tôi vai :))),1
chó vàng đéo cắn để rồi thành cầu 2 chiều à :v đm cái gì đúng cái gì sai phải biết chớ .,1
con linh ca vo nay dang bi hien tuong nung lon gio rat nang..dang can bi hiep dam khan cap... ca c ban dong y cho mot like emoji,1
lái xe đưa ông già về quê cẩn thận nha tòi súng emoji emoji,0
tôi bận lắm! thỉnh thoảng ngoi lên cho mọi người biết tôi vẫn ổn,0
t thích m từ lúc m nói sơn tùng mắc bệnh cầm hoa emoji,0
mai anh độ bắt đầu live thì cả bộ tộc chào cờ rồi hát tộc ca :v,0
ông dần là chiến hữu của đào minh quân và li sa phạm...,0
viết cái bài khong chịu tìm hiểu để cho chúng chửi :)),0
đụ mé mình vừa đăng clgt. độ said,1
mau lớn rồi kiếm fuho mà làm chứ ăn cơm với tôm cua alaska khổ lắn con ạ :)))),0
"ông dần là 3 nhưng là 3 zui, khác vs 3 lol kia",1
truy cập vào web của các bác lập ra để check in và kiếm gái :3,0
sáng sớm nay ở quảng ngãi đã có mưa rồi.mong mọi người được an toàn,0
photoshop quá đáng vai :)) mất quả nốt ruồi huyền thoại,0
sang thái ae trong team phẩu thuật nhanh thực sự emoji emoji emoji,0
tôi xin tất cả mọi người hãy thả tuổi thơ cho các bé một cách tự nhiên. đó là lời nguyện cầu chân tình,1
"hoàng linh linh có chị đây roi, khong fai sợ emoji",0
dinh minh tram bỏng ngô đường kế sunday này we meet nhau không homies :)))),0
mặt mũi chj đẹp quá .j cg đẹp..chj đeo nhiều vàng vậy..hơn cả linh loc luôn...,0
"hay học pha thuốc nổ, qua bển du lịch đánh sập đập nhề?!",1
thảo trần đừng nhớ tới t lúc đấy nha emoji emoji emoji,0
mai nguyễn hoa kỳ là nc nào vậy..câu hỏi ngộ nghĩnh quá emoji,0
mặc dù là fan xe nhật nhưng tôi mua thích đi xe hàn hơn,0
"em cún này dũng cảm thật, không sợ ông xã hiểu lầm à ?",0
đi mua ở shop đó chưa mà nói ngta khong shop....hiểu biết nông cạn ghê.,0
con mẹ mày. nói mày là chó thì tội con chó. mày còn thua con chó nữa tịp à,1
cộng thành 3 que thất học muôn đời sủa,1
"vậy mà mở đường bay, kiểm tra nhanh. khong biét có phát hiện đc khong",0
"nhớ mua bcs nha thầy, cẩn thận dính bầu thì lại mệt",0
"trả tự do cho chị toi đi, chị toi cần gì người giám hộ nữa.... please",0
lương lẹo là nghề của búa liềm,1
bán linh hồn và não cho quỷ roi thất vọng làm j )),1
ngu xuẩn nhất nhì là tt mỹ (thơ trần đăng khoa),1
:)) mày tưởng mày ngon à chung??? cơ mà mày ngon thật emoji,0
lại thêm loại khùng,1
"tôi ủng hộ ông trump, mong ông được thêm một nhiệm kỳ nữa",0
"con luôn tin tưởng đảng, nhà nước và nhân dân đồng lòng.",0
"ghê, chảnh choẹ",1
vn chết là vừa.cho dân nó xướng,1
idol giữ gìn sức khỏe cẩn thận nhé không ai tấu hài cho em coi,0
"bất cứ thời đại nào , xã hội nào thì bất hiếu luôn là trọng tội",1
trời ơi! có phải con người không vậy,1
"nền giáo dục phương tây đã dạy gì cho những ai kia . nghĩ nó chán, sang chảnh mà ý thức l0l emoji",1
nguyễn quốc an nhìn như con đười ươi,1
trường giang nói mới tỉnh ra bạn à. chứ đâu ai ác như chị nhung bạn nói chết bh mới là mấy người xung quanh kìa haha.,1
"nhìn quả nghiêm túc, chèn nhạc du dương như này tôi lại không quen tí nào. :)))",0
thôn...làm ! cán bộ thôn...làm !,1
tội nghiệp con này nghiệp nó nặng quá nó chết hết đầu thai,1
"anh cứ viết lên facebook đi, chúng tôi đang chờ vào để chửi anh đây :d",1
dân nghèo xem tin tức thấy thủ tướng nhắn tin sẽ tạm quên đi đói nghèo,0
m bị bắt là đáng roi thằng ad hãm lz.,1
nguyễn thị lệ chi gửi ảnh nhanh để mìn còn đú trend:)),0
"sao toàn vấn đề là tất nhiên, tất nhiên là vấn đề thế! emoji emoji emoji",0
cũng vì tương lai shopping khong nhìn giá mà t mất bà thanh xuân,0
gửi anti fan: kiếm ra được ai có đủ 6 quả bóng vàng rồi nói chuyện.,0
vãi cả 84,1
vũ như quỳnh có nguyễn iris vẫn fan hâm mộ trug thành của highland kìa,0
nguyễn thị duyên vậy thì làm sao vượt qua sóng gió cuộc đời emoji,0
tội hiếp dâm là phải xử thật nặng...,1
con nay nhu con dien,1
có bác cùng đi với cả nước thì khó khăn nào cũng vượt qua đc ạ,0
trần duy emoji emoji ns những j bản thân biết thôi,0
vai anh ơi emoji,1
giáo án cc gì đây,1
toi mà thấy anh lên fb tối nay là biết tay toi nha emoji,0
làm ăn thất đức quá,1
địt con mẹ cnó vẽ rađể ăn chia với nhau ý mà. làm cổng 200ti để tế thằng tổ cnó ah,1
khong lo mang tiếng chết cháy nhưng vẫn chết vì giật :))),0
lon ma m nka,1
lol con điên,1
ô đần không đi hiến kế dập dịch cho tt mỹ à sắp toang rồi.,0
thằng điên.,1
âu cũng là số phận muốn đóng vai thiện nhưng đời xô đẩy ...,0
ông trần dần kết hôn với lisa phạm..(trời sanh một cặp),0
thanh dung vãi cả tên thắm !! mai t đổi tên fb là đậu thắm :)),0
tóm lại là con gái hay trai... emoji emoji emoji ...bực mình vai nhìn hoài khong ra emoji emoji,1
"đã ai thuần , nhốt con bò rừng vào chuồng được chưa !",0
hãy sủa theo cách của bạn!,1
nghe một hồi xong vẫn đ hiểu phụ nữ cần cc gì :((((,1
chán thật đấy. giảm được số mang thai ngoài ý muốn thì tốt.,0
đã tẩy chay nó từ lâu...quân khốn nạn,1
thằng assmin nhãm shitt...đành rằng page này là chửi. nhưng mày là assmin thì chỉ nên viết gợi ý thôi...để mem nó chửi...mày dành chửi kiểu đó thì chơi thế đéo nào...,1
dc thực sự a ơi mãi hp đến răng long đầu bạc a ơi,0
khịa pew vai,1
phương hà ng le yen ngoc khánh vy xin phép tag mấy người chị của em nha,0
"dit_me, nó giàu nó mặc như lol người ta bảo đẹp:))",1
"mong nhà tiên tri luôn luôn khỏe mạnh, tránh được dịch bệnh.",0
vĩnh khang giống vai khác mỗi cái mình và cái mặt,0
dẫu như thế nào vẫn ủng hộ bóng đá đức và bayern munich,0
bắt được đừng chữa nhốt vào cho chết luôn...loại này đừng để đẻ trứng!!!,1
chửi ý nghĩa đấy nhưng đéo xoay chuyển đc j khi nào dân đéo ngán nữa thì ắt có mùa xuân,1
tao địt cần biết thằng lồn nào nghe máy trộm,1
cô ba giàu quá à con mà được một phần nhỏ mong tay thì con đó khổ quá co ơi,0
mình hỏi thử tý haa bạn mc nam này có phải hai phái khong hii,0
há há...thấy cuốc chưởng.tiên sư dần đần tấu hài là vui roài..,0
nguyễn đức thắngg đc tấm hình chủ tịch đẹp thế emoji_love,0
thời này khó lật lắm ... cônd nhận trang này ý nghĩa,0
venezuela - miền đất sinh ra những hoa hậu tuyệt vời.,0
bích đú...,1
"chưa thử lon xách tay bao h,có thì ới emoji",1
"chừng nào dlv viên còn, núi nước này còn ! :3 -t ngu-",0
ác quỷ cả hình hài lẫn tâm hồn emoji,1
"vff đang bận công chuyện rồi, thiết nghĩ năm nay mà bóng đá nữ mà giành vàng thì chớ có cho mấy lão vff đi nhờ chuyên cơ để ăn hôi như kỳ seagames trước ))",1
chứ hàng thiệt kiểu gì mua mấy trăm nghìn rồi còn tặng thêm 1 chai )),0
không phận cái đcmm thg ad ngu như chó,1
nghe thì thuyết phục nhưng khi đọc lại thì rất thuyết phục :))),0
hảo đen có cl ý :)),1
cá tràu lóc này thịt cực kì thơm ngon. chế món gì cũng rất thơm.,0
hết nhanh như chớp h qua thách thức danh hài :)))) thầy ăn nhìu giải nhỉ :0,0
"hiểu pê đê nhục, miệng sửa như chó, đầu ngu như bò, bạn thân bóng vàng mã dơ kk",1
"cs cha , cs con , rận cha, rận con ...ai đúng ai sai thì cũng chỉ là mỗi người nghe từ 1 phía,đéo có gì là minh bạch. kẻ thắng làm vua, thế thôi !",1
loại viết chính tả còn không rành còn đòi bàn chính trị . ngu dốt thất học.,1
lì lợm thật :(,1
"lại quá chuẩn luôn, múp múp như này là ngon emoji",0
làm người không muốn cứ thích làm bù nhìn,1
tủnn tủnn trẩu,1
khong có lương nên khong hi vọng nên sẽ khong phải thất vọng ;)))))))),0
đme vẫn là vô ý thức emoji,1
thùy trang nghe chưa dc 15s tắt cmnr nhạc vs nhẽo,1
dkm cá chết là do khong biết bơi nhá đỏ đo cái lon què,1
"pháo thủ đang dần dần tìm lại được chính mình, chúc mừng arsenal.",0
trung quốc thì nói mẹ trung quốc đi bày đặt china chi nủng. đang nói tiếng việt hay tiếng anh,1
bị tai nạn giao thông trong đồn c.a chứ.,1
"altis 2011,2012 giá 370 đến 400tr, đi ổn, không có gì để hỏng.",0
"cá sấu nào cũng như ri thì sao gọi là sấu được! chưa làm hại ai, thật tuyệt!",0
a sinh ra và nớn nên ở vùng quê cao bằng dấu yêu :3,0
"toi nghĩ là xe merc sẽ có camera hành trình phía sau lưu lại xe nào quay được cảnh này. tội cắt ghép clip này là bôi nhọ lãnh đạo, vu khống, xuyên tạc chứ ít gì.",1
nước hoa đểu lấy đâu ra xịn :))) hot girl méo gì nhìn xấu vai thề :))),1
moá.,1
"hoàng xuân tâm mắc cưòi quá haha , cmt này thật hài hước ??",0
hà trúc nghe có vẻ vô phục nhưng lại rất thuyết lý :)),0
7 tiền án tiền sự.tái phạm có tổ chức.đề nghị xử nghiêm cho ở hẳn trong tù,0
zấn đề là mình phải ở chong nhà... mún đi đâu thì phải đi..,0
"của bà này chuyển giới hả moi_nguoi , xin hỏi ngu",0
"dịch bệnh không đáng sợ bằng ý thức, đạo đức của một số người emoji",0
ủng hộ trump tái đắc cử tổng thống. biden rớt hạng,0
mỗi ngày một niềm vui và đây thật sự là niềm vui lớn nhất,0
"chất lượng các bài viết càng ngày càng tệ , nội dung bài viết chỉ mang tính hậm hực , trẻ trâu . nói chung càng ngày càng tệ .",1
dương hiếu dit_me,1
mất chất bmw rồi.,1
"bò bison này phải cho gặp trâu việt nam, có mà khóc thét.",0
đây là fir :v đéo phả không phận :v ngu thì cũng vừa vừa phai phải thôi chứ :v,1
tuyệt vời. xin chúc mừng các bệnh nhân và đội ngũ y bác sỹ!,0
mcdn48 na kute làm cái talkshow chắc cháy vé luôn quá,0
anh nghị trẻ việt cộng emoji emoji emoji emoji emoji emoji,1
cs toàn bọn nói láo,1
đời vô thường lắm..sống phải tu tâm tích đức cô oi..khẩu nghiệp quá cô ơi,0
họ bị mù mà !!! tiền che hàng cave đi rồi chúng cơ quan thiểu năng khong thấy đâu,1
mua sắt vụn về làm phương tiện chiến đấu! đắng lòng,1
ác quá ác ! cho tù khổ sai cho nhớ !,1
sói said: daddy finger where are you? here i am! )),0
zấn đề mà tiếc ziên mà tiếc ziên là coi như mà tiếc ziên,0
lua dao nhung nguoi nhe long .lua dao cac dan mang . ve vn la may chet me do con be de cho nhu may se qua bao,1
ở mức tạm đc nhưng thích chị nữ chính aww cong vc,0
học công nghệ sản xuất kem chống nhục và phẫu thuật cắt dây thần kinh xấu hổ,1
tóc như kia chỉ có chị trang đổ thôi chứ ai đổ nổi emoji,0
"như thường lệ, lũ dư lợn viên sẽ vờ như không biết gì :v",0
khong phải khen chứ phim dỡ vai,1
3 1 triệu sub cho abe 3 đồng hành cùng em sau bao ngày cà khịa thầy 3,0
té ra nó là thừng mặt heo à.:)),1
nên thi chứng chỉ để chọn người giỏi thực sự để chữa chuyên sâu về bệnh đó,0
"dạy theo sách, giáo viên nào dám tự ý nâng cao độ khó vậy? một bộ sách thì giá hơn 200k, giờ 5-6 bộ sách cạnh tranh nhau mà giá 800k. không thể tin nổi.",1
ngồi nghe roi tự mỉm cười emoji_love tự hào emoji_love,0
"mình thích ăn kem của jollibee, lotte thì kem không ngon bằng :-)",0
đức mạnh cứng clmm,1
vậy là anh muốn vô quan tài ở hả,1
"link facebook anh trần văn xuân nè , mọi người qua tham khảo nha",0
trần ngọc duy nơi anh bước chân đến khong 1 ai dám cản bước a đi. kk,0
thứ ngu như m nói chuyện mất tg...đi học lại lớp mẫu giáo đi,1
quả tóc trông khác nào nhúm cần cỏ không :((( hỏng hết chú tôi,0
hát như cái đb v,1
"dragon soul gì chứ, gọi là tucson soul mới đúng. đến chán với xe tq, hết thời nhái xe sang rồi đến giờ lại nhái xe bình dân, hãng xe thì lắm tiền sao không đầu tư tiền bạc vẽ ra thiết kế đặc trưng của hãng mình như vinfast, nhìn không lẫn vào đâu được.",1
tâm sự của đứa gầy đã béo thành công trong vòng 1 tháng emoji .,0
phi hùng uhm rồi khong bik tiếp xúc ai rồi lây ai nữa khong,0
đhs mình khong tìm đc bộ tộc mixigaming để tham gia :(((,0
quan ngại :)) mà dân sắp đéo ngại đâu (y),1
2 thím kia mắt có bị làm sao khong -.- có thấy chửi câu nào chưa,0
khúc hương giang hông biết nữa. đi alone á. được thì gặp,0
lại là con ml nhung rồi,1
hn thu nguyên nhìu cái siêu z mà thíu cái siêu thoát thì phải emoji emoji,1
như có bác sèo trong ngày vui đại thắng .,1
hy vọng sau này không bị bắt nộp phí sử dụng vỉa hè,0
tú nguyễn nước hoa mà tính vài trăm ngàn thì lấy đâu ra loại tốt b.,0
"chào bạn! mình biết bạn đấy, 2 năm trước mình cũng giống bạn.",0
moé chiều nay vừa đi tập gần đấy xong emoji emoji,0
hi vọng buổi tập huấn diễn ra thành công mặc dù có sự xuất hiện của thầy !,0
noi vậy phãi làm sao cho khong còn răng để nói đừng làm gì khác chỉ làm thôi,1
hoag sa truog sa la kua trug quoc rui ma,1
không có thể tha thứ được không có chấp nhận được,0
khổ thân a. nhìn mặt a e thấy ngột ngạt roi á,1
bạn này có não không ???,1
cố lên nào anh em! phải có cái đầu lạnh. quyết đoán - tự tin - may mắn,0
con bóng này vào làm gì me bóng,1
trong cái rủi có cái may vn cố lên nhất định thắng dịch bệnh,0
bac leroi nam tungson 500ae gọi 2 cao thủ võ lâm này về tương trợ miền trung,0
chị trang điểm kiểu này nhìn cứ như gái 18 luôn á ta,0
cảm ơn thầy cô vì đều đặn làm video mỗi ngày gửi tới mọi ng.,0
tr ơi !hãy uống nữa đi cho một giọt nước đái nghe đắng cay trong quần,1
ditme nẫu ruộtt,1
"được anh ưi, lâu rồi không nghe phúc du rap emoji",0
"có một sự tồn tại của đàn bò mang tên cực kỳ thuyết phục , có sở thích là nhai đi nhai lại, mục đích của chúng trên hành tinh này vẫn chưa có lời giải đáp, theo như các nhà động vật học cho biết loài bò này có lối sống hoang dâm trụy lạc,",1
thiếu mỗi cái offical mv độ tộc nữa thì hợp lí vll,0
đào thị thu ui thế á. sang dọn nhà hộ mình bạn ơi. emoji,0
"đặng bảo tào lao, nhạc trước giờ cũng jack nó sáng tác chứ có cái đb mà liên quan kicm, bài hồng nhan trước đó chắc có cứt tên kicm trong đó",1
đinh phước tao nói mày xàm lồn nhai lại như máy con bò dưới quê t thì đ ai bênh m đâu,1
"đề nghị 17, 22,23,32 đến phà vài hơi vào mẹt tk này để nó đi cách ly thế giới hẳn đi.",1
ở việt nam là ra cailozcatkhong roii đó,1
cháu còn nhỏ đừng xạo lon theo bố cháu nhé tùng,1
nhìn hài vailon anh emoji,1
chị ba sống lang thang ngoài đường tội chị ba qúa,1
"xem cuộc tranh luận của 2 ông này tôi chỉ có thể nói là : thật không thể tin nổicuộc tranh luận này ngang cuộc tranh luận cãi vã nhauchả có trọng tâm gì trong đó mà chỉ là chèn họng , công kích nhau",1
thế là paris by night của thúy nga có thêm thành viên mới rồi,0
đá với bayen còn thua sấp mật vốn chi đại gia cheta.si thì thế thôi,0
con mẹ nó,1
má fong rộng z ma la ngột ngạt me nó,1
"chịu khó đọc báo dùm. tiền xây tượng do dân địa phương đóng góp. nguyên nhân tháo dở là do xây dựg khong xin phép cơ quan sở tại. vải lại đag trong quá trình xây dựng nhé. khong lẻ mấy lủ ngu các người xây nhà kiểu âu mỹ mà khong xin phép,",1
già đầu mà non quá :)))),1
quan va. dan nhu nhau phai ton trong phap luat. khong thuen vi mot ai?,0
tụi mình có ở trển đâu mà biết người ta thế nào...,0
nguyễn văn nhạc đã thưởng nhạc của nguyễn văn thạo,0
hi vọng trump làm thêm 1 nhiệm kì tổng thống mĩ nữa.,0
thắng m khong về sớm thì ở ngoài đó luôn đi emoji,0
thời gian ủ bệnh lên tới 14 ngày khả năng cao vẫn phải cách li theo dõi thêm,0
còn đó nó bị nứng lồn rồi nên nó chọc ng ta,1
sao trung tâm thuy nga không mời ông này làm diễn viên hài nhỉ !!!,0
ở nhà rồi ăn gì anh? phải ra ngoài đi làm mới có tiền chứ,0
loằng ngoằng thì được cái éo gì mà ông thích loằng ngoằng thế. : lạ vai,1
đệt cmm emoji,1
trump mà thắng bầu cử nước mỹ sẽ đi xuống,1
"thì kệ qh chứ ,quan tâm đến chuyện tc ngta làm gì",0
"cô iu quá dễ thương, ứng đáng đoạt giải hoa hậu ứng xử",0
noi tum lai hai thang đều ngu,1
chửi xong rồi khóc như chó năn nỉ công đồng,1
cái mặt trông như côn đồ vậy .,1
mong rằng sẽ có 1 bản án thích đáng với những gì y đã gây ra.,0
"tôi không đồng ý hành vi giao cấu. mấy cháu nó nhỏ và nó rất sợ ép nó bằng vũ lực hoặc về tinh thần mới thực hiện được, phải là tội hiếp dâm nhiều lần.",1
cc,1
"cần gì tâm sự, làm ván pubg roi đi ngủ sớm chuẩn bị đón chờ ngày mai khoẻ khoắn",0
bả không biết người ta mà bả chửi như đúng rồi dị á. mãi mãi fan cô hiếu,0
ad lại chẳng biết cc j rồi. tiền thuế cno lấy của ad đâu bằng tiền cúng của tụi giang hồ,1
dạy bơi cho cá. bơi thì đương nhiên nó bơi được vì nó là cá. làm sao cho nó sống được mới là điều người dân đang quan tâm.,1
kinh...,1
"ấy mới đầu mùa, không khéo si sẽ có cúp, sướng cules nhỉ",0
vậy người hút mà trong người đó có 2bao có bị phạt khong?,0
nhìn mà muốn vuốt chim vc ((((:,1
nguyễn huỳnh thanh như hqua quên chụp kiểu này nè má emoji,0
cũng là 1tr nhưng là 1tr like và dislike. haizz âu cũng là cái số,0
"cái cách nói chuyện của bà này rất khó nghe. nói dài dòng mà toàn nói linh tinh trên trời dưới biển gì đâu, chẳng nói vào đúng trọng tâm gì",1
"sản phẩm mới nói chung chưa hợp tai lắm , vẫn thích khi cùng team với jombie",0
đéo tin.chả nhẽ nó để lộ liễu như thế này á hả,1
có anh đến nhà nó chúc mừng nó để nó biết khong có nó mik vẫn sống tốt anh ạ!,0
dit_me vô cách ly chứ có phải sống trong lâu đài đâu muốn dc sung sướng..ngta còn phải phục vụ cơm cho ăn tận miệng còn cà chớn ..muốn m sống mới cách ly chứ muốn m chết đã kệ mẹ rồi m,1
sao khong làm nhạc vui vẻ tí à sao thấy mang tính chất cổ cậy,0
tên loài sinh vật lạ :dư luận viên,1
thằng rách nhiều anti nhờ mấy con đóm sâu bọ đó. đọc cmt bcuoi vai. chúng mày thấy hay thì chúng mày bảo hay. bọn t thấy khong hay thì bảo khong hay. cãi đéo đc lại bảo nta bán ol nên tạo phốt. đéo hiểu,1
đồng nhung chơi với chị nhung 17 có ai nghèo đâu bạn :,0
clm,1
"nguyễn tuấn hiệp , nhưng thực sự nhạc nhẽo đéo nghe nổi hết 1phút ))))",1
thằng đầu bò,1
con mẹ mày. nhạ ơi. nhòm vào bữa cơm 25k của các cháu trường tiểu học hạp lĩnh. tp bắc ninh xem mày có đớp đc khong,1
cô ba sạo lồn quá,1
huỳnh chí tính clmm chổng mông lên,1
trương duy lz mẹ,1
ủa sao con chó nhà mình nó kêu vậy khi bị nhốt trong nhà một mình nè!,0
ae chuẩn bị đón nhận nút bạc nhanh nhất của sờ chim mơ ba rọi béo đi,0
nếu các cô ấy không can ngăn hay bảo vệ cháu bé khi có mặt lúc đó thì các cô ấy đáng bị xã hội lên án. chứ đình chỉ công tác cái gì?,1
tội nghiệp con. nhưng tỉ lệ sốc phản vệ là có . chỉ không may khi vào bé.,0
đọc tới đâu nổi da gà đến đó. hoan hô các chú cảnh sát hình sự.,0
đmm 1 5,1
"hong biết dùng có hiệu quả khong, nghe đồn là tốt",0
trường hợp này ngay cả con người cũng không phải ngoại lệ!,0
đáng yêu quá cô hiếu ơi. xem cười muốn nín thở luôn hà. mến cô lắm,0
phản động là nói lên sự thật,1
kỹ năng sinh tồn ngáo đá hả bạn có làm j bn chưa mà chửi người ta,1
cho ông độ vào bắn có phải anh em được về nhà nghỉ ngơi sớm hơn khong )))),0
"cháy kiểu gì mà khủng khiếp, khong thấy lửa mà toàn là khói!",0
sao có loại người bố ác độc thế? cần xử nghiêm tên này,1
xin tộc trưởng hãy đưa lợn nghiệp vụ xeme hiếu lợn ra trận đi :)),0
38:47 . đúng rồi mấy người nổi tiếng do live câu like câu view là khong lâu dài . bé đang chửi chị bạn linda của bé đó . bởi ta nói lời nói nhanh hơn não là biết con người ntn . miệng thì nói khong đụng tới ai mà nói chuyện trên đầu cha người ta .,1
thoi dai gi ma dan ba con gai an noi vo duyen qua a,0
e cũng mong được như mấy ông lương 7 8 triệu :)))),0
thằng mặt l này đi trên đường tưởng thần kinh đấy,1
"mong các nạn nhân sớm hồi phục,cty phải hỗ trợ hoàn toàn cho họ.",0
"sao bác khong ra showroom đk lái thử xem thế nào, thích chiếc nào chọn chiếc đó",0
"bạn nào điểm thấp cần nâng thì liên hệ mình ngay nhé, mình photoshop cho",0
anh tôi pr tăng thu nhập để mua sữa cho tùng sói đây mà,0
1 lũ sâu mọt hại nuớc hại dân. lũ này chỉ có đem xử bắn,1
ad lại sủa,1
"nó học cách của thằng anh nó đó , hèn , khốn nạn",1
ngọc tâm lúc trước tưởng thật coi.con giờ huy đăng ký kênh luon.éo coi nữa,0
chắc hôm nọ ăn nhà hàng hết riền mia bo rồi emoji,0
tao lại dưới lon tao lại lên .kk,1
bây giờ biết thằng mặt heo là ai rồi,1
chửi có khiếu ak. mặt rất chi bình tĩnh. chữ nào ra chữ đó,0
"mình cũng muốn đẹp lắm, nhưng sợ tuong lại bị bệnh ung thư,",0
mui ba nay sua nhin ghe qua ma oi. haizz,1
nếu đi không ra tay thì sau này ai nói thạnh không giết đi . côn đồ vẫn là côn đồ còn có súng nữa rồi trong 11 năm đó ai nuôi con anh đi,1
thân? chửi học trò như 1 con chó... thương cái lồl..,1
"chị nói quên một câu,,con ruột của diêm vương,,mai mốt ổng gọi về hầu ổng,,,",0
làm đéo j có vụ đó. địt mẹ ăn hết rùi chả lại vậy là song ak,1
đài loan chửi láo quá thì an tâm nhé khong ai đánh đập đâu mà mấy nghìn quả trứng vào nhà luôn. các bạn nào gần nhà linh cá lóc cho mấy nghìn quả trứng vô nhà nó cho nó biết thế nào là lễ độ.,1
"á đù bệnh tâm thần mà cho làm trung tá mới hay,hèn gì bọn đảng cs toàn là một lủ tâm thần nhưng hám của.",1
nhìn hình mừng hụt ! tưởng nổi loạn tới nơi....ai dè!,0
hóng link vào đây là em gái ngon ngọt nc,1
hàm ông này là ông nào mà bodoi vậy,1
hải yến đéo care cmt ăn lốn màu à con điên,1
"học dối - học giả...kiến thức nông cạn, phát biểu nông nỗi!...japan technology thương hiệu toàn cầu mà đi chê bai !!!... làm ảnh hưởng đến quan hệ hữu nghị hợp tác với đối tác nhật bản...ai làm được việc- người ấy có lý!!!...",1
giá như lúc này t đc về nhà và ăn bữa cơm vs bame,0
em oi ..con linh dai loan no co nhô? lông dai cua em chua ma em lai lên xi gon kiêm no con nua?..lam nhu em co bao nhiêu vang lây ra deo hêt hay sao vây ???..dzom giông vang gia?..nhin den thui lui ha ..,1
hoàng nhims sợ virus corona ô ạ emoji emoji emoji,0
trí thông minh không bằng đc người nhật! nhưng mưu mô xảo trá thì có thừa,1
cút,1
vui lo ng tien tri khi na o ong tran da n chet ?,1
đây là bạn thân của vũ khắc tiệp mọi ngừoi ạ.nên ý thức nó cũng y vậy,1
chỉ cho một chieu the máy bay riêng trở quá italy o cho thoi mái,0
"phim khi trái đất ngừng quay không thấy nhắc, phim đó hay mà",0
không còn là người nữa rồi !,1
lần trc bị hỏng silicon nên đi nạo ..bi h phải đơ roi ..nhưng vẫn đẹp,0
như buồi thầy ạ :)),1
chị chan mặc bikini ngon vailon ))))),1
tập đoàn mang tiếng là tư nhân nhưng nó là sân sau của bọn chóp bu cs.,1
thu hồi bằng do lỗi nhà trường thì có trả lại tiền học phí cho người ta không,0
ủa sao khong để fb đi có gì lên fb viết hả anh tiệp ơi,0
"coi cười muốn xỉu, cười mà khan cổ họng luôn rồi. emoji",0
con linh này nó khong biết nhục sao mà còn đua cái mặt lên cà..,1
"tôi , một người mỹ gốc việt , rất yêu quý ông joe biden và sẽ bầu cho ông ấy",0
"chế độ tốt sinh ra con người tốt . hết xả súng da đen , trẻ em , cs mỹ lại làm 3 cái trò này ..",1
hòm đang chờ e,1
sang itali hay london mà cách ly cho đỡ ngột ngạt :)),0
thầy tao bảo cái này đem ra biển đưa xuống 15m là bejp,0
thằng hiệp nói gì sai à? chú ta nói đúng đấy chứ?,0
cái đám chết chạy đấy thì nó ghét cs đến xương tuỷ còn gửi tiền về? gửi đc bn khi làm nail culi lo cuộc sống chưa xong dư dả quá ha :)) còn việt kiều thành đạt kiếm tiền còn gửi về tổ quốc thì chắc chắn khong có time mà lên fb share 3 cái tin rồi chửi ch,1
em rất mong các a có 1 ngày thi đấu thật tốt vào ngày mai,0
không hiểu sao chứ nhìn chỗ này thấy cute vai emoji,0
chuong tring nay riet roi khong co viec lam nen moi nhung thanh phan tao lao de dua len song.......nhung thanh phan len mang xa hoi chui rua........tao lao....thay giau bac hoan la ho......,1
biết thế là đc roi. dẫu sao cũng nhắc nhở a e là. đọc thôi cái gì cần nói hãy nói. cái thằng admin kia nó khong hiểu vđề gì phán ng này là chó ng kia là chó. nó lại hiểu đc tiếng chó :-?...,1
cả châu á dồn lại cũng chỉ bằng một nữa của mỹ. ghê thiệt.,0
với 300tr khéo bạn còn mua được xe đời cao hơn ấy chứ,0
an dau buoi ...an cut,1
tận cùng tội ác - chính là đây !phải cách ly ngay - lũ mặt dầyđang tâm đối xử con và cháucho tù rũ xác hai đứa bây !,1
:v đồ đó bằng inox chắc cũng bán dc vài chục cho mấy ẻm cạp ấy mà :v,0
ngoài thị trường vẫn còn vô số thứ hàng hóa nhái kiểu như này vẫn tồn tại.,0
con mèo nhà mình thì có sở thích khác các bác ạ emoji,0
tội cho má nó...nghe nó nói vầy đau l... phải biết !,1
kinh khủng! dự tính 9h35 chạm trán thì 9h34 họ gặp nhau.,0
im mẹ i,1
may đi ở trọ và làm giúp việc có ngon gì mà nói phách,0
"mình thấy có nhiều người ủng hộ trump lấn át biden, trong khi trump đã hết quyền nói. vậy bạn có ủng hộ bàn thắng được ghi vào sau khi trọng tài đã thổi còi kết thúc trận đúng. khi vào một cuộc chơi bạn phải chấp nhận luật lệ,",1
ô nói hay quá. giọng nỏi rất khoẻ. con kính chúc ô. sống vui sống khoẻ. là ok.,0
bóng dơ bóng bẩn bóng thúi,1
mày đéo xứng đáng làm người dân nam định,1
"anti toàn lôi cái kq 8-2 ra nói nhưng mà kiểu cáo mượn oai hùm barca thua thì cũng thua bayern chứ si đối đầu trực tiếp với cr7 toàn vả sấp mặt 3-0, 5-2 vs 5-0 thì lấp liếm chẳng dám nói ra.",1
thằng ad chắc theo công giáo nên suốt ngày thiên đường,1
mở bay quốc tế thì không thể tránh khỏi làn sóng covid lần thứ ba. thật,0
ông già tôi lại quảng cáo đấy moi_nguoi ạ 3 mua ủng hộ cho con mua sữa nhé :v,0
tôi có 2 cháu trai. hiện đang mong có 1 bé gái nữa thế mà cái tên khốn này...khong nuôi được để tôi nuôi.,1
ta lại ngồi đếm số ngày không lây nhiễm cộng đồng!,0
thật kinh tởm!,1
nguyễn minh bo cua ngọc trinh corona,1
đeo hiểu hai ngừoi phế nhất team thì sống emoji ???,0
đi mỹ gởi đô âm phủ về ai có nhận nhắn vào líp nghe nội muốn ói,0
"thừa hưởng truyền thống từ mẹ thôi mà, kaka mà riêng gì nhật đâu",0
"lúc này thanh niên nóng tánh quá , mâu thuẩn một chút là vác dao đâm chết người .",1
"a ku lộc khong phải nó thì là ai, đến bh còn bảo khong phải do nó. khai gian dối để qua cửa kiểm soát là tội đồ lớn rồi. làm gì dễ có chuyện gần như cả khoang hạng thương gia lây như thế",1
"em trao cho anh con bạck thủ, chúc anh thi tốt vào bờ :))",0
học chôn chất thải độc hại gần nguồn nước cho dân dùng nữa nha,1
phải chăng đây là lý do ông này khong muốn cách ly .)),0
hải yến có câu nói là ( khong thích nhìn đéo ai bắt xem ),1
đjtme đỉnh thật sự,1
đơn giản vì mấy đứa kia ăn tiền thuế của dân thì nó phải nai lưng ra làm vì đó là trách nhiệm. còn a a là người làm vì tâm không vì tầm. thì so sánh thế đéo nào dc add nhể.,1
cạn lời với loại yêu râu xanh này. quả báo hiện tiền.,1
sao cái bọn tìm hiểu qh theo dõi ai nó rảnh vai thế nhỉ,1
tên côn đồ chứ không phải tên hùng đâu nhé.,1
con này vừa xấu người vừa xấu nết khẩu nghiệp nó lại nặng nữa chứ,1
ghi ta t mắc ỉ4 everywhere đi đâu cũng mắc ẻ mà gặp mấy này ôi thôi emoji,0
dòng họ cao sang mà có ng bị vậy khong tiền để trị bệnh tội ghê.,1
deo vang bong khg vay me bong bu cat cho,1
cho nó rít vài bi cần là nó ngoan vai luôn,1
như một con điên...,1
"khi quay lại sẽ tốt hơn , vì học hỏi được cái hay của nước ngoài",0
đm lần đầu tiên bố địt vào mày ad ạ.,1
ý thức kb so sánh với cái thứ rác rưởi gì luôn emoji emoji,1
ảnh này ở video superheroo nghe buồn não ruột -__-,0
"chuyện đéo đâu xa về đạo đức mấy thằng chó công an giao thông:sáng nãy e đi tiễn mấy thằng bạn đi lính..bọn giao thông đi dẹp đường nó cầm gậy sắt vừa vụt vừa chửi dân như con bố mày đập chết cụ mày giờ,địt cụ mày mình đéo ngờ luôn đấy",1
nguyen phuong hoàng linh tuấn anh lê tuan anh trần hạnh 30 lại đoàn tụ:),0
tự nhiên sáng ra xem tài khoản thấy bài bỗng nhiên muốn khóc ha ...,0
"đúng là 1 cái chết thật lãn xẹt,đã chia tay xong rồi thì người cũ hạnh phúc chỉ nên chúc mừng!",1
máu lạnh,1
"đi 6 tháng trừ đc 6 roi, mà đánh chưa đủ sao không quy đổi số roi còn lại qua số tháng ngồi tù đi. luật nhẹ thế thì tội phạm món này vao là phải.",1
cảm ơn anh đã truyền đạt những điều tốt đẹp cho em,0
"hay, đọc mấy bài phá án này công nhận cảnh sát giỏi thật.",0
toàn bọn vô công rồi nghề ngồi sủa ăn lương tháng chứ vinh quang gì? bản thân hiểu rõ hơn ai hết nhưng vì đồng tiền bát gạo nên vẫn cứ đi cắn sủa vậy đó. tôi chỉ quan tâm sự thật chứ mấy loại này riết chán chẳng thèm phản biện emoji,1
e chỉ tin bộ y tế. bộ y tế đã nhắn như này rồi còn chối cãi thế nào,0
phạm văn lộc vãi lol lộc,1
yai thương ai ct ai quyền của họ . xoi mói tào lao,0
thay ngu,1
số phận của người hiến máu sẽ y chang anh dúi dưới đây:)),0
cô hiếu nói chuyện thiệt tình quá thấy thương ghê.,0
so với tên tuổi em ấy thời đó thì 500 triệu 2 tháng vẫn là ít,0
ở đà nẵng hiện tại mưa rất to và gió lớn từ 12h đêm hôm qua đến giờ.,0
sàm sàm sàm sàm,1
"mới chích ngừa phải cho bé ở nhà, theo dõi, xin chia buồn cùng gia dinh",0
mình chắc tháng ăn 1 lần cho bọn trẻ con thay đổi khẩu vị.,0
snoop dogg rap: nhìn vào gucci của tôi là khoảng thời gian đó,0
gần toàn gái xinh mà hành xử kém quá.,1
giọt nước tràn ly đi.. hãy ra nhiều luật vice lone hơn nữa. tôi ủng hộ,1
"chó nhà em không cắn đâu nha, mà nó đứng lên rồi đấm luôn!",0
đừng buồn trung ơi đừng khóc đa có sena ở đây rồi emoji,0
hết đường về nước lại phản động rồi emoji emoji emoji,0
trương duy khong mvp đội mình thì là mvp của đội bạn :))),0
"anh ơi khỏi xin lỗi, em đổi bỉm lấy dao của anh nè!!",0
tàu khựa tao thù đục nước,1
đm thầy nhớ thấy lol,1
duy đăng sợ quá moi_nguoi ạ . e sợ nên tăng 2 kí cho đỡ sợ huhu,0
nguyễn kim chuẩn bị được buff cực mạnh rồi nam nguyen,0
ad não ngắn vai... đó chỉ là fb giả lợi dụng trường hợp con bé mỹ linh kia để câu like page thôi. ngu lắm ad ạ!!,1
đồ dã man,1
ảo tưởng vãi lồnn,1
công nghệ tự động quá tuyệt hảo. việt nam cũng sẽ như thế.,0
"em ơi đi chốn với anh , mình cùng đi đến mộ cỏ mọc xanh ))",0
minh hoàng nuôi cá trồng rau rồi ai live cho xem emoji emoji,0
khi bạn là tộc trưởng nói cái gì tụi nhỏ cũng tin :)),0
tạ vẫn còn nặng lắm nhưng cũng chúc mừng bà xã có thêm chiếc cúp liên hạng 3 3,0
ý thức ncc,1
"á há há , army không ai giành giải best reaction của mấy mẻ đâu mà la dữ )))",0
"cai miệng nhìn co duyên, chưởi ,nhung nhìn cai miệng co duyen",0
bọn cấp cao nó bắt đi chứ có muốn đi đâu sợ bỏ mẹ ra,1
xạo lol hk có j vui chúg ta hk nên xạo lol,1
khi nhận vé đặc cách tuyên bố hùng hồn lắm mà sao lại out sớm thế murray?,1
"nó khóc, nó xin lỗi rồi nó lại chửi tiếp . con này nó coi trời bằng vung nhỉ? sao nói mấy tay giang hồ gì đó hỏi thăm nó rồi mà nó có sợ gì đâu ta???",1
pham minh phục lồn .,1
ghét thì ghét nhưng vẫn phải đi ngủ á moi_nguoi :),0
cháu ngoan boác hù đây!,1
"bố thằng ad ngu. thế có cậu du học sinh việt chết ở nhật. gia đình cũng chạy vạy khắp nơi đóng đủ tiền để mang xác về thì sao ? đăng bài nên lắc não trước nhé, hở tý là bỉ bôi",1
cho em liếm lỗ nhị thầy,1
csvn đi đâu chả gây chuyện,1
nay mới được nhìn mặt bác. chúc bác sĩ luôn khoẻ mạnh!!!,0
"tao biết ngay là có quảng cáo trá hình mà, vừa bút vừa thuốc",0
quan trọng là ổng giàu ổng mặc cc gì cũng đúng emoji,1
thới ngọc dương sao thiếu hình của tụi em hê:)) tụi e dẫn đầu xu thế mà hâhha,0
"đjt mẹ dẹp dẹp hết , yêu đương lon gì h này đau đầu vlon",1
a tuân hỏi chu cà mo la gi lam e cười moi_nguoi xỉu,0
omar hà tiên nhìn mặt văn minh sao nói chuyện dân trí thấp thế chú!?,0
biển roi.412 và roi.415 nét đứt được phép lấn làn để vượt không nhỉ?,0
hãy nhớ: con người hơn con vật ở cái ý thức emoji,1
anh ơi cho em hỏi là con mèo nhà anh mua ở đâu vậy ạ :3,0
và top 1 là dành cho thằng tùng nhà tôi thưa quý vị và các bạn,0
sáng nay bầu trôi mình vậy đó. 10h sáng mà như khuya,0
nguyễn long a đã bị trục xuất khỏi hải phòng emoji,0
thầy giáo ba ngu như ba rọi béo :)))),1
đó là lý do tại sao tôi hầu như không ăn đồ hộp !,0
điều làm nên nước mỹ: không ai đứng trên hiến pháp và pháp luật!,0
hình như anh này đóng trong phim đứa trẻ đến từ thiên đường,0
nghe lần đầu thấy khong hay mấy lần sau nghe lại nghiện,0
mình nói đúng khong bạn .làm bộ liệu nếu ae xem ky đúng 5phut30 thì sẽ biết,0
e muốn chơi pubg mà khong có acc. anh chị nào giúp e với,0
"xàm, ăn không rảnh rỗi l, dịch khong giúp đc ai thì thôi còn chửi nhau đăng lên, chụp gạo đồ, trẻ trâu",1
biết được 1 ông anh lên kèo rung khong.o khá chắc tay trên tường cá nhân,0
nhịn tham nhũng sẽ có lợi hơn cho các lãnh đạo việt nam .,0
mình cứ tưởng lại phải bắt báo mẹ thả xuống cho nó gặp,0
hiếp...:))),1
- khi nhà phát hành iphone lại là thành viên tộc mixi :)),0
chú hùng và cô tư nha thì ra là hư cấu như nhân vật bác ba phi,0
toi thích bà này ghê á emoji dễ thương quá tr emoji emoji_love,0
nhảy giỏi hát hay mấy cũng khong được như a đâu :)),0
nguyễn hiền nó lại hợp với cái này emoji vai :))),0
"chỉ có dân đen là chịu mọi sự bất công ở xứ sở này ,tội nghiệp cho cháu hải 12 năm chưa được xét xử cho đúng , tôi theo dõi thấy nhiều việc mờ ám do con người cố tình tạo ra",1
hot lồn chứ hot girl,1
đồng phục mà như trang phục cho phim kinh dị thế!,0
thằng ca chắc học võ công của võ đang ấy mà,1
như lol anh ba,1
cái lồn má toàn danh hài thế này :v,1
"hl đã ngu mà văn tiếp tục ngu đi khai báo cho dư luận biết là đã bỏ tiền riêng của mình để xây dựng đền đồng bóng, theo luật irs mỹ bất cứ một công dân mỹ hoặc thường trú nhân ở mỹ khi ra nước ngoài làm ăn đều phải khai thuế với irs, không biết ông thầ",1
"có sorento mới rồi, bỏ qua hai cái xe kia đi. còn không thì chờ santafe mới về.",0
"mật độ dân cư đông , không có quy hoạch rõ ràng , chết vẫn là thằng dân thoii",0
ngu vai... tầm nhìn bọn trẻ trâu việt plus chỉ được 1 năm thôi đéo được 100 năm đâu. phá đi phá cho tan cái đất nước này đi. dân ngu hậu quả 1 quan ngu hậu quả 10,1
"mong e luôn khỏe, biết nghe lời bố quốc tuấn nhé!",0
tôi thấy ông lần này nói nhiều cái đúng quá . cs mẹ rồi emoji,0
bo truong cho,1
thân hoài thương lại thêm 1 đứa tai trâu :)),1
tài năng có hạn quá.,1
pham cuong đmm,1
dlv ngu lol lại còn lắm đứa hùa theo thể hiện đầu óc đúng là cặn bã. lại còn lắm thằng bảo việt tân tài trợ phan anh nữa chứ.,1
"mày làm như lên cái là hết trộm cướp ấy, với cái xã hội này chỉ có thể hạn chế thôi là đã mừng rồi nhé",1
hồng thắm vy triệu phi philê ngọc hân mừng rớt nước mắt haha,0
vailon,1
nguyễn triệu thu thảo mệt lòn emoji,1
mày nhiều huyện coi tự té vô dùi cui chết đó add :v,0
sai cái dit_me phải khoá mõm mày lại,1
"đụ má chị ba xạo lồn, giàu quá sao không trả nợ cho chị minh hiếu đi, nhà cô ba chắc ở gần kho bom.ai ở gần coi chừng bị nổ banh xac emoji",1
bình thị thanh nguyễn sờ tai quần què gì vậy :vv,1
nhật hoài giống thôi e ơi. fan jack vẫn là jack emoji,0
"tao theo lon may tao treo len cay dua ,chi chuoi nge vui qua de thuong",0
chưa đủ tiền tao mua chức nên tao ngồi gom cho đủ :v,0
50m là bể bơi rồi. cần gì phải cố gắng xác định :d,0
sàm lồn,1
"đâu chỉ có hk, vietnam cũng cần tẩy chay nhỉ, vì có hẳn cả 2 sao ủng hộ đường lưỡi bò",1
theo trung cộng đi rồi đến lúc khong còn lợi dụng đc bà sẽ thấy cảnh. hãy nhớ câu đừng nghe những gì cs nói mà.. emoji emoji emoji,1
"mỗi lần tao thấy dịch các ngài là tao thấy dị ứng à, ngài cảnh sát nghe mới tởm, bọn cảnh sát ở mấy ngước độc tài còn thua súc sinh nữa chứ ngài ở đâu ra",1
"năm nào cũng cải cách, học nhiều quá riết tụi nhỏ bị khủng hoảng tinh thần luôn, cấp 1 thì chỉ bắt đầu tập đọc, viết, tính toán đơn giản thôi, quan trọng phải cho tụi nhỏ phát triển thể chất, rèn luyện kỹ năng sống.",1
nhìn mặt toi có quan tâm tới chuyện của ông già khong?,0
mình mua chai 300k ve sịt nhứ cái quần què thấy mình ngu ghê luôn,1
ai hiểu lắm anh dạ nói em nghe em nói với người đó giùm cho,0
những cmt đàng hoàng mà chửi ngta thì sẽ giảm fan nhiều,0
ngon mẹ gì mà ăn nhỉ,1
bà chị tao để quên tiền ở quán bị giấu đi. dit_me ra báo công an nó đòi cưa đôi vai,1
"sao có loại cặn bã này, hành hạ còn xâm hại cả cháu ruột . mà lòng mẹ bao la tại sao chăn dắt ngay chính con ruột của mìnhtôi đang đọc cái gì thế này",1
trung cộng phát hiện có cả virus trong nước tiểu nhé.,1
"thằng ad này, mày điên à",1
"tội nghiệp anh bale này, chắc gánh tạ nhiều quá nên hay bị chấn thương.",0
lặng yên mày dân tộc à.sự thật bày ra trước mắt mà làm ngơ,0
"cũng từng là vđv nên hiểu,đam mê khong nuôi nổi bản thân",0
"đm nợ cộng sản,chính xác là tàu ngập cmn đầu ra rồi :)))) dân mỹ nó chửi như hát hay :)) ngồi ấy mà ẳng",1
"nguyên nhân chỉnh sửa chữ bố láo gây nhầm lần hiểu nhầm,số thứ tự gây xáo trộn mất thời gian vào những việc vô ích, còn gọi ruồi bu,suy ra độc tài là những kẻ ăn cắp thời gian láo nếu nhất gốc vẫn là cái búa liềm ám dân tộc ,triệu hồi hitler sống dậy...",1
người miền tây là khoe của vậy đó hả? toi thấy nhà giàu họ đâu khoe của đâu,0
"thôi xong, thế anh tiệp khong ra vlog chanh sả nữa à",0
chung tiến sv 16 hay 17 gì đó nằm ở cuối góc trái bản đồ,0
dân ngu cu đen thôi mà .,1
anh nằm kế bên tên châu hã mọi người fb cũa ãnh tên gì mọi người,0
chụp cái ảnh thôi làm đéo gì đâu mà phiền,1
phạm huyền trang ))) đừng về nước lúc này nhé khong đón đâu ))),0
hoàng xuân tâm tùng lo canh me gd ra sản phẩm để đạo thời gian đâu đi cmt dạo bạn,1
"ý thức phải như thế mới đúng người biết bảo vệ cộng đồng, đâu như mấy cái loại trốn khai báo, khai báo sai rồi còn livestream khoe hay trốn cách li đâu, ý thức chuột cắn. hãm",1
xem công an và báo nó rãnh hơn nè ! thông báo người ta lên kiểm tra xe mang theo giấy tờ nhưng mà toàn bộ xe giữ chả có thông tin gì ....vậy mà cũng tốn mấy trang báo để đăng !... nói ngu thì kỳ nhưng chắc vậy gọi là đúng quy trình nhỉ !,1
ăn cướp trắng trợn,1
trước khi làm gì cũng nên lắp não vào rồi làm gì thì làm chứ. để não thành hoá thạch à,1
đm cuộc đời nên có 1 độ thôi mệt vai rồi emoji . 8 ông như ông độ nghĩ đm việt nam n loạn vai....,1
cần gì cái giải lom dom này :)) ae vẫn dk mọi người ủng hộ nhé.,0
troi oi cô 3 đây à...cô 3 giựt nợ cô minh hiêu đây mà,0
"hương dương okey, nó là cánh hoa nha emoji emoji emoji",0
"nhà tiên tri sao bị nhiễm duong tính được , hihihihih",0
nay bú hơi nhiều,1
cô này chỉ có chết mới hết gào thét,1
làm chuyện ruồi bu...diễn éo sâu!,1
tìm kiếm trên google cụm từ cmnm để chúc mừng năm mới,0
"been 93 nguyễn tao theo dõi linda từ 2013 tới bây giờ rồi chứ không phải mới đây mà biết hay không biết, tụi nó cmt ít có xàm lồn quá nên bị chửi là vừa, rồi nói cmt khen mà cũng bị chửi là do tụi nó cmt khen trên đầu trên cổ người ta đm ai không chửi",1
"giờ không còn là học, học nữa, học mãi, mà là thi, thi nữa, thi mãi :))",0
chi 3 cai gi cung co nhung cai lờ la chi 3 hét kiếp nay cung khong bao gio co .,1
"cô cứ cứu nhân độ thế đi tụi con theo cô, quân bây đâu theo tao :)))))))",0
"paula lưu chó là bạn, khong phải thức ăn, thịt chó mới là thức ăn",0
bố con điên,1
những phụ nữ trên 50.thật là đẹp . vui khỏe với gia đình,0
"đã tham mà còn đi với ngu thì ngồi tù là đúng rồi, cứ cho là thằng khốn kia nó ma ranh đi nhưng mà nếu thằng này biết khôn mà đề phòng thì là cái mẹ gì tới mức ở tù??? tham thì thâm thôi",1
bố cáu thằng ăn bám váy đàn bà,1
em hỏi nhiều cái chị khong biết đường trả lời :)))),0
"sao ranh giới giữa sự sống và cái chết mong manh vậy , mới đây còn là con người sao lại hóa cầm thú mất hết nhân tính chia buồn cùng gia đình",1
nhớ đeo huy hiệu để được ưu tiên chỗ ngồi và bốc thăm nhé!,0
ông trần dần nói tổng thống phải nge hé hé đúng tự do ngôn luận,0
chúc phần còn lại của bộ phim thuận buồm xuôi gió,0
"đc dậy là hay rồi , mấy sân bay khác trên thế giới sao làm được như dậy :3",0
lúc sáng t biết tian cầm bàn phím mà t khong nói đấy,0
vùng đất thú cưng chưa có nút bạc ăn tết thầy ơi :((,0
linda như thám tử bắt tận tay đối chấp với thanh niên quay lén mình,0
mãi mãi liềm lone,1
"téo tèo teo, chúc mừng bạn quay vào ô mất lượt emoji emoji emoji",0
qua học trình độ chặt cây mà khong bị dân chửi của trung quốc.,0
"đôi này phức tạp quá, không mang phong thái của người nổi tiếng.",1
toi cũng khong thích bài này lắm nhưng cũng ủng hộ đc 3 view rồi :v,0
hoaprox phối edm thôi. có lẽ khong rành về phong cách nhạc của jack,0
anh sinh viên nghèo hải phòng và con cave già sa đéc !,1
điểm sàn ngành công an các năm trước cao chót vót. năm nay thấp,0
nhan sắc đời thường (ảnh cuối) bình thường quá. tóc khô xấu. hy vọng em sẽ hoàn thiện bản thân.,1
"chửi ca. nhưng lúc trộm cướp, cháy nhà, mất cắp lại hô ca đâu, ca đâu . :v",0
tòa án việt là bọn giết người hơp pháp,1
"nguyễn duy hưng con này mõm chó , anh để em",1
đùa nản vai thề,1
nói gì vậy lão vô văn hóa,1
cho sem địa chỉ shop bán quần này ở cao bằng đi anh emoji emoji thất chất quá,0
cuộc sống cú vai )),1
"chơi với thằng nào cũng được,trừ thằng tàu cộng ra,ok",1
bựa :d tinh túy của trọng lú :d đất nước ta ngày càng phát triển thua lào vào campuchia ơn đảng nhờ sự lãnh đạo tài tình của lão già biến thái này.con cháu ông chắc hãnh diễn lắm ngàn năm tiếng thơm lưu cmn danh,1
"khong đâu ad , chúng nó ngu đó , cẩu quan thua mưu trung chó nên cớ sự mới ra9 như vậy !",1
mày chỉ sống thêm 11 ngày nữa thôi! tao dạy mày những điều tốt đẹp sao mày sủa bậy thế trần đần.,1
"dơ dái, bẩn thiểu, hèn hạ, hạ cấp. ghê tởm",1
t m ngu,1
hải yến tổ sư con dở ng nghĩ mình hài hước hay lòn gì cmt để ngta ỉa vào mặt à hải yến ơi,1
tôi nghĩ nên bán vàng trước khi vaccin covid19 được tung ra.,0
"đập tràn đã có từ lâu, dân địa phương mà không tuân thủ thì biết trách ai bây giờ",1
tự nhiên bị vạ lây. khổ cho 2 chú bảo vệ và gia đình.,0
nay mới hết kì 1 mà năm học mới gì v cha ba rọi béo,0
bê lol chạy tám hướng là có thật ))),1
"toàn bọn vô công rồi nghề, nhận thức yếu kém, làm việc bất lương lại nghĩ mình anh hùng, tài giỏi. nên cho chúng bản án đích đáng, với khung hình cao nhất.",1
mua được bản 2019 luôn ấy chứ. họ mua chạy dịch vụ ế quá bán lại đày kìa.,0
"chết 2 người mà 30 tháng tù, bảo sao vi phạm giao thông cứ diễn ra mỗi ngày.",1
mày khong thay đổi thì khong những bị khóa mõm và khóa luôn cả tay mày luôn,1
quá ác. con cái thương không hết. sợ mình không đủ sức để lo cho con về sau thôi,1
chị giàu chị nói cc gì chả đúng..,1
sống lố quá thể emoji emoji emoji,1
là ng nổi tiếng mà cách ăn mặc văn hóa khong bằng thằng ăn xin,1
mượn song được thông ass không,1
vũ thanh huyền thấy cmt của bạn này nghe mùi ích kỉ tính vào nói vài câu mà thấy các bác nói nhiều quá thôi em xin rút hí hí,1
nứng nứng,1
chó má,1
con này chủ yếu ăn thực vật nên có lẽ thịt nó cũng ngon như chuột đồng,0
nhìn mặt thì ngắn ngủn. mắt thì hít. mũi thì to. nhìn nhủ mấy thằng nô lệ.,1
tùng thanh bạn nói tiếng anh tiếng pháp gì toi hông đọc đc emoji,0
chơi fb đi con chó để ng dân thấy bản mặt thật của mày thằng chó,1
ai để ý như t khong? chỉ để ý mỗi cái ảnh tùng sói,0
tuấn lê fan jack dạo này nhạy cảm như tụi fan bts ấy :)),0
cuộc sống thú vị hơn khi bạn xamlol,1
nên v chứ cách li lâu v sao dc emoji emoji emoji emoji emoji,0
"nhìn thấy cái kia chị xỉu 3 ngày, tỉnh lại nhìn thấy xỉu nữa haha.....",0
jack bảo : khôg có kicm thì tao vẫn ổn và đẳng cấp,0
lũ chó đói,1
"con này khong bị mới lạ, may mà về sớm đấy",1
cho liếm hậu m n cái abe :)),1
ad càng ngày thấy càng ngu thì fải,1
ơ đ m sao lại có cờ tàu khong h ự a thế kia,1
trong nguyen nồn còn đẹp hơn bài này emoji emoji emoji,1
xạo lol để giựt tiền người ta,1
còn ba trăm liếm cái chùm lông trời ơi chắc chết wa đi,0
đi nước ngoài vài năm. có xiềng rồi về theo đam mê,0
cô duyên dáng quá luôn á emoji emoji_love emoji_love emoji_love,0
xám xí,1
phi công tất nhiên đắt giá hơn 115 triệu đô nhiều.,0
thế cho mình hỏi bạn đã nổ lực như thế nào vậy. chia sẻ 1 ít đi hay chỉ là.....,0
khi nào senna ra thầy nhớ làm giáo án nha thầy :33 mãu iu thầy dấu bé baa,0
golden golden bà ca ngợi tên thuỷ tiên bà này là thảo tiên liên quan gì,0
tao lao,1
"hỡi đồng bào ( người dân cu đen vn ) đừng có tin và nghe lời của kẻ đang cầm quyền lãnh đạo toàn trị độc tài hút máu chúng ta.vì bản chất chúng là loài thú hoang, điên -lên đã quyết bảo vệ quyền lực phạm hạnh phát xít phong kiến cực đoan với tư t",1
mấy ông bảo thuyết phục ế còn làm màu đó hihi :)))),0
"obama quay lại vn lần này, đề nghị quán giữ lại và cũng cho vào lồng kính luôn.",0
mục đích là dmcs hỏi nữa khong,1
sao anh ba lại dính trong màn hình emoji emoji emoji,0
set này 200k còn chưa tính quả quần đùi vĩnh cửu đấy các ông :),0
"nhà tôi có cháu nhỏ hơn một tuổi. vợ tôi tranh thủ tắm cho con trong lúc đang nấu ăn nên cho cả nhà ăn thịt kho đen , cá kho đen mấy lần rồi ! haizz... chả ngon lành gì nhưng cũng không dám chê. thậm chí còn phải ...dối lòng tấm tắc ngon !",1
em thích chị cực thích từ lúc chim chưa mọc :v ....,0
long nguyễn do não m khôn hay ngu thôi,1
vì mou đã nhận bale làm thầy để dạy môn đánh golf .,0
giày trăm rưỡi trên sóp pe hơi bị xịn nha các ông )))),0
gặp mấy cái cốp mở bằng chìa của cái xe đời tống thì thoát làm sao được,0
"sống như chó, nhà nhưng thích tuyên truyền.",1
nhìn ấn độ mà lại thấy sợ nếu như việt nam mở cửa,0
muốn lắm mà chưa chồng chưa đủ tuổi tộc trưởng ạ! :(,0
con nầy tới số chửi đến lũ bắc kỳ,1
thuyết phục cái đell gì đâu đâu cũng thuyết phục,1
"thượng xung hạ đột, thượng hạ đều đánh rắn đằng đầu. thắng!",0
"nhiều người khuyên đầu tư vàng, giờ bạn cũng đang đầu tư rồi đó.",0
chẳng bảo sao việt nam gần đây ung thư càng tăng,1
đây là chàng trai ấy vài năm sau khi xem lại được video này :))),0
đọc tin mà không cầm được nước mắt nam mo a di da phat,0
"tôi đọc mà phấn khích như đang xem phim hình sự, các a quá xuất sắc, tuyệt vời",0
bạn này chọn nghiệp làm giáo viên tiếng anh nên luôn cố gắng để đạt điểm số cao trong các kỳ thi. còn đối với những ai tiếng anh chỉ đơn thuần là phương tiện giao tiếp thì không cần mất quá nhiều thời gian và sức lực để giành lấy những điểm số cao như vậy.,1
chó rồ nhập,1
năm canh tý kim. làm các đồ màu đen vs xanh nước biển quá phong thủy.,0
lê thanh lân về quê nuôi cá và trông thêm rau đi bạn,0
"điều này chỉ chứng tỏ thiệt thòi người tiêu dùng hàn, khi không được sở hữu xe nhật đẳng cấp thế giới, mà phải sử dụng xe hàn kém mọi mặt, từ thương hiệu đến đẳng cấp, hạ tầm đẳng cấp con người.",1
trường xuân roi xong. nay b toi có đến đây khong vậy emoji emoji,0
"đã là người có tiền thì đi du lịch cái lúc khong có dịch thì đi đi, đến lúc có dịch thì lại đéo hiểu luôn",1
"mình không đồng ý với ý kiến của tác giả. bây giờ nói đơn giản, trong 1 lớp học có bao nhiêu học sinh mà cô giáo có thể giám sát được xem chúng làm gì với điện thoại? tìm hiểu gì? vậy 45p học cô chỉ đi ktra điện thoại của từng người một ak?",1
không liên quan nhưng vợ tôi auto dễ thương các ông ạ emoji emoji,0
đíu tin được luôn )))))))),1
nợ công của mỹ đã trên 30 000 tỷ usd chưa nhỉ,1
3 khong thích điều này,1
"hiến máu phải chờ xét nghiệm có kqua rồi mới đưa máu vào sử dụng. đất nước văn minh, giống loài thượng đẳng đấy các bạn ạ emoji emoji",1
danh hiệu nói xạo khong ai xứng đáng hơn ngoài trần dần,0
hi vọng chị kế toán ở bên đó..vẫn luôn khỏe và luôn vui,0
ai cho em cái link của bộ tộc mixi gaming với em tìm không thấy :((,0
khi buồn mình chơi lớn đi nghĩa vụ và giờ muốn ra cx éo đc,1
chúng nó đang bận vơ vét thanh lý đất nước này,1
nhin c minh hieu con co duyen còn con di linh ca loc nhin mat no muon cho no an dam,1
"vua vịt đẹp thiệt, con thằn lằn xanh đổi màu cũng đẹp.",0
ngứa dái quá thầy,1
câm miệng,1
bọn chó chỉ biết ăn thôi,1
"sẽ có rất nhiều người bị lốc xoáy mắt vào cô ấy,khá lạ mắt!",0
dang khoa nguyen nó gọi là tinh thần san sẻ đoá :3,0
ác quá ác,1
xem xong bài viết cách đấy 25 năm tôi cung như vậy,0
"phải vậy chứ. clb có hlv trưởng phải có tôn ti trật tự, và mọi người phải tôn trọng điều đó. chứ ai như cái rạp xiếc, ông nào nhanh tay, cướp được mic thì ông đó làm hlv trưởng. còn ông mang danh hlv trưởng thì lại bị biến thành gã hề.",1
phát biểu nguu vãi,1
chị ba có cái lon bằng cổ tay!,1
my talking tom mà tôi cứ tưởng tom and jerry các ông giáo ạ :((,0
trách người mẹ vô tâm quen một người bất hảo nên hại cả hai con gái.,1
nên tách từ huế trở ra bắc thì ra bến xe mới thì đúng hơn nhỉ,0
anh chảnh chó thì cho anh chết mịa anh đi. nhìn mặt anh như l,1
khóc con cak:)),1
ngứa bà cẹt ghê emoji,1
lý thành công phục cái máu lồn,1
xe chở súc vật mong người dân hãy tránh xa (đề phòng súc vật phóng uế lung tung làm mất vệ sinh).,1
một chế độ thối nát. toàn những thằng ngu bầu cho nhau lên làm lãnh đạo thì dân khổ là phải. đây cũng là hậu quả của việc lật đổ vnch.,1
hoaprox kết hợp với jack nghe ồn ào không hợp với jack,0
"đậu má nhiều lúc có 3,4 đôi thông mà éo ra được nó mới đau emoji emoji emoji",0
"may là đô khùng, ăn nói tục tiểu khong biết cái loại ca tụng máy là loại khong học thức",1
hết hlv đến chủ tịch phải xuống nước vì m10. cr7 không làm được như thế nhỉ.,0
"coi mà cười từ đầu tới cuối luôn á. cô hiền lành thân thiện, vui vẻ chân chất",0
môn phái búa liêm mà!!!,1
"mấy cái thằng này. chốt chặn làm đéo gì??? cứ để nó chạy cho ầm ầm, đua xe, tông chết ng các kiểu đi chứ. chốt làm gì? mang tiếng.",1
"cắn khong đúng định hướng,khong đủ số lượng là nó đuổi chứ khong phải lấy 3 củ của nó mà dễ đâu mấy ông phản động ơi",1
nền nhạc nghe hơi lạ ;))) nói chung cả 2 nên kết hợp để có hit,0
và việt nam mình gọi đơn giản là lốp ( để nhớ ơn ngài đun lốp),0
"nếu không đủ kỹ thuật và nhân lực thì đừng làm cái cổng cao làm gì. các tập đoàn lớn cũng đâu có cần cái cổng cao đâu. làm thấp đề biển tên ngay cạnh được rồi. vừa an toàn, dễ thi công lại hiện đại và tiện check in.",1
sao làm chủ tịch mà ngu thế đc nhỉ,1
chi ba khac moi khong co cailoncat khong,1
pháp luật trừng trị tên vô đạo này thật nặng,1
ad chẳng biết cc j cả. ổng nói đúng rồi. khong có tranh giành gì hết. họ rất đồng lòng và tất cả mọi việc mọi vị trí đều đc sắp xếp cả.,1
phá sản roi làm đĩ đực thôi abr,1
nhà toi có khẩu trang họa tiết tương tự giá có 2-3k 1 cái à.,0
suốt ngày bị mang gương mặt thương hiệu đi quảng cáo,0
sang xử phạt nốt mấy a ộp pa vì tội ngày xưa xài nhiều cfc quá nhé,0
nguyễn thu hường mai lại lên đây. mời lẩu thì ở lại.:v,0
tâm trạng của các bệnh nhân đk truyền máu lúc này emoji emoji emoji emoji,0
may mắn cho chú tê tê này chứ khong thì đã toi từ đời nào rồi.,0
tôi thích juve cung bảng barca hơn vì cr7 có dịp tái ngộ m10,0
không lâu nữa em sẽ đạt hcv olympic thể dục dụng cụ,0
sao bmw mà xấu đau đớn thế này?!.,1
...bản án tử hình vẩn không diệt được nạn buôn lậu ma túy !,0
phan mạnh cường một học sinh ở thủ lô hà lội vừa cho biết ý kiến,0
sao lại có cách nhìn nóng vội trong giáo dục vậy nhỉ. thật khổ các cháu lứa chuột bạch này!,1
gdinh nó có công vs cmang. còn gdinh ad trốn chui lủi như chó. thấy nó giàu và béo hơn mình thì ghen tỵ emoji emoji emoji,1
tự hào quá việt cộng ơi. xuất khẩu nổi nhục đi khắp thế giới.,1
"nói chung messi là một cầu thủ vĩ đại, cậu ấy đã đem đến cho barca một bộ sưu tập về danh hiệu quá đồ sộ, đối vớ tôi: nếu messi không tra tấn các cầu thủ mu của tôi và cướp đi 2 cái cúp c1 thì tôi đã là fan của cậu ấy rồi,",1
diệu linh hqua c cho em xem cái gì mà tiên đấy đúng khong?,0
trần ngọc dương dit_me het fan cung roi nha,1
spring hà thì ra là m hi t bằng cánh hoa. đó h nghĩ xấu m hong à,0
nguyễn đăng dự nhục mặt fan mu v bạn,1
"bò đỏ đâu ròi, cho tôi thấy cánh tay của các bạn nào :))",1
phía sau 1 người đàn ông thất bại là 1 người đàn bà xui dại,0
sai lai cang sai dien lai cang dien,1
"theo lý lẽ của anti : thắng do đồng đội quá mạnh, thua tất cả do messi",0
minh hiếu lên clip chửi minh khịa đâu dám nói minh hiếu...nghe chưa,0
t lên 60kg đã khó vai rồi sao bno lên được 200kg nhờ emoji,0
mong chính quyền thành phố dẹp hết giang hồ cho mọi người được nhờ.,0
"rồi, rớt cái lòn luôn",1
"không phải lổi của csvn tàn ác mà chính người vn tự nhận mình và thích thú mình là con thú ,lại khoái mình là dân nô lệ .ai thích mình là con ông trời ,giơ tay lên .thấy không ,im re",1
so sánh với bắc triều tiên là biết ngay bản chất của độc tài rồi.,1
trao giải xong 1 năm sau quay trở lại trạng thái ban đầu thì vui vui,0
thủ tướng thì lấy đâu ra. ủng hộ nhiều lại bảo là lấy tiền của dân ra ủng hộ. tội mấy bác làm lãnh đạo quá. có tiền mà khong giám tiêu. toàn gửi ngân hàng nước ngoài,1
"thật là phiền phức , toàn bọn ăn khong ngồi rỗi nghĩ ra lắm trò hành dân ??? khong biết bọn này có thuộc dạng nâng điểm vào ngành hay khong mà chả nghĩ gì đến hệ luỵ dân phải ôm theo nhiều giấy tờ phụ chứng nhận ??",1
khi nào chính thức về với mẫu quốc đảng nô nhớ thông báo trên vtv nha.,1
mẹ bé không bị khởi tố ah. một hành vi nguy hiểm đến tính mạng đứa trẻ tại sao lại không trả giá?,1
mài có óc để suy nghĩ khong add? cái đồng băng đó mài tính đào hồ bnhiu cho đủ hả thằng ngu?,1
mấy thằng trong soha đéo biết tốt nghiệp xong cấp 3 chưa nhỉ :v,1
các bạn nước ngoài không biết ở việt nam cái đấy nó là cái gì :)),0
trend nay này việt nam có từ xa xưa rồi emoji emoji,0
cái trend nghe có vẻ mãi chúng nó vẫn chưa chán nhỉ,0
lương kiều trúc uyên pha này mấy nghìn tỷ cũng khong đủ đâu:((,0
"ford ecospost là 1 lựa chọp hợp lý. đời 2014 hoặc thêm 1 chút 2015, 2016",0
phuc phung tri giống cá giồ táp cứt chứ cá lóc đâu ra,1
nhạc sĩ với danh hài đi thi ngôi sao liên minh thế giới,0
dkm nó . nhà có cái bóng đèn giờ làm thế đéo nào? khong lẻ nhà có cái phòng lắp 50 bóng đèn cho oách à,1
"ra huế,đà nẵng mà xem cuối tên đường có chú thích tên người đó luôn.",0
"cái thứ hành hạ, ngược đãi trẻ em mà vào trại thì thôi rồi, mà còn lại giao câu voi trẻ em nữa chuyen này lanh ít du nhiều nhé yêu râu xanh",1
xạo bà nói câu đó có ngày bà nghèo cho biết,1
sevilla sẽ đập bayern 8-2 cho chừa cái tội bắt nạt!,0
thằng ad đọc kỹ rồi hãy phán! ad mà làm ăn thua cả con chó! về bốc cứt ăn đi,1
cộng sản toàn lũ tư tưởng độc đảng,1
"trần dần ăn tục, nói khoét hắn đóan được vận mệnh, tương lai thì nay hắn giàu to rồi, chứ đâu phải xách cần đi câu cơm, có lẻ hắn bị ( bệnh tâm thần).",1
tô ngọc cầm lq quảng cái chứ có phải táo thật đâu,0
mỹ hạnh mua quanh năm ngán roi tết xả hơi hả dì cđ emoji,0
đụ me ngu còn ghi xàm . nó lấp đất đầy cái đồng tháp mười chứ làm thinh cái c .,1
khong cap nhanh trang vào đọc đc thì khong xịt phát lào,0
"con của jonathan hạnh nguyễn rồi , em chồng hà tăng , gi thẳng tên ra đi",0
trí tuệ mỗi người một khác. muốn đất nước phát triển phải tạo đk cho những hạt giống tốt có môi trường phát huy hết khả năng. trường chuyên là môi trường tốt để làm việc đó. chứ đổ đồng với nhau thì thui chột nhân tài à???,1
võ thị quỳnh hahhah. hối hận thì lm lại tóc đen emoji . lm 1 làn cho biết,0
đéo hiểu nổi style kiểu gì? con c hưng phấn hay gì?,1
dân chơi nhìn phát biết ngay ông già thằng sói :)))))),0
uk...h mẹ của toi hết chửi roi....mẹ của kon...kon iu mẹ...,0
hợp đồng iphone với mixigaming có trị giá lên tới hàng nghìn đô,0
chuẩn mẹ rồi. mạng vô khong đc đúng ức chế,1
"từ ngày chung lên thay nhanh , xong chung cho nhanh xập nguồn, thương anh quá, ngu đoé gì mà ngu thế đào tạo đệ tử cũng cần cái ,chí ít ra cũng phải chết thì cũng xin thế cho sư phụ chứ lỵ. cứ hoang mang mãi,",1
phương nam cố mà bán đi. rồi lại có người hỏi thăm vì tại sao.,0
thầy ơi chỉ em với sao em không cài đặt được phím trang bị,0
giờ mới biết con mẹ giựt nợ minh hiếu,1
chui lu viet nam da roi toi chui bac ky. troi....,0
"trời ơi, đọc mà rùng mình về sợ táo bạo của cô gái!",0
"sinh nhật mình còn nhớ đ nổi, nhớ tđn được sinh nhật nyc :)))",0
chuì lol là chui gi vaÿ?,1
tờ hu dương hệ thùy dương khôn thấy nói giàu có có nhau taz :),0
khùng thiệt khùng tới mức bực bội luôn mấy đứa... emoji emoji emoji,0
toan đựng bọn ngu phá hại lên làm quan nên dân nuôn đời vất vả nếu khong nhôt bơt cái bọn ngu ấy lai,1
"soluto vẫn ổn hơn chứ, máy móc tất nhiên bốc hơn cvt rồi",0
có cc ý :)) tin người vai,1
hai chị em nhà này còn hơn cầm thú nữa,1
sao không đền bằng rau muống?,1
sạo loxz quền của chị 3,1
nguyễn nhựt xuân linh đess bún riêu mà dịch hoài mới hiểu,0
tất cả gói trong từ nếu .kể cả nếu thua một mạch 8 trận,0
thích nhất ca khúc phiêu du của anh. idol của tôi,0
tai chua cung cho bon quan chuc an truoc.,1
thu hà tinh nguyen lê hồng diễm hoàng dung nghĩ mà buồn ghê mấy chị :)))),0
đánh bùm bùm là như cái mềm luôn kk xin chúc sức khỏe hai cụ ạ .,0
ví dụ khong có dàn máy mà chơi cái này dc khong mấy chú :))),0
còn anh có công với ghpg đâu rồi.chắc lên cỏi niết bàn rồi thì phải???,1
ai giết dk con linh cá lóc toi ủng hộ 10000usd,1
"ở đéo đâu chả có ung thư : đời sống đi lên tỷ lệ bệnh tật nhiều. vn còn hơn chán bọn tây lông là hầu như đứa nào cũng dị ứng nhé. lại cái bài ca vn trong top tỉ lệ ung thư cao, còn cao nhiêu thì số liệu đéo rõ ràng.",1
cám ơn đảng. cám ơn nhà nc emoji,1
con này sao mà mất dạy quá,1
"chao nha bao tho ta vh lan,chao nha tau hai tran dan ba soc.",0
á á dit_me.,1
những con đường thật đẹp. góp phần tạo điểm nhấn cho sài gòn.,0
ai giải thích giùm em sao hạnh phúc là số 41 được khong?,0
"thấy các cây bị gãy đổ có nhiều cây bị sâu, mục thân quá nhỉ.",0
"trời h mà đụng tới bk là mì chết sớm nhe con kia , chết khong kịp ngáp , mất dạy",1
"ciel phạm thôi b ơi nói mấy nhiều ng vẫn cố chấp thôi. bản tính ích kỷ cùng chung dòng máu vn mà ăn thua sân si. bm ngta luôn muốn cái nào tốt đẹp nhất, tin tưởng vn điều trị thì phải đưa về vn chứ sao",1
ảnh hưởng cái cc gì. dit_me chúng nó bán cmnr,1
giọng abe the thé như con gái mới tiền mãn kinh vậy :),0
"nếu theo thang điểm, tôi xin lỗi ông:nói tôi chấm 9làm tôi chấm 2.",0
ní nuận của dlv đây emoji,1
cô my cho ăn chai sting vô đầu nha thầy,1
chửi rủa người ta như vậy ngậm máu phun người dơ miệng mình,0
"sách ghi chữ in (hoa có, thường có), dạy như thế, đọc như thế nhưng đến khi viết là viêt chữ khác, viết chữ thuần việt vậy làm sao tụi nhỏ hiểucô giáo nói chương trình mới nặng lắm nên lúc đầu cô cho học thêm 2 buổi tối, nay cô nói phải thêm 2 buổi nữa.",1
"ông này có chơi xk khong, thấy bị điên... cũng tội",1
nâng cấp mở rộng thêm quản lộ phụng hiệp là tương đối ổn rồi.,0
vũ bình dương điệu cười của a kị h kìa emoji emoji emoji,0
"người mất cũng mất rồi, cát bụi về với cát bụi thôi.",0
"h nhìn thấy sao cô ấy khác quá, già quá",1
coin card :3,1
abe chơi dơ,1
trời ơi đau lòng quá. xin chia buồn đến gia đình 3 cháu.,0
qua bản đồ mới thấy mông cổ và lào cũng rất giỏi.,0
"đm nó biểu tình rầm rầm đòi mỹ cút khỏi okinawa kìa :v nhật bản chất đéo khác gì mỹ,mạnh 1 tí là đòi đem ánh sáng đại đông á soi rọi cho các dân tộc man di chả khác buồi gì mỹ ban phát dân chủ cả,có cái đánh nhau thua nên chịu nhục vài chục năm,",1
rồi những người không có smartphone thi biết làm sao :(,0
"500 triệu usd hàng ngàn tháng lương công nhân, cty mang tiếng xấu, mất việc làm, lơi nhuận, hồ sơ vết nhơ có sẳn. vậy cái giá của họ trả nhìu hơn 500 triêu usd",1
khong chừng các đồng chí mua phẩm màu về rải ấy :),0
phải cho kịch khung. đây là thành phần nguy hiểm của xh,1
bon oc cho .ng gjup caj nay nguoi giup caj kia....thay ng ta dc nhjeu ng men mo thj quay ra can dit noi xau..,1
"bài này bình thường hơn so với mấy bài trước nhiều,",0
abe tính cả rồi đánh vcsa xong bán suất trả nợ cho sena,0
thôi bớt ngựa ông... đừng đi tùm lum để khéo mắc bệnh rồi cách li... là dân việt nam mừng lắm rồi,1
đào bảo khánh sẵn đồ bú nhiều đâm ra ngáo anh nhỉ,1
vincent nguyen chị kế toán của em khong có nói vậy mình ơi emoji,0
cũng đáng đồng tiền với công chờ đợi 8 tiếng :)))),0
nếu khong có nhung thì cũng có 14 ng nước ngoài mà...,0
"nhìn anh tôi tấu hài quen rồi, bật mode này tưởng nhầm kênh",0
"anh nói nghèo khổ có nhau, chứ anh có nói giàu có nhau đâu :(",0
gia bảo bắt chước nhạt vai,1
đúng loại bất nhân . pháp luật hay cho 2 con người này mức án cao nhất . thật tội cho cháu bé khi có 1 người cha như vậy .,1
ủa bê đê có lol hả ta ?? emoji emoji emoji,1
chứ còn mẹ gì nữa . . . câu view trắng trợn,1
"quào, chuẩn bị hoa ngữ trở thành 1 trong những môn học chánh thức nha mấy đứa!",0
miện giống lôm trâu,1
thoại trần thâu ông im mẹ nó ik :))),1
đm crush :),1
30 tháng tù vì gây tai nạn chết 2 người trong tình trạng sử dụng ma tuý! liệu có đủ tính răn đe?,1
chuẩn bị bỏng ngô xem live rồi mà a mất tích luôn 10h anh vẫn live nhé emoji,0
cái mỏ lồn,1
làm ăn như cc,1
tùng sói : bà trang ông độ của ngày xưa đấy các bạn ạ :v,0
lộ clip bả giả liệu từ lúc 5phut30 ae xem kỹ lại biết lien,0
cung chi vi đong tien ma mot so nguoi da ban re luong tam,1
tôi cần một bản án thật nghiêm minh nhằm bảo vệ trẻ em khỏi bạo hành.,0
cái nào không bao che cho nhau được là lôi bệnh tâm thần ra làm lá che chắn để chối tội vậy là tưởng như căn bệnh hiểm nghèo đối với dân đen nhưng là một cái phao để cứu cho những tên cs.,1
hương quỳnh nay e cũng chịu thua t luôn roi sao e,0
đợi đợi cl :)),1
con chúc cô vs ah châu có nhiều sức khỏe nha emoji_love emoji_love emoji_love,0
tiến dũng cái này thì khong nc nào bằng việt nam rồi emoji emoji,0
khong ngơ tren đoi co nguoi như vay ne troi. sơ qua,0
"nhật ký yêu nước nói vấn đề này rất chính xác vì làm cán bộ công chức trong bộ máy nhà nước mới có nhiều cách tham ô , nhũng nhiễu , hối lộ , chạy chọt và manh mún , thì mới có biệt phủ siêu xe.",1
"vừa xem tối qua, cảm giác cũng đc, đi xem giải trí ok chứ khong phải hay lắm",0
nhạc lần này của ổng m.n phải nghe nhiều mới hay emoji,0
nhai đi nhai lại đéo biết mỏi mỏ àh,1
chửi chết con mẹ mấy thằng ngu đi emoji,1
luật pháp nhug cug phai co tinh nguoi chư,1
tên này sẽ kịch khung. quá là hung hãn côn đồ,1
lona trần sợ mài nghĩ tới kao những lúc cao trào.... ớn ák emoji,0
nguyễn việt đức đổi tên cũng chẳng giải làm giảm bệnh nhân đâu :((,0
candy huynh ok new year này we meet nhao check in phodiwalk )))),0
sau bao lần thề xoá kênh thì thầy đã đc nút vàng emoji,0
tiểu nhân này nên có biện pháp cách ly xã hội vĩnh viễn.,1
hồ nguyễn quốc phú sủa ít thôi,1
bản án hơi nặng rồi.,1
đòi bằng được mẹ sang mỹ bây giờ lại muốn đuổi mẹ ra khỏi nước mỹ bọn mất dạy,1
hàng của đmx thấy chất lượng vừa hết bảo hành là vừa hư.!,0
có nên tặng anh độ con iphone 11pro max này để ga cho anh em khong nhỉ ??,0
bt các bạn phan cuồng chửi vậy mik đã khong nêu ra ý kiến cá nhân,0
"vai !!! nat, nát",1
nguyễn quốc tùng anh tội cho một ng bạn của cta :(,0
"nguyên ngọc ks mà bác, mỗi người một ý mà , trách sao đc",0
thật sự quá lãng phí!!!,1
vũ tài về khoảng bị dislike thì thua xa cây atm của tao nha emoji emoji emoji,0
m pk thầy ba giống con gà điểm nào khong thao hoang,1
bởi ngta nói làm gì làm cũng chỉ nên tập trung vào chuyên môn thôi! emoji,0
hy vọng các e khong lọt vào tầm rada của nhật khong thì lại bị ăn sống,0
"nếu vậy lên báo chí nhỉ, sao khong ém luôn?? ở anh hay mỹ cũng có mấy ông nội vì lợi ích cá nhân mà ảnh hưởng người dân, sao thằng chó ad này khong bảo cocc?? hay thằng ad này phản động theo thằng mỹ",1
"kô ai muốn phải cách ly ,nhưng vì sk cộng đồng cũng như sk chính mình hãy cố gắng lên bạn,bạn càng nói thì cái não của bạn sẽ bé đi nhiều.chúc bạn sau 14 ngày âm tính với corona.",1
"lông dương lông là lông , dương là dương v.. có nghĩa là lông cu",1
nên có giấy triệu tập. khong đến cơ quan coi như trốn tránh trách nhiệm xử lý theo luật pháp. người lớn đánh trẻ con thật sự rất hèn hạ.,1
nhìn cái mặt nó kìa. cặn bã emoji emoji,1
eo ôi đứa nào thảo với bố théee yêu quá huhu emoji_love emoji_love emoji_love,0
làm đéo gì có vụ thắng kiện phải trả án phí . ngu người emoji,1
phó chủ nhiệm ubkttp tân an(long an) không có bằng cấp 3 nhưng lý luận ct rất giỏi,1
hung nguyen ba nghe mấy thằng nói câu này sao ngứa đít thế hâh,0
xin lỗi ads nhé ! đáng trách vạn lần đáng thương !,0
mỗi tháng đc có 600 bạc tiền lương mà ngu như chó. đây gọi là con chó và ng đi săn.,1
dit_me...thằng assmin phản lại cái động...gác máy cái mả cụ mày...sao mày không nghĩ dây dt bị cá mập cắn...dit_me...,1
hà nội mến yêu của ta thủ đô mến yêu của ta... moi_nguoi cố lên.,0
"tin tôi đi, nguyên do là từ mấy cái quán nhậu vớ vẩn mọc tràn lan.",0
người ở vị trí cuối cùng có lợi thế hơn những người còn lại.,0
tự nhiên muốn về ôm mẹ rồi bảo con vẫn nhỏ bé mẹ nhỉ?,0
tùng sói từ hành tinh khác đã bay vô thả tim emoji,0
cô ơi cô đã hơn họ rồi . chửi chi cho mang nghiệp co ơi.,0
khong ai chọc nó rùi nó đi chọc chị để chị chửi cho nghe hay sao a chị hiếu,0
phạm mạng m lag chứ chậm cc,1
dan lm kho dan.do ngu,1
chắc đây làng có nhiều phẫn nộ nhất trog cái nhóm cmt này,0
nói chz xàm lol,1
"ôi miền trung quê toi, bão cô vy chưa dứt lại đến bão nuol!",0
đừng có mừng nhé cưng...chết mẹ mày roi tao co tứ đôi thông,0
phuong trinh nhi nước hoa giống như nước lã vậy đó e có mua hai chay sài như lồn,1
đứa nào chống đối thí chủ cứ nói việc còn lại để tôi,0
cho e xin vs nào đem về chưng thôi chứ nhà khong có máy :)),0
mvp cc gì tầm này :))),1
đéo còn tý niềm tin cái đất nc này,1
"thí sinh xứ mình ngay khi nghe câu hỏi sẽ trừng mắt chửi mc: phản động, phản động. rồi nhìn cả lượt bgk: đồ",1
dạo này không thấy bọn dlv vào chửi phản động nữa nhỉ. hay tiền lương thấp quá không đủ nên chuồn rồi.,1
những thằng nói đạo lý thường sống như lon coca truong mình tuấn nguyễn bắc son emoji emoji emoji emoji emoji,1
đang ăn cơm còn ăn bim bim ? thế thì ăn cơm làm sao đc :,0
loạn cực,1
kiểu như 1 nét đẹp văn hoá nếu chưa bị mất ví thì khong thể nói bạn đã đén vn emoji emoji emoji,1
dương dương bị thì bị z chứ người đi làm thì vẫn phải đi nên nó sẽ lây sớm thôi,0
người có trí tuệ người ta không chấm điểm cầu thủ chỉ dựa vào bàn thắng.,0
éo thèm nhé )),1
tao đéo biết,1
"như robot đang nói zậy, mặt đơ như tượng. lạm dụng pttm quá đà",0
chạy bộ luôn là cách đơn giản nhất và hiệu quả nhất.,0
tiên tri vũ trụ gì mà emoji banh sát vậy cha nội emoji,0
nguyễn phan hoài ninh ai kêu gáy sớm giờ khỏi có cơm ăn:)),0
"nhà em có công với cách mạng mong các anh nhường em , em xin",0
"đây là chú bộ đội, đéoo phải ch ó ca? bộ đội đéoo muốn làm cũng bắt buộc phải làm thôi.",1
"sáng nay mình dậy sớm coi buổi tranh luận, thật lòng thì mình khá thất vọng với cách điều phối viên chris wallace điều hành bởi vì ông ấy chỉ mang ra chủ đề, đặt câu hỏi rồi sau có joe biden chỉ trả lời như một cái máy, gần như là học thuộc,",1
kiếm chiếc innova đời 2015 đi nhé bạn. i10 dễ dính xe dịch vụ lam,0
"sao vlog sang quá mà, ý thức củ lon vayy?",1
"trần mai phương âm tính rồi mẹ , thời tiết này ai chả ốm",0
bkdn cũng y như vậy. nhưng mà kiến nghị lên thì thay thôi,0
mặt nhìn kinh quá,1
giang giang chứ s trò này từ hồi t mới đẻ đã thấy roi,0
"hui bây giờ triển vọng vậy, hồi toi còn học thì trong đó nuôi cả đàn bò tin vào sự dẫn dắt tài tình của đảng và nhà nước :))))",1
trump không có kinh nghiệm và tố chất cần thiết để làm tổng thống.,0
vậy mà hôm nay nyc còn chúc sinh nhật toi các ông ạ . emoji,0
trông bần bần da đen thế thôi chớ thật ra bần thật anh ạ..,0
võ quỳnh a quang cầm điện thoại live a độ trồng rau cũng được :v,0
ở đâu cũng có những kẻ dở hơi!,1
dui cùng em giây phút bóp dú bóp lồnn taoo nss mà cừ bò.,1
. ai khịa thầy là chetme đó nha,1
vailonn,1
em chuẩn bị học sinh tb để đón tết tây tết ta luôn rồi )),0
nghe mà quẩy nha cặp đôi yêu nhau khi hai ta chung một nhà,0
nhìn hai gương mặt là biết ác nhân ngay!,1
sau này em sẽ đ cho con em xem mèo tôm đâu anh ạ :((,0
hôm nay trung sẽ sống thật với giới tính của trung :)),0
pháp luật không nghiêm nên mới xảy ra những vụ việc bạo hành đầy rẫy.,0
cầm thú cũng không ác độc bằng hai chị em mụ này,1
"vios thua thiệt về mọi mặt , chỉ lợi thế về biệt danh thùng tôn thôi !!!!",0
hầu như các ca nhiễm bệnh toàn đi từ nước ngoài về nhỉ ??? lúc mọi người về có nghĩ đến an toàn của bản thân cũng như mọi người khong nhỉ?? hay não bị vi rút ăn hết cmnr,1
"bài kiểm tra không chỉ để đánh giá năng lực mà còn là động lực để học sinh ôn lại bài nữa. bỏ kiểm tra thì thay vì 1 -2 tháng ôn bài 1 lần, học sinh giờ sẽ để tới thi học kì mới lôi hết ra ôn 1 lượt,",1
đào mạnh an bên anh phải khi nào gần chết người ta mới điều trị cho ấy bạn,0
"cũng có 16x cái like , 1 là ngu giống admin , 2 là like thương hại :v",1
nhà cao tầng nên lắp cầu thang xoắn ở bên ngoài để thoát hiểm là tốt nhất ..,0
mình tập vầy:- đi bộ 2p- chạy 5p- đi bộ 2pxong là hết xí quách!,0
"ngụy...là khi chúng mày đói rét, không nơi nương tựa. chúng mày núp dưới đáy quần của bà cát hanh long, hả miệng chó ra nhận từng chén cơm của bà ta. khi chúng mày nắm được quyền lực thì đem người ta ra bắn. chúng mày thua loài súc sinh!",1
loài vật thông minh nhất thế giới cũng mất kiên nhẫn với con người rồi!,0
dùng dầu gội clear auto toạch chuỗi nha mấy đứa điển hình là thầy giáo ba,0
"husband love, em want to eat noodle duck tiềm á. minh tran",0
cá tràu bé mà vẫn bắt tất như vậy có thể nói là tận diệt không ạ?,0
nhà ttr.vũ trụ td có tiên đoán vụ covid 19 này không vậy ông?,0
bao giờ được thả thì gia đình này nên viết hồi ký hay tiểu thuyết về vụ án oan,0
"hay, chính quyền vn rất có tính giải trí. nhưng ngặc một nỗi, sự độc ác của nó thì là thật và không giải trí tí nào cả.",1
trưng dụng sạch rồi còn bằng chứng đâu mà tố cáo xử lý :v,0
"e có tin vào duyên số khong, ờ, nếu tin thì cưới :)))",0
mặc dù có rtx 2080 và rx580 rồi nhưng thôi nếu a cho thì e nhận .,0
tao bắn nó gần knock rồi đang heal lên đi. chạy lên sấy chục viên đéo chết,0
giờ đẻ thằng con cute như em tùng thì ngon hihi:))),0
như thằng bệnh,1
minh luc co cai cam nhin vo la biet sua. nhung xau qua nhon. nhin la biet cam gia. xau. qua.,1
"ông tuân thấy cưng,, cho e hỏi nhân vật hùng với tư nha khoẻ khong ạ?? vai",0
(!) cánh hoa đây,1
chị ba tiền chị như miếng giấy chùi lol em ne mặt chị xấu hơn lol em nữa ne chị ba chị sủa nhiều vậy em khong cần đồng tiền vơ bẩn của chị,1
tởm,1
trường ronaldo con dân có tiền nó khác dân thường,0
bản chất con người.... loại người này xin lỗi ngàn lần cũng không tha,0
đang ôn thi tuyết yến nhung ưng chửi.,1
cộng hòa xã hội chủ nghĩa vn in trên tờ tiền ấy bạn móc ra mà xem,0
lợi nguyễn lâu thì lâu tại nó chém gió nói 10 năm cho ng ta chửi xl,1
chán không thèm nói!,1
anh độ ơi e làm theo anh 3 ngày ỉa 1 lần để đẹp trai như anh mà mãi kh dx,0
lâu roi mới thấy bác . chúc bác nhiều sức khỏe emoji_love,0
"độc thân vui tính, tự do thì làm gì cũng được. không ai cấm!",0
có ai cho tôi biết hình phạt cao nhất cho lũ tội phạm này không?,1
coi tu chu den khach.met dai qua.noi chui ma deo thay chui toan la quang cao xam lo khong,1
hihi. độc tố hóa học mà vẫn có thủy triều đỏ được cơ đấy. hihi,0
"nó quản lí internet, nhồi sọ dân từng phút từng giây. dân tq đông nhưng nói chung nòi giống cũng éo ra con mẹ gì.",1
bú mạnh,1
nhiều tỉnh đặt tên là kha vạn cân trong đó có vũng tàu,0
"gọi là đổ thừa, lại là chuyện hài nhà sản",1
lấy về lót cái ghế ở nhà hay cty cũng là tốt nhất,0
dương vật của team :)) à em nhầm linh vật ớ lại nhầm linh hồn :)),1
:)).ở thiên đường mọi ngành nghề đều hợp pháp nhé.đặc biệt là nghề cướp đường.làm thế bỏ tù 6 tháng còn nhẹ,1
"nâng cao thêm, nâng mạnh lên - chả có ai mua đâu mà nâng.",0
yen than muon ma muon luot qua zao than.dung la het thuoc chua,1
nó chụp ảnh chỉnh sửa quá mất mẹ vẻ đẹp trai của thầy rồi,0
cực kỳ lên án hành vi bạo dâm và xâm phạm tình dục đối vs thầy giáo,0
"tôi xem ròm tôi chả hiểu tác giả định nói gì. lúc kết thúc phim, tôi thấy quá hụt hẫng. tôi cảm thấy tiếc số tiền và thời gian đã bỏ ra. thật. tôi khong cảm nhận được cái giá trị gì từ bộ phim.chắc là tôi khong đủ sâu sắc để hiểu. chấp nhận vậy.",1
tiết kiệm xăng thì phải nhắc đến attrage bạn nhé!,0
lê bảo trâm mặt giống m vai :) nhận ce sinh đôi liền,0
đm chúng mày,1
nếu vũ trụ có giới hạn thì bên kia giới hạn ấy là cái gì.,0
tôi đã không còn uống sản sản phẩm tân hiệp phát từ lâu,0
thiên tài mà hôi pen là không tính đâu nhé cules,1
cô ơi cho con xin zalo với con hâm mộ cô lắm luôn,0
xua thi day dân len khai hoang gio dc gia thi chiếm,1
chị ba thử đăng video chửi tổng thống mĩ đii,1
như th điên xóm tau.,1
"hlv làm nhìn thật dễ dàng, trong khi mình làm thấy khó quá!",0
tủn 3k nghe nói xạo lồn quá tr,1
cao hơn cả núi dài hơn cả sông là nghiệp của chị nhung,0
toi mắc cười ghép cái giọng cười của ai vậy chèn kaka,0
"chuyên gia kinh tế, bà phạm chi lan nói nè , cho nên chúng ta hiểu rằng vingroup và các tỷ phú bất động sản khác giàu lên chỉ nhờ mối quan hệ và bắt tay với quan chức nhà nước mà thôi",1
hải yến đéo ai cần m care emoji nói câu muốn sút cho phát ghê,1
"đm, chắc lại rút sợ dây kinh nghiệm thôi mà",1
nơi sản sinh ra tham nhũng mà khong có tham nhũng.cũng lạ,1
"lâm nguyễn cùng câu hỏi , cần 1 câu trả lời đích thị",0
khả năng sinh tồn mà bà hàng xóm vốn là rõ nhất emoji emoji emoji,0
hnay khong cần nghĩ cớ để off stream đâu anh ưii vote off anh ưii,0
"cũng mệt thật, lăn đi lăn lại mãi vẫn là con số 0 tròn trĩnh :)",0
"cái page này phản động đấy, ad súc vật biết cc j đâu",1
sếp nhà mình lại bắt nhân viên đi cách li thay emoji emoji,0
phạm trần nhật hạ ủa nói đúng mà có gì sai đéo? đã vượt qua st đâu mà đạt kỉ lục mọi thể loại? emoji,1
tuyệt vời barca. hy vọng toàn đội cùng quyết tâm duy trì phong độ.,0
ổng tưởng khong đc.hóa ra đc thâtj.hihi.sbtc vô địch,0
cũg chưa biết tin ai đc m ơi )) đồn như lời,1
"thằng mặc váy, bởi vậy hơn thua với đàn bà ra mặt emoji emoji emoji emoji emoji",1
danh tiếng của thầy sẽ ra tới thế giới emoji emoji emoji,0
thoại trần đã không nói được lời nào lời nào hay ho xin câm con mẹ nó mồm vào,1
cún vàng khong có viết chữ đẹp đc như vậy đâu bạn ơi,1
"mong bão mau tan, mong bà con đều bình an cả người cả của",0
"ở anh họ éo chữa nên phải quay về việt nam, cứ chê vn này lọ nữa đi",0
cứ đúng tốc độ thì ai làm gì được mình nhờ :v lêu lêu .,0
cầu mong mọi người bình an mau hết bệnh. hãy bảo vệ bản thân tốt nhé emoji,0
năm nay đông lào chắc vào tận chung kết quơn-cấp mới mong đủ liều mocphin cho lũ cừu cáo ngơ !,1
"tự hào quá, mỹ, brazil, ấn độ nên học hỏi việt nam đi nhé",0
nên dừng lại ở hnh là đc rồi. kicm có phải là ca sĩ đâu?!,0
"vậy mà mày nói tiếng vn, đẻ ra tại vn đấy ad chó ah",1
vậy mà ở london thì người dân lại biểu tình đòi tháo khẩu trang ra.,0
"anh cứ yên tâm bắn giải đi, bọn em ở nhà cày view cho 3",0
"cô nói chuyện nghe duyên ghê, ông tuân cười quá tr",0
đúng rồi phải cùng nhau chống giặc chống cướp ngày cướp trắng trợn chứ,0
"mấy đứa đừng khen thầy nữa nha, thầy không thích vậy đâu",0
nó chửi như vậy mà vẫn là cô linh cơ à ? không có lòng tự trọng sao ?,0
what đờ phắc,1
bv tai mũi họng cơ bản là khó có giải pháp tốt để phòng ngừa rồi.,0
"haiiza... những kỹ năng mềm cơ bản đã không dạy hoặc dạy không hiệu quả, giờ cho trẻ sử dụng điện thoại di động các nhà quản lý giáo dục có suy nghĩ kỹ về hệ quả khi mà các vị có kiểm soát được việc các em dùng điện thoại vào việc gì,",1
nguyễn đình quyết khong biết cmt hoài có.đứa thấy t lên fan có.đứa l,0
lan hoa nói như mày vậy là cả trường đạo nhái tao rồi ai cũng mặc đồ giống tao hết emoji,1
"tú trinh khong chạy ăn cứt, ăn đb à emoji",1
hán hoá từ từ,1
bà này khùng nặng rồi,1
toàn trịnh thay vì rảnh đi soi haha sao m khong lm việc gì có ích hơn đi :)),0
thằng ad ngu sao khong chửi nữa đi . để mọi người biết mày ngu,1
thiếu vụ sông đà rồi ad ơi. lật lọng là truyền thống lúc nào cũng được phát huy của cộng sản và những người ủng hộ cộng sản.,1
cái này là ảnh thật nha mấy ông kia là chị trang á,0
"diaz không hiểu sao lại ăn cat xế cao thế nhỉ , cô được mệnh danh thảm họa điện ảnh, đóng phim nào cũng lỗ, đặc biệt là rất dở.",1
hn thu nguyên mấy thằng nhơ bẩn cả nc vn,1
việt nam...đất nước xinh đẹp và điểm đến an toàn trên thế giới,0
đm nhái thg đây rồi...hình này năm nào mnguyễn tâm,1
cả nước đc vầy thì... khong còn đam mê cuộc sống ở việt nam!,0
nhìn phản cảm vai :(,1
"chơi đến tầm này toàn người thành đạt, họ có lối đi riêng và không quan tâm đến an toàn giao thông là gì cả",1
"những nhà nuôi chó lúc nào cũng có câu cửa miệng: chó nhà nuôi mà, hiền lắm.",0
huyền khánh phùng anh bà nào bỏ rơi kia emoji emoji,0
hoàng yến fan cứng độ mixi thì đi ăn lẩu phan thôi )))))))))))),0
em đề nghị bộ gd nên có qđ sớm nếu khong muộn sẽ hối tiếc cả đời,0
xin hỏi nhà tiên tri.sau đợt dịch này bọn 3 liệu có bị tiệt chủng không,1
duy phạm nghe sơ để thág 10 xem phim ma việt nam nhé :)),0
"ấn độ là ổ dịch, phải hết sức cẩn thận khi cho chuyên gia nhập cảnh.",0
"trần long ẩn, lê cung. hai đứa mầy mở mắt ra xem thiên hạ chửi.",0
tôi chưa bao giờ có khai niệm thích hàng trung quốc,1
"dạ. a chắc kiếm đường khác về quá , đi ngang tân sơn nhất cũng hơi nguy",0
trương thế việt sau vác by về cho bún chơi cùng emoji emoji emoji,0
địt mẹ lũ chó bán nước,1
ra tạp hóa mua 1 thùng mà phân biệt đc thật giả tôi cũng lạy.,0
xin fb của idol trần dần. ai có share với ạ. emoji emoji emoji emoji,0
"cái ảnh hưởng là ảnh hưởng đến thần kinh của mấy thằng não chó suốt ngày mở mồm là đmcs trong khj còn ăn hạt gạo, uống giọt nước do cs làm ra. ngu như chó vậy",1
nhìn giống cô cẩm ly ghê. mà đọc chữ mới biết cô minh hiếu.,0
"nhìn bác tôi chợt nhớ tới những tượng đài nghìn tỉ đồng, cụ hồ ơi sao cụ không sống mãi để lãnh đạo. thối nát thối nát.",1
tìm chưa ra số tài khoản của ban tổ chức rồi emoji,0
đm thằng ad xamlone,1
hồi trẻ các tuyến đường này là tuyến đi bộ của tôi rồi.,0
người đẹp nam mỹ bao giờ cũng bốc lửa và hấp dẫn.chúc mừng em.,0
"nhiều người chạy theo dòng chữ không phụ gia, chất bảo quản",0
đề xuất đưa môn bơi lội vào làm môn thể dục học bắt buộc từ cấp tiểu học,0
còn samsung thì đòi đem 700 kỹ sư nó qua mà không muốn bị cách ly suy nghĩ óc chó vẫn tồn lại ở người hàn,1
chúc mừng quốc hội anh có khả năng trúng độc đắc giải corona wordwide 2020,0
thế là bạn nằm yên cho nó hiếp dâm à.:v,1
dung rồi. gi trùng qua học. lâu roi mới gặp đc trần dân,0
không hiểu các ông sông kiểu gì rồi nhìn đâu cũng thấy thù với địch,0
chưa có bằng chứng rõ ràng nên chuyện cũng chẳng tới đâu.,0
anh ba sẽ là người có nút bạc nhanh thứ 2 mà đừng lo aba ơi,0
"chia địa bàn là có thật,đất có thổ công,sông có hà bá.sợ nhất là những khu đất vàng dân ở bao đời cũng phải nhường cho giải toả .còn lấn biển,phá rừng...thì bạt ngàn nơi nơi",1
riết thấy xàm dislike page cái kiểu muốn lấy độc trị độc này tao quem quá,0
"10 cty thì 9,9 thằng tìm cách trốn thuế thì chả vậy",0
bọn này đã kí hợp đồng bán biển giờ kí thêm hợp đồng bán đất,0
thằng này láo,1
"đưa môn ngoại ngữ. mà chất lượng dạy quá kém. học sinh học hệ tiếng anh 9 năm, 7năm ở cấp thcs thpt thì hết 12 gặp người nước ngoài, được bao nhiêu học sinh là giao tiếp được. uổng công 12 năm học ngoại ngữ của học sinh.",1
cũng do não thằng ad thôi bạn ạ. đừng trách,1
neu anh chi em nao dap con linh dai loan 1 tran tet mom toi dua 5000us,0
vâng. với tôi chó thì mãi là vật nuôi. chó không phải là bạn.,0
quốc sư khong cố vấn mùa dịch cho trump à mà để lây lan thế kia,0
mày chỉ là con cờ hó oách sờ lách làm gì câu view ah vũ khác tiệp,1
tấn phước cô bé trong hình là người bị ngộ độc hả bn??,0
lũ ngu dân,1
"một vấn đề thứ nhất là túi tiền của perze có còn nhiều để mua giải như năm trước hay không thôi?, vấn đề thứ 2 là làm sao lừa bán cho juve được cục tạ thứ 2 là hazard thành công giống như real đã từng lừa bán cho juve 7 tạ trước đây vậy?.",1
nhạc của anh nghe rất nhẹ nhàng. vào những ngày nghỉ nghe rất thư giãn nha.,0
"đéo quan tâm,làm tới 10 đời nữa éo biết đủ tiền 1 10 chiếc xe không emoji",0
ủa bệnh viện chứ cái chợ đâu mà giống sinh hoạt của anh ???????,0
tất cả đầu ổn ngoại trừ cái mặt của nhân vật nam emoji emoji,0
bài thơ sau khi được phổ nhạc đã nâng giá trị lên tầm cao mới,0
"phu nguyen sửa chữ thôi chứ ngọng gì anh,em bên tre cũng gọi li quăng",0
phạt đền... hết thời thật roi,1
"xâm nhập gia cư bất hợp pháp, tính mạng bị cáo bị đe dọa vậy mà phán 11 năm cho bằng được. chán hết muốn nói.",1
gồng gánh đưa nhau sang tận nhật để chơi trò đấm mõm emoji emoji,0
anna nguyễn càng nghe càng hay với kiểu luyến láy vẫn y nguyên,0
tiệp là ai tao khong cần biết nhưng mày nói như lol,1
nghe bà này nói chuyện ốc ác noi da gà hết sao ma ác khẩu vậy mà nói tâm tốt sau này cái miệng bà này o có voi nam một cho roi đó hết la làng tôi kieu an bà này sẽ co,1
rồi dùng xái này xong nó co vào bằng cái bút à :((,0
"hương quỳnh a là a thua t luôn roi e, riết khong có từ ngữ nào để nói",0
9:10 mc còn cười chứ nói gì bọn mình emoji emoji emoji,0
mạnh hoàng fa thì đừng ăn nx cho khỏi sợ bị ngộ độc emoji emoji,0
con thắm.m dí l vào hộ cái,1
cái bọn trẻ trâu miền bắc hô hô miệng việt kiều hàn mang bịnh dìa. roi bảo viết thì nói chung chung việt kiều.,1
ra đường nhớ cằm theo não,1
bệnh dịch corona cuvid 19 lai tạo.con giặc corona cuvid 20 lai tạo. 2 loại này thuột dạng báo đời,1
bến xe cũ cũng là lớn nhất nước rồi cần j tới bến xe mới,0
"mẹ, sao bộ khong mở cửa hàng kinh doanh bán bình luôn cho dân, khong lại phạt vì mua phải bình đểu :)))",1
đứa nào mà lúc nào cũng cười là giống cô gái trong truyện này đây:,0
đầu có ít tóc mái cứ phải hất hất cơ.... emoji emoji emoji,0
"hoan hô chú bộ đội đánh mỹ tài ghê , tàu bay mỹ chú bắn cho tan tành emoji emoji sau khi đánh mỹ thì nó thế này đây",1
nhờ thầy mà giáo án susan vẫn đc tuyên truyền rộng rãi khắp cả nước emoji emoji,0
các ad khong quan trọng tiền bạc. mỗi người 1 năm uống hàu là đủuu...ụ,0
giàu mà ăn mặc lạ lùng ghê khong bằng ăn mặc quê mùa như mình :)),1
"sẵn tiền ởvn thì cho người ta đi chứ qua mỹ rồi tiền không dễ kiếm đâu . ở vn dễ bị lường gạt vì với những người trình độ lớp ba trường làng như chị sức lan tỏa rất nhanh vì sự thiếu hiểu biết. mũi thì bị lệch , miệng thì phun ra toàn đ,m,c,",1
bayern gợi lại ký ức đó đó nữa rồi. theo tôi đây là hành động cố ý.,0
"zoi a . xai bao nhieu nam do la du roi , cho tien dap ra lam lai di .",0
giàu mà khong biết chia chác cho tụi nó thì bầu kiên đã là một ví dụ.,1
phú vang - huế bão rất mạnh nhé. cây đổ nhà cửa tốc mái hết,0
dit_me...thèng assmin cút qua dubai sống đi mày...( tao đi lãnh 3 củ đây),1
đọc mà não lòng. ... vn khong lẽ có cái thùng rác khong làm nỗi,0
trông mặt hai đứa này đã thấy bất lương rồi.,1
"người tài đức... thường đoạn mạng , tiếc thương cho anh và anh paul walker !!!",0
xạo lồn quá cj ơi,1
đừng bao h so sánh abe với sela bởi vì abe tuổi lol mà so đc,1
ác quỷ chứ không phải người nữa.đừng coi người nghiện là bệnh nhân nữa!đã dính vào ma túy thì mua bán và sử dụng đều là tội phạm.,1
tộc trưởng mặc dù dag rất bận nhưng vẫn ra chụp 1 tấm vs các fann,0
ung ho cuoc song chung ta khoe manh noi khong voi ban,0
các bạn bị ngu hả đây là style mà.?,1
có làm giống bố cũng khong được học mấy cái thói giống bố nha,0
thằng add chắc đầu mày toàn cứt khong á.! đúng là ngu có gia phả mà.!,1
cái này mà gọi bánh trung thu?! giờ thật giả đủ kiểu marketing để bán. bánh trung thu phải là bánh nướng truyền thống,1
chả hiểu cái mẹ gì luôn,1
đã qua rồi ạ. vệ tinh thấy mây vào hẳn đất liền rồi. đà nẵng tạm bình yên,0
"kính chúc tt.trump mau bình phục , đắc cử nhiệm kỳ 2 .",0
nhân vật lgbt best nhất cộng đồng mạng đến hiện tại,0
"hlv koeman ui, ông đổi xử công bằng với luis suarez đi ông.",0
"có nhiêu đó ngày nào cũng đá qa đá lại qài khong chán hả tr, ai cũng hay mà?",0
vai soái ca,1
ơ bài của t trong bộ tộc nè emoji_love emoji_love,0
nó xui vai,1
"phương dung nguyễn năm nào cũng cúng tiền, t mệt mỏi nơi bây ơi",0
anh tuấn là diễn viên mình rất yêu thích kể từ phim người vác tù và hàng tổng,0
"không thấy cs đâu hết, thấy có 3 con chó. có ai giống mình không ?",1
này khẩu phật tâm xà,1
:)) mày biết tại sao khong thằng ngu vì đứng đấy ngăn ngừa phòng chống hiệu quả nhất cái loại ngu dốt như mày nên học lại đi đã khong hiểu ý người khác đã vào cmt người ta chửi cho nhục mặt lắm thân còn tao chưa nói gì là văn hoá hay khong văn hoá tao đang,1
"tôi đang hy vọng ông ấy thắng cử, nhưng có vẻ như sẽ nhọc nhằn cho trump đây.",0
chén mẻ chứ chén kiểu mẹ gì,1
phía sau sự thành công của một người đàn ông luôn có bóng dáng phụ nữ,0
bài hát phải nói là như con cac.,1
xám khí đú,1
đm mấy cái đồng bạc thay lốp vá xăm mà chúng nó coi rẻ mạng người vai :(,0
xuất khẩu gạo còn bị trả về vì vượt mức an toàn thì làm ăn j nữa,1
"trung kien: bạn không quan tâm kệ bạn, chỉ cần biết cuộc thi này có uy tín quốc tế nhiều nước tham gia, thay vì động viên các em bạn lại có vẻ không vui ?",1
hoài an trịnh mật vụ đây sao emoji emoji emoji emoji,0
thí sinh thanh độ đã hoàn thành suất sắc gói 80 điểm,0
đù má điên emoji emoji emoji,1
tưởng được quẩy như bên nước họ chứ : (,1
vào đấy đang phục vụ tự nhiên nó sờ thấy chym thì......,0
thay hlv trưởng mà là sự thay đổi nhỏđến quỳ với lò nổ,0
rất cảm kích công việc của các bạn. cám ơn đã mang lại sự sống cho các con.,0
xem clip thấy phẫn nộ như này mà tha được sao ? xin lỗi gì cũng phải diệt,0
bao nhiêu việc mà chỉ có 24 giờ thôi đó!quá nhanh quá nguy hiểm,0
"chị muốn mệt trong người, chị thấy muốn lên máu, kk emoji emoji emoji emoji",0
vậy mình cũng phải giả vờ chết để cô vợ mình khỏi hành hạ mình mỗi đêm.,0
top bao nhiêu chả được miễn không vào top dislike nhiều nhất lịch sử là được :v,0
ủa ? gia đình phạm nhật vượng đâu ? tài sản phải hơn 10 tỷ usd mà,0
"nhớ ông này quá, mình khong ghét ông này chút nào",0
kí ức tuổi thơ tôi cũng hay đi bắt cá như thế. giờ vẫn thích,0
jack có ước mơ cả đời cũng không bao giờ có thể nhiều lượt dislike và trơ trẽn như khánh đâu emoji emoji,1
con may bi khung,1
sao dạo này khong ai nhắc tới a cường của tao hết dị..,0
bác dân cang ngày noi chuyện cang hay nge .noi the nay ung ho bác ne,0
"thiên đường mà, nó lột dân chừng khong còn cái quần thì thôi",1
t deo hieu no cuoi cl gi nua,1
cài hẳn 820tr còn đòi đi 0 đồng đấy thây hihi ...,0
con ho ly tinh nay o tha thu duoc,1
mày ngồi ở đo mà chửi.mày gặp băc kì may thì.....đó,0
dit_me cái giọng cười abe nghe khốn nạn vai ạ :)) nhưng mỗi lần em nghe em đều cười theo )),1
"sao lại có những người mẹ nhẫn tâm như vậy, con đã thành hình có sự sống rồi mà phá thai vứt nó ngay bên đương. bản thân vừa sinh e bé nghĩ thương con mình còn khong hết sao nỡ đối xử với nó như thế.",1
mày chửi đi ad . đúng nghề chửi đấy,1
mẹ làm cx nói khong làm cx nói:)) mai đại hội roi đấy sủa đi:)),1
"nút giao thông trường chinh - âu cơ 20 năm chưa thấy gì, kẹt xe triền miên, nản lắm",1
một giọt nước lọc với giọt nước mắm đúng khong a :vv,0
với lại nó bảo mình đợi là lời từ chối thầm lặng :),0
chúc dvh luôn vui mạnh thành công và cống hiến cho khán giả nhiều bản hit...!,0
éo thích thì biến đi thọc con mắt chóng cái tai lên xem làm ghì,1
duy văn công nhận vào xem hồi hộp vai xem xong kiểu phí 2 tiếng xem phim vai,0
thực ra bên nước ngoài nghỉ phép thì vẫn được nhận lương nhé ad,0
vãi lìn emoji emoji,1
"bả chửi người ta lên mạng câu like , bả mấy là người câu like đó , kêu người này người kia ủng hộ nhiều nhiều , đi mỹ chơi về cho mỗi đứa ngàn đô , nghe muốn đái ỉa ra một lượt cho bả coi ,",1
dell còn gì để nói :3,1
chrissy ho thiệt là khong bit kiềm chế j trơn trọi :)),0
bui hong ngoc ccj,1
"cháu nay học tới lớp mấy rồi, về nhà đi học đi lên đây nói lung tung gì thế",0
cám ơn anh lân đạo diễn nhiều vở hài hay phết! emoji,0
nó nói nhảm cái gì 1mình tao .tao khong hiểu emoji,0
móc lên ngửi đấy mà. dơ vai emoji emoji,1
lại sống như rau dền :)))),1
t nghi roi mà :)). mâm nào cũng có ông già bé sam vào. rảnh hánh thì chăm con đi chú ơi,1
tiên tri vũ trụ trần đần đại ngu.,1
"tôn trọng nó cho nó ăn hiếp, chiếm hết khu vực rồi nó qua quậy bên mỹ ah.",0
có 1 bé này rồi mà xem xong muốn làm đứa nữa quá )))),0
quan vn chúng nó tham vai...địt con mẹ lũ quan tham,1
trung anhh ngọc thảo mới đọc đến 32 h đã lên 34 roi nè nhanh quá huhuu,0
a xamlol qua,1
ming quânn từ trúc bạch đến cầu giấy có xa khong. nguy hiểm quá :v,0
vụ này đọc đến cuối thì thấy quá dễ tìm ra. vì đã có hai dãy số tk và pass.,0
chứng tỏ nước mỹ là cường quốc số 1 thế giới. cả thế giới đều quan tâm,0
thứ dô diên,1
vì sao nhiều người trẻ hq lại ra đi khi còn trẻ vậy nhỉ?,0
người ta ra biết bao công sức tiền bạc. mà giờ nghe nói như vậy như thay lời cảm ơn.vãi lol thiệt emoji,1
thật đáng tiếc và buồn .các thầy cô lặn lội đến từng nhà để vận động .các cháu cũng rất ham học .cần làm rõ trách nhiệm của những người liên quan .,1
ông nào thất tình thì gặp nhà tâm lý vĩnh thâm kim nhé đảm bảo cừ ỉa,0
ăn đồ lạ mà không hiểu về chúng cẩn thận ngộ độc đi viện lại khổ!,0
chắc nó thấy con người đang phá hủy môi trường sống của nó,0
"tổng tài sản là thế, còn tổng nợ là bao nhiêu khong thấy nói",0
"con chó cỡ đó thì người lớn cũng chạy không kịp, tội nghiệp cháu",0
"ở đâu cũng có những kẻ vô ý thức, tội nghiệp con cua bé",0
rồi xong. mong việt nam không bị dính thêm một chưởng covid-19 nữa đi.,0
đm toàn khoe ng này có của ng kia có nhà mà mình đéo có con mẹ j,1
"nhìn thích thế, cá này ăn mới sướng này, ngon ngon.",0
dân indo e thì từ sau vụ lùm xùm emoji khong nghe nhạc của cả 2 người kia nữa,0
nhung ơi nhung ra đây mà xem nè em :) xem em đã làm j cho đất nước nè :),1
"nv hải tai nạn sống chết có số, khong ns xe máy hay xe ô tô dễ chết hơn đc",0
cá lóc đeo dây xích chó kìa,1
đọc xuyên câu khong suy nghĩ thử xem..rất ngộ nghĩnh emoji emoji,0
"quỳnh hương thật, t tưởng nó viết thiếu dấu nặng, mẹ nó chứ",1
chữi nhiều quá tắt thở bây giờ,1
tại sao họ phải chiu những khoản không được lợi ích gì.,0
tôi không quan tâm ai. nhưng thấy rõ là giống cãi lộn hơn. trump phải để cho họ nói dứt lời chứ!,1
đọc cảm nhận và hiểu thật sự cuốn hút hơn hình ảnh! tác phẩm thật sự sống mãi!,0
"ủa nó tưởng đăng facebook là ghê gớm hả ta, đăng lên cho ngta chửi thêm à. đề nghị mọi người unfollow face nó để nó đăng lên rồi tự thủ dâm lấy.",1
nữa tấn chó tính ra tiền là bao nhiêu ae . chắc cũng một số tiền lớn rồi . mà bắt được chỉ phạt hành chính khong phạt tù . hỏi sao dân ức chế bắt được là đánh te tua .,1
nghe nói a khong ngăn cản chuyện giới tính emoji emoji emoji,0
lâm bách anh van kiều ánh hảianh trần nguyễn m. cường các bạn ai đi nào:v,0
thế giờ ad có chỉ đc toi xem nn này có cc gì mặt tốt không? có mới sợ đó )),1
"giàu thì nói cứt cũng thành cơm,nói gì chả đúng",1
hy vọng chất lương âm thanh khong tậm tịt như năm ngoái,0
vh fg vo van hoa vo hoc,1
tin tôi đi :)) nghe 1 lần khong hay đâu nhưng nghe nhiều lần thì khác đấy )),0
yêu gần còn có bầu với thằng khác huống chi là đi ngoài :)),0
stt ngu mức này còn cop lại được. đm,1
tt trump nói như vậy là do tiên tri dần tham mưu phát hiện,0
bậy bậy nà ! bụi khói bao trùm hà lội là do cụ cả đang đốt rác bằng lò tôn đấy ! năm nay cụ dọn nhà ăn tết sớm nên hơi ô nhiễm tí...bà con thông cảm ! đang đốt hối hả để 2020 mời thượng khách phương bắc vào nhà !,1
tụi nước ngoài ngu như bò. khong có bôi trơn thì sao mà nhận thầu đc,1
phải trị thật nặng bọn người lưu manh cướp giật nây .,1
thật đáng ghét,1
lúc nó đi ngược chiều nó tông cho rồi kêu chó vàng giúp. quyền lợi thì muốn mà còn pháp luật thì khong muốn tuân thủ,1
"tại sao các nước không học tập cách chống dịch lẫn nhau nhỉ, việt nam và trung quốc là một ví dụ.",1
sani tran mua luôn cho ck sao bảo phải bảo làm gì,0
nói đến đâu cười đến đó...chị rrất đẹp .. ...nói chuyện có duyên...,0
mình khong thích đi ô tô thích xe đạp nên khỏi cố,0
ai lớp du chu cờ mo cô hiếuu emoji emoji_love emoji,0
chó cắn lũ nhà nc vn,1
"có cạnh tranh thì luôn phát triển, thế giới sẽ được hưởng lợi.",0
ơ. có nhạc à. top à. tao còn đéo quan tâm,1
may juventus gánh tạ nặng chứ không ajax làm gì có thế hệ vàng này. : ),0
ông trần dần rất yêu thương đất mẹ việt nam emoji,0
em yêu thầy và yêu các bạn nữa chung lớp nha dấu bé 3,0
tưởng tượng con này thêm 4 chân nữa thôi là đã thấy hãi rồi.,0
"thương bé quá, mong bé được trao cho 1 gia đình nào hiếm muộn nuôi dưỡng.",0
con bóng??,1
lê bích loan aichi đấy. dịp này may là khong có tiền đi chơi ấy,0
đặt tam giác đó trên mặt trăng rồi xuyên qua sẽ thấy trái đất nằm gọn bên trong,0
chúng mày chụp mũ vãi lồn chúng mày còn chưa hiểu ý thằng cường là sao đã auto chửi nó là thằng bán nước ?,1
bệnh hoạn quá,1
đúng là diễn viên đa số trên màn ảnh và ngoài đời.... na ná nhau!,0
nghiên nguyễn cũng là bạn bên phải ở một thời điểm khác ạ hehe,0
chị oi ! ai cũng muốn mình đẹp mà khổ nổi khong có tiền,0
"dã man quá, mất hết nhân tính rồi. xin chia buồn cùng gia đình nạn nhân.",1
sang năm mới nhiều giáo án mới hay hơn nha abe :)),0
ngứa dái chưa kk,1
cái cap rất bình thường đến khi t đọc đến chữ bé:)),0
mùa đại dịch mà xem clip này tinh thần phấn chấn liền,0
hồi đó giờ nghe giọt nước mắt cá sấu. mà giờ mới thấy,0
"các thánh toy cứ lấy doanh số ra để khè thiên hạ làm chi vậy? các thánh giả khờ hay khờ thiệt vậy? đại đa số dân chúng là ít tiền, ít tiền thì chọn toy cho kinh tế. khi họ giàu rồi thì họ chắc chắn sẽ chuyển sang hàng hạnh sang (bmw, mer, audi, rr,...).",1
học vị của ông đến mức nào mà vào bình phẩm người khác thế,0
linh pig em lại đi trước thời đại rồi ngại ghê emoji emoji,0
anh chả dùng chị trang như phá rồi. mà vẫn cãi được,0
kịch bản này giống như một bộ phim hoặc một bộ truyện nào đó tôi từng xem...,0
"từ từ đừng cmt nhanh quá, từ từ nghệ sĩ nỗi noi vào 1 2 câu rồi cái tụi mầy lại dơ cái tánh chó ra tung hô à, lũ đa nhan cách :))))))",1
vai,1
"20 năm mà lúc ra đi lật mặt như lật bánh tráng. đòi đi bằng được với giá 0 đồng, lúc không đi được thì lại vì tình yêu mới ở lại. nói như các cụ ngày xưa thì đúng là nuôi ong tay áo, nuôi cáo trong nhà, nói thật tôi vẫn thích tính cách của 7 điệu hơn,",1
":)) làm loạn không phải cách hay, giờ giả sử phá hết đó nó bắt đền bù ngược lại thì dân mình khong những còn khong đc đền bù mà còn chịu thiệt, hơn nữa mình tưởng những người công giáo sẽ ôn hòa chứ tức nước vỡ bờ thì cũng một ruột với lũ công an lỡ vuốt m",1
tự hào về chiến thắng một giải bóng đá để che dấu những hèn kém khác của đất nước mình.,1
cái con này nó chết cũng không sửa đổi,1
cường sirô khắc đông lào emoji,1
trên thông thiên văn dưới tường địa lý lo chi dịch,0
avt thành ít phẫn nộ quá :(( ae hiêu ý thành chứ :vv,0
lê chánh huy emoji emoji emoji tao đi tàu suốt chưa gặp thằng nào như kiểu này,0
giá thấp lopbi cai sao không trúng hả người việt nam,0
chị hiếu hôm nay đẹp quá nói chuyện cười có duyên gê,0
ngô hiếu giờ cmt ảnh này là bị ban chết me đấy ông ạ :v,1
"công khai tên công ty roi tẩy chay luôn, xem còn quen thói sếp đc nữa khong",0
bạn nói chuyện hay quá. họ khong bằng mình thì họ ghét mình.,0
ta thấy mùi vàng nên cô đẹp đó mà cô vẫn là idol của con,0
sao tao phải trả tiền mạng để đọc mấy cái tin tức lol này vậy.quang hải là thằng nào mà quan tâm vai vậy.nó đi ỉa giờ nào chắc cũng đăng báo,1
sắp tới đông lào sẽ đánh chiếm hàn quốc ông giáo ak .,0
hiện nụ cười mới cần mời những diễn viên hài xuất sắc xin kính mời,0
"các cháu đã biết gì đâu, mình cũng 2 đứa đi lớp, đọc mà xót lắm",0
vụ này mà con nhung ml khong đi tù thì sẽ có khối đồng chí phải đi thay.,1
"chúc gia đình anh luôn đầy ắp tiếng cười, hạnh phúc đong đầy.",0
tranh luận hỗn loạn kẻ yếu đuối không tài năng ứng biến sẽ lộ ngay .,0
mới xem 1 trận của fati ở đội tây ban nha. cháu nó tài năng quá,0
dit_me minh hieu la đo ngu,1
năm nay ở nhà bế con đc xem táo quân là ấm rồi emoji,0
đọc báo lá cải và cắn :))) skin bất hủ của rận :))),0
"homie là gì vậy, đọc mấy kia thì hiểu rồi mà khong hiểu homie",0
ý thức như cđb emoji,1
chị ba vàng là chị chó phèn ak haha,1
"mỗi khi đọc bài liên quan đến người lớn đánh trẻ con là tôi rất ghét, còn trường hợp cha mẹ mà bạo hành chính con ruột mình thì tôi càng không muốn tha thứ.",1
"t muốn coi qá, nhưng sợ nên ngỉ phẻ. đỡ tốn tiền emoji",0
em sẽ đến đơm cái lỗ nhị thầy đêm giáng sinh emoji,1
thoại trần chính tả chứ khong phải chính tã bạn ơi :))))))),0
võ xuân hoan m làm như có mình ên mặt m xài ròi. mình ên mày khen nhưng nhìu ng thấy đéo tốt thì ng ta nói mất cl gì căng,1
vinh lũ lụt hả. sao lại gửi tiền cho mấy cái giáo xứ vùng đó khong lũ nhỷ :-d,0
đã bảo ổng là điệp viên của đcs việt nam mà éo ai tin :)),0
đỉ... giả tạo... xạo lồn,1
mọi việc đã có đãng và nhà nước lo các cháu xê ra một bên :)))),0
nhà mày khôn vãi lòn,1
có nhiều xe sedan băng ghế sau không có thông với cốp sau,0
cứ như là 1 kịch bản hay cho việc hợp lý hóa xây sân bay long thành!,0
"sao tụi bây toàn chửi nhau mà khong thấy làm gì hết,cao lông nó chưa hay nói cho vui",1
"tình chỉ đẹp khi còn dang dở, lấy nhau về nham nhở lắm em ơi",0
bà thái anh văn rất giản dị và gần gũi với dân _ nhưng rất kiên trung _kiên cường trước kẻ thù _ bà là tấm gương sáng cho rất nhiều đứa hèn với giặc ác với dân tham hơn súc vật soi vào để thay tâm đổi tính,1
thằng ad culi của rận chủ vịt tần xuống dưới trả lời chất vấn kìa :)),1
phuong thuy bạn nói đúng con hiếu mất dại,1
gửi 1 đội đặc nhiệm vn mang giềng sả qua giải cứu. đảm bảo diệt được hết,0
mộc ca hoặc là nghĩ bo là nít ranh hỉ mũi chưa sạch ))),0
sao lại không đỗ xe gần vỉa hè mà lại hành hạ nhau vậy ? :v,0
tuyệt đối tin đảng và nhà nước.nhất là bệnh viện_ nơi cứu người,0
lệ xồn...,1
trước e xem anh trúng cái chuột mà 2 tháng roi còn chả thấy họ gửi,0
mình ghét đôi này chỉ vì hội bạn thân của cô vợ,1
chị 2 của thằng phúc ox đó bà con... cho em lạy chị 1 lạy,1
nhìn tùng toi muốn rụng trứng :)) nhìn sang độ t muốn t chưa dậy thì mẹ lun :)),0
"nên cầu mong cho an toàn, quan trọng nhất là tinh mạng con người",0
hủy cái dit_me :v,1
cạn cmn lời ạ emoji,1
"đéo biết thì im, thằng cục trưởng cục phân kia bảo dư lượng chất độc trong nông sản vượt mức cho phép nhưng ăn vào khong sao, độc giả tức quá nên mới bảo kính thưa thằng cục cứt: chất độc khong thể ăn được , hiểu chửa???",1
mẹ làm ảnh hưởng bon tao vai,1
hello chao chi .chi dao nay đep hon nam ngoai nhieu đo,0
trời ơi khong ai xấu bằng con quỉ cái miệng rộng. mở miệng ra dơ dái mất dạy. nhà khổ thấy mẹ chắc đeo ba vàng giả chứ gì.,1
"ae thấy hay thì cho xin 1 đăng ký kênh ạ,,,cảm ơn",0
con nay dien nang qua,1
"trần dần tỉnh ngộ rồi sao, trước lúc khuất núi kêu gào thảm thương",0
tao cầu mong sao ông bà cha mẹ con cái mày tích cực uống thứ nầy nhá,0
ad cứ mà cẩn thẩn bọn dlv. cứ ghi vầy : đụ má csvn,1
nắng mùa đông trang do bắt trend kẻo lạc hậu nè emoji,0
bộ trưởng già rồi nên nói như vậy thì được. mình còn trẻ nên sợ lắm.,0
con mẹ mày thằng chó đéo đáng làm bố. mẹ mày,1
"chẳng nhẽ những người này không đọc báo, nghe đài, xem tivi?????",1
"họ chọc nó một chút mà nó đòi bắt họ nhét vào l, tum tóc chùi chùi cái đầu thì bây giờ nó chửi cả nước vn vậy thì hãy thực hiện như nó hù họ vậy",1
cho thằng ad : chó vẫn sủa và đoàn người vẫn đi ( chắc là ẳng thôi chưa biết sủa đâu ),1
trunq xuân cao thì kp 2n nhưng cũng mấy tháng rồi :)))),0
hải yến mày mới là con rảnh đấy. chưa xem đã bảo cảm thấy chán )) điên hết phần thiên hạ,1
tưởng xuân hiển vai ba chó :vv,1
thằng ngu người này ai đi làm mà chả đóng thuế . doanh nghiệp lớn kiếm nhiều lợi nhuận thì đóng thuế nhiều. thế theo mày đóng thuế nhìu là muốn làm gì thì làm àh.,1
lén j mà lén nó ngang nhiên ấy chứ làm j nó emoji emoji emoji,0
có tiền rồi nói gì cũng chuẩn chị ạ :)),1
1 thằng con trai emoji emoji emoji emoji đouma m cà khịa tao hả,0
thế tóm lại là vaccine vẫn còn đang thử nghiệm hay đã được chấp thuận rồi?,0
phạm linh khong co cl,1
mua chai dầu thơm về xịt khong ra nước hư mẹ chốt? nt thì im re,0
có thể là bể bơi của đại gia thích tránh xa nơi ồn ào phố thị :)),0
tôi không thấy hay gì cả. có lẽ gu âm nhạc của tôi không thích thể loại này. nghe một hai lần dễ bị stress lắm.,1
"vậy giấy tờ tùy thân, hồ sơ các thứ đi theo phải xử lý ntn a?",0
mai là thứ emoji emoji phải emoji emoji cả lớp emoji emoji emoji,0
"sân bay long thành thiết kế có 2 đường băng, nhưng nhiều đường tham nhũng nên mới 16 tỷ usd.vậy mà cũng thắc mắc.",1
"ác như quỷ dữ, tội nghiệp con bị giam giữ và đánh đập",1
toi thấy mấy ông chống cộng chẳng ông nào còn tỉnh táo. hâm hết khong giống con giáp nào hết,1
mixi mixi mixigaming - đitconme vô lý,1
tao còn đang mong kỷ luật bỏ mẹ lên đây,1
anh đó chửi con đỷ này nghe đã tai,1
"đẹp nhất là tiểu vy và thùy dung. xứng với hh quốc dân, mọi thời đại.",0
phát biểu tới từ từ thiện là khong nghe đc nữa òi :)),0
gọi mấy thằng ca là phải dí thẳng tiền cho chúng nó.khong là đến già chúng nó cũng chả quan tâm,1
"30 tháng tù cho 2 mạng người?? chưa kể khong bằng lái, sử dụng ma tuý.",1
thoi khong gian tom duoc lao ay o dau thien di de lao thanh su,0
"đã ly hôn từ lâu còn gì liên quan nữa mà ác quá vậy, bà già 71 tuổi cũng khong tha",1
"hoài lâm hát rất hay, còn những ai chê lời này nọ là vì họ chưa đủ sức thấm thấu nhạc thôi, nhạc nước ngoài lời hát còn đơn giản hơn nhiều, đó là chưa kể nếu nghe nhạc không lời, quan trọng là khả năng thẩm thấu của người nghe,",1
đọc và xem ảnh làm cho tôi nhớ lại kỷ niệm ngày xưa,0
đoàn duy diện nay moi_nguoi đi bắn showmatch hết roi mà,0
giờ mới thấy được cảnh cá đớm rắn - rắn đớp cá :v,0
pha xử lý thật là cồng kềnh và mất sức để được miếng ăn... đểu.,0
báo giao thông thì một phe. chúng đăng báo để dắt mũi dư luận.nhưng toàn dân đã khong còn tinh cs nửa rồi. một ngày khong xa cả nc sẽ đứng lên thay đổi cs,1
đồ ăn nhìn đen thui là mất hứng liền,1
ca dam khung het,1
"đạo đức giả là hành trang,của các quan.không thể thiếu trong lộ trình quan lộ.",1
sếp mình khong những khong cắt mà còn trả bonus đều đều đây này emoji,0
cô ơi cô lấy cái bai trộn hồ dích hột le nó đi cô,1
con. quy nay. no. khung.nang. no ngao da. het. thuoc. chua.,1
chưa bở phiếu mà đã cơ cấu 4 chức vụ chủ chốt rồi thì bỏ phiếu làm gì nhỉ??,1
vãi thị lồn,1
andy quách thật nhé lên mạng nó đăng cò nhiều kiểu biến thái hơn,0
chả hiểu phong cách ở đâu nh mà lố lăng vch emoji,1
"ôi vẽ chuyện, kiểu của bọn này lúc nào chẳng vậy. phát ngôn ngáo để tăng độ nổi thêm chút, hôm sau xin lỗi để moi_nguoi bỏ qua, nhưng nổi tiếng thì giữ lại. lợi như thế cơ mà",1
qua cơn bỉ cực sẽ tới hồi thái lai. mong con được bình an khôn lớn!,0
minh ang toang luôn. thấy bảo đề xuất với uefa chuyển euro sang 2021 tổ chức,0
hoàng xuân tâm tùng đi ỉa lúc mấy giờ bạn biết khong sao mà khong biết nó dùng lồn đi cmt dạo,1
bệnh từ miệng mà vào. tóm lại là cứ ăn chín uống sôi.,0
nhìn mặt khong co tí gì gọi là phúc hậu...ác khẩu,1
sao không chọn toàn bộ tuyến đường dọc bờ sông sài gòn hả trời!,0
tóm lại là nhạt.,1
lạy tụi bán sim. méo biết nhục là gì nữa trời. ăn rồi bị họ chửi rủa như chó mà cũng lầy hoài. chả biết ai mua không mà cứ dai như đĩa đói -_-,1
"roi, hiểu roi, bạn là dlv :)) thôi mình out, khong nói lại bạn đc, bye nhé",1
má nó tứk,1
"thôi đi bạn đừng chửi , sống là phải biết nhường nhịn , hơn thua làm gì",0
clgv abe !,1
"nhạc của band này chỉ phục vụ tập gym, lời nhạc đơn giản, ngồi nhâm nhi cafe nghe không hợp lắm.",1
style khoe cu của mấy anh biến thái à emoji,1
kk mấy ông củng ham rẻ toi khong xài thôi chứ xài zô siu thị mua cho chắc cú,0
"tàu cộng bản chất của nó là hèn và ảo tưởng sức mạnh, võ mồm, bay lượn y như trong mấy cái phim chưởng của nó thôi.",1
"ngay cả việc cứu dân vùng lũ mà chính tay bọn cầm đầu ở trên thủy điện gây ra mà chúng cũng khong làm được rồi lại đi ganh ghét với những người như pa vì đã giúp được dân và dân ủng hộ,nếu như ở mấy nước đa đảng thì nó lật cái bọn chóp bu này lâu rồi,",1
"sao ông già không để mình stream hôm nhở, chỉ khều donate là giỏi ))",0
chẳng phải làm doanh nghiệp thì ai cũng muốn đóng ít thuế nhất hay sao?,0
"cải cách cái kiểu gì.mẫu giáo thì không cho viết,vào lớp 1 thì chạy đua với con chữ, sách thì vừa giáo khoa lại có sách bài tập.mang cái cặp giống như mang balo hành quân, con về nói mà nghe xót, con mang cặp nặng quá mà ngã ra té luôn.",1
cho khug,1
dân bầu sai lãnh đạo thì chẳng lẽ là lãnh đạo sai ?,1
hello chi yeuui emoji emoji emoji emoji emoji emoji,0
từ tây phải về việt nam nhà mình chữa emoji emoji emoji,0
chúc bác trần dần thật nhiều sưc khoẻ để bảo vệ đất nước.,0
đúng là ông bà có câu nhất lé quả không sai emoji emoji emoji khẩu nghiệp quá già ăn nói tục tĩu mất dạy quá. tao là kinh cái thể loại này lắm nè. nổ và láo . emoji emoji emoji emoji,1
ngày mai là anh độ bắt đầu rải tiền emoji anh em cứ gãi đi,0
"nó bị chó nhập rồi đm chạy nhanh không nó cắn chết bà bọn mày, ở đó mà hỏi lsao nữa",1
"quá khủng khiếp, giữ quả bom nổ chậm trong kho mà không biết.",0
bi benh ao tuong toi nghiep nhi,1
tóc có thể mất nhưng nốt ruồi không thể mất emoji,0
giàu thì nói gì cũng được chị ơi,1
xem cho đời đỡ nhạt nhẽo thì cũng ok chứ khong ấn tượng sâu lắm!!!,0
dơ quá,1
"nhà xa trường học, nhà gần cầu tiêu câu nói đã gắn sâu vào đầu tao :)))))",0
địt cụ m thành lê nhé,1
trần trung dũng biểu tượng đó ở vn là cái khác má ui,0
ước gì trường công nghiệp cho nghỉ vô thời hạn mà vẫn qua môn nhỉ,0
bút là để viết thế còn phần trên bút để làm gì nhỉ :))),0
"mấy chú mấy bác trị tham nhũng mạnh tay tử hình hết dùm, rồi lấy tiền lo cho dân đâu ra đó thì đéo có thằng nào rảnh phản động đâu mấy chú mấy bác ạ.",1
fan liver nhưng chúc mừng asenal. leno bay như chim vậy.,0
"ở mỹ cầm bảng trump is putin s puppet chẳng sao nhỉ. ở vn mà cầm bảng lú là con rối của tập , sẽ bị tống vô tù vì tội .... tiết lộ bí mật quốc gia haha :))",1
ủa cái này trend bên vn thời sửu nhi 9x mà ta emoji,1
không có cái quần mở tia bên ngoài thì auto đẹp rồi emoji,0
vui cùng em bóp vú bên đường emoji emoji emoji,1
có 1 loại ng như tao cho dù không thấy gì nhưng vẫn haha :,0
đức toàn ổng đưa link của garena thì liên quan mẹ gì mất acc?,0
biển báo giao thông phải rõ ràng. nếu không là rất rối não.,0
"10x10000 1 gia đình ghèo nhất châu á, có gia đình tôi ghi tên đó.",0
đó là sự thật mà chẳng ai nói lên không biết bao giờ chế độ độc tài này mới sập em mong từng ngày,1
với động cơ điện chạy từ nguồn động năng từ pin sẽ làm thay đổi thế giới.,0
thị yến khong đăng mặt sao biết đây cô này tiếp xúc vs nhiều khách hàng nữa,0
dit_me . đlq tao fan mình hiếu nhé,1
"chúc các em 2k1 ngày mai bình tĩnh, tự tin, thi thật tốt.",0
sao đi so sánh ngừoi dân như chó vậy admin..coi vậy có đc khong?,0
thôi m kut dii !!!!!,1
"trời ơi ! tội các con quá, ai là người chịu trách nhiệm việc này?",0
đến lúc anh độ tuổi già như này chắc chắn sẽ có trong tay,0
học một chuyên ngành khoa học kỹ thuật hoàn toàn bằng ngoại ngữ thì mới khó. chứ chỉ học ngôn ngữ là bình thường.,1
nguyễn văn huân mới ngủ dậy mà post đã 40k like roi,0
huy hoàng phương nhựt lâm na lâm bon coi việc nhẹ lương cao nè mọi người,0
co lon dau ma chui lon mieng thang be de thui.,1
bạo hành vài ngày. gãy tay vậy mà con phải chịu đau vài ngày. trời,0
dần ơi là dần nay 30 4 ngày giải phóng mà dân 3 que goi là ngày quốc hận khong biết hôm đó lên máy bay dần chạy cách nào vậy,1
hqa mới ngửi mùi của sena nên nghiện mùi đit. hả thầy ))),1
còn nỗi đau nào hơn! xin chia buồn cùng gia đình của các cháu !,0
long nguyen :))) câm,1
"nói chung hùa theo trào lưu, lúc đầu mới mẻ lạ mắt nên thu hút người dùng thử thôi, điển hình như tôi đã được thử bánh mì than tre và bánh trung thu than tre. kết luận mùi vị rất tệ không thể hơn bánh mì vàng nguyên thuỷ hay bánh trung thu các vị khác.",1
dlv vào sủa đi nào các con,1
xem giọng cười mình lại chán đéo muốn nói emoji,1
lê hoàng thùy khuê đây mới là bà tổ trend cánh hoa moi_nguoi ơi,0
"tìm hiểu thử ciaz di bạn, chạy ngon và rộng rãi lắm,lại nhập thái nữa",0
chết con ỉ ẹ thầy vs em :)),1
do dat bọn cktp nó cmt trôi cả cmt của anh đi rồi :((,0
"lúc trước không biết page nào có share cmt các thứ, ông thầy nói chuyện ngu vai. đang tranh luận thì xóa cmt, xong bảo nó phát ngôn bừa bãi, tag người này người khác vào làm chứng để lập biên bản.",1
hạnh phúc sẽ đến với các bạn làm thiện nguyện.a di đà phật.,0
lần sau bắt gặp chụp thành quả chủ vũng nước đái ghép lại. up nó lên gr cty cho đội quần luôn emoji,1
hy vọng ansu fati là lionel messi mới chứ đừng là bojan krkic mới.,0
trấn thành đẹp trai đụ hariwon,1
"tận thế chắc gì có màu đỏ nhỉ, chắc nó phải là trong suốt khong màu.",0
"theo tôi nên tước bằng lái vĩnh viễn hoặc có thời hạn 5,10 năm.",0
tôi rất tự hào mình là người việt nam và đang sống trên đất nước việt nam,0
đẳng cấp đấy nhưng ý thức hơi kém,1
"cú nhảy cao (ngoạn mục) đáp lại cú lừa thấp (kém)) ), con người quá lãi.",0
nóng như này phải đi biển chứ còn đi đâu nữa tùng sói emoji emoji,0
lê phượngthuan vo tú võ minh minh đi đầu xu hướng,0
phan hồng quân thiên chương italia nguyễn bê bối quá ))),0
"anh dần lên sóng nhiều chút,,,chứ ở nhà khong đi đâu buồn quá",0
"tôi cũng đang cô đơn trong nhà mình , bế tắc thật sự",0
a...a....a...cái thằng mất dạy nào định tập tành làm sâu mọt của dân đây :v,1
hồ nguyễn quốc phú mấy thằng đầu buồi này rp làm mẹ gì thứ như nó ngoài đầy rp tới sáng chưa hết :)),1
chị ba làm đéo gì có lol đâu để mà xài giẻ rách hahaha,1
"tin tốt đẹp như này cứ đến mỗi ngày,thì dân mình ai cũng yên tâm!",0
trần linh dell hiểu kiểu gì :)),1
một câu nói sạo lon nhưng hợp lý đến từ vị trí của độ phùng :)),0
các nước phát triển đã loại bỏ hoàn toàn điện than.,0
nhiều người đã sử dụng i10 khi chạy thử fadil thì chạy vội về bán i10.,0
thôn làm là tham lồn còn thôn lầm là do thâm lồn của con gái mẹ chúng nó,1
8 keo đang vật vã với 29 thứ tiếng rồi nên không làm phụ bếp được nữa kaka,1
"mặt bà này là biết có dương vật ở dưới háng , mặt nhìn coi không có hậu gì hết .ăn nói như giang hồ mất dạy",1
xem lối đá juve có khác khong! chứ thắng samdoria bình thường,0
lại thêm một trận thắngngày vui còn tiếp diễnchúc mừng pháo nổ,0
trên bờ: tao chửi đấy mày làm đéo gì được tao :v,1
mai ông hùng king về bẻ cổ chúng nó !,1
nam thành cmt của ông kia chỉ mang tính chất vả vào mồm mấy đứa tự nhục lúc nào cũng nói nhật là số 1 nhật là is the best từ đó cho ta thấy thì nhật cũng chẳng phải tốt đẹp lắm,1
nguyễn trọng thái đợi cái lone,1
"khu đặc trị của tàu, nó muốn làm cmg thì kệ cha nó. mấy bác cứ thích ý kiến ý cò.. : (",1
thôi anh im đi,1
mái tự cắt. đuôi thì ngồi cày 6 tiếng với giá 600k cảm thấy ưng,0
"2022 nhật đánh úp trung quốc nhé bà con, idol nay đã tiên tri rồi",0
chị ba chim chật trai nó mê. rộng như cái cống trai nó chạy mất tiêu chị ba,0
trần công luận đem đi tử hình cho nó lẹ phạt chi cho nó mệt,1
quan trọng hơn là chú ấy đã thay đổi góc nhìn của nhân loại về loài chuột.,0
"gà mà không biết gáy là con gà con, rambo có quả nade đẹp vc các ban ưi",0
uầy. chị hằng đang nướng con thỏ ăn kìa đỗ giang emoji,0
nghe xong máu điên trong người nổi lên. muốn đánh cho thằng cha một trận quá.....,1
"cảm giác như dân mình giống thời kì bị đô hộ vai. sưu thuế ngập mồm. mà bị đô hộ khéo còn phát triển đc chứ đây chả thấy đc cái méo gì, còn khổ thêm",1
ở ta nhiều trường cũng quy định màđuổi học đình chỉ ầm ầm với học sinh không tuân thủ nội quy.tôi rất phản đối việc đẩy học sinh còn thiếu giáo dục ra xã hội,1
bảo yến t chửi m láo vai,1
người đi ô tô nói cái đ gì cũng đúng :v,1
thoi di thang khung oi,1
công nhận chưa thấy cái con đàn bà nào mà có cái miệng xấu như con linh cá lóc,1
trị ơi con việt kêu hàng nó qua mất dạy rồi,1
đĩ quýt tiền nhìn mat hãm,1
"thang cc nao ma chang the dc,",1
đoàn thư iphone thư mê lấy cảm hứng từ chú độ đó )),0
"bố cái thằng ad, có cơ hội lại chả đầu cơ luôn ấy.",1
"bọn dlv hài thật )) d t me thằng ăn thuế của dân mà sống thì giúp dân là chuyện đương nhiên và lẽ đương nhiên chúng ta vẫn kính trọng họ , còn người khong ăn thuế , nộp thuế lại tự bỏ tiền túi ra giúp dân thì chúng nó chửi như chó,",1
rãnh ghê bấm vô coi chi rồi chửi người ta có diên chết liền,1
"hải yến vai chưa xem đã cảm thấy chán hơn roi, thì thôi lạy m emoji emoji emoji",1
đan nguyễn nhưng ở đây khong liên quan b à emoji emoji .,0
hình như admin trang này là 1 fan cuồng của việt tân,0
tôi phục 2 mc có thể ngồi nói chuyện trong khoảng thời gian dài vậy.,0
"địt mẹ mấy thằng hay phân biệt bắc nam đâu rồi , các nam kì boys đâu , sao khong vào đây phân biệt hn sg tiếp đi nào ?",1
oc cho,1
có cần thiết phải to và hoành tráng như vậy không? xây xong bỏ phí chứ dùng gì đến.,1
"bao năm cải cách vẫn khổ. nhà mình có mấy đứa cháu , bố mẹ đưa đón học thêm toàn 21h mới về . xong người việt cứ nhỏ bé nhất thế giới, thời gian chơi thể thao không có suốt ngày học vs cái cặp to đùng.",1
có mấy thằng cộng nô lên mạng đọc báo lề phải cũng tin răm rắp,1
ngày đầu đi học; không biết trách ai. quá đau lòng....,0
hiền vinh sao trong clip như thằng tâm thần vậy,1
bài hát và giai điệu đều bình thường . nó hot vì nói lên tình trạng chung khi công nghệ và xã hội phát triển quá nhanh . trong gia đình thiếu sự chia sẻ và không thể tìm được tiếng nói chung . vậy thôi mà !,1
cái lon chị ba có rắn kim cương khong..,1
sao bọn việt tân khong phản đối nhỉ? chó cụp đui chăng!?,1
trẻ con thôi mà. có dạy lại vẫn ngoan như thường.,0
a vẫn chăm chỉ nayd a vẫn cố găng cho đến khi lỗ đít của a bị mọc đinh emoji emoji kiểu vừa đấm vừa xoa .. rap fofun vc emoji emoji emoji,1
tao không biết tiếng thái mà t lại hiểu đc bức ảnh này : v,0
toang thế đéo nào đc a,1
con này hết thuốt chửa chữa rồi xin lỗi . thua cạn lợi,1
trơ trẽn vai emoji,1
sat mui vo lon no co hieu no vua sau vua nao yeu nua,1
dit_me ăn pải lốp lái thì giết con nhà ng ta ah chó đẻ,1
đẹp trai từ bé. dẫn đầu phong cách thời trang ở cao bằng :v,0
dlv dân lưu vong đâu?,1
cái mỏ con linh lóc giống cái mỏ chùi lol,1
"khong biết tụi tham ô tham nhũng ăn cướp bán nước hại dân chúng dạy con như thế nào nhỉ, làm sao mà dám thấp hương cho ông bà tổ tiên",1
nhảm nhí vai,1
nếu không có thừa kế của cha mẹ thì tài sản chia đều cho các con,0
nhạ ngọng. học sinh thi trường lào là đỗ trường ý,1
chi oi chi chua gap bac ky dau .chi ma gap roi chi khong con kip keu mot tieng troi dau chi ak.it nhat chi cung nghi den nguoi nha chi chu.chi o dai loan ma chi dang noi tieng viet ma .chi tu chui minh thoi.,1
"cho em hỏi dư luận viên đi ăn có được giảm giá không? tiền điện, tiền xăng... có được miễn phí không ạ! emoji",1
"tập này cô nói chuyện dễ thương quá, đúng chất miền tây lun.",0
giàu mà sao não để ở đâu vậy đức ngọc,1
vậy là barca mạnh hơn đội trụ hạng rồi. ít ra cũng ghi được 2 bàn gỡ.,0
thư minh vào nghe nhạc anh mèo của bạn nào đấy đi cậu emoji,0
thần đồng toán học lỗi lạc nhất lịch sử loài người,0
"bốn bộ ngành giám sát , trách nhiệm chia đều cho 4 bộ?",0
khong bít viết xong tâm thư này chị ấy có bị triệu tập khong,0
ánh lêtrang ciuukhánh lylệ suri hnao đi ăn cưới nhớ make xa xa thế này nhéee,0
cảm ơn các vị lãnh đạo đảng ta đã tạo điều kiện cho những đứa trẻ như con của tao vừa sinh ra đã mang nợ trong mình.,1
"xam quá đi , gặp mấy con quỷ khùng cười muốn sạc luôn",1
địt mẹ chúng mày cmt lịch sự chút đi.. emoji emoji,1
"rất thực tế. bây h trẻ, già đâu có mấy ai ăn bánh.",0
"hn kb ai dính nữa khong , chả thấy công bố để biết tình hình nhỉ .",0
dit_me...thằng assmin mặt l.. hiếp zdam thị giác...,1
tự nhiên nghĩ lại thấy đẹp trai cũng là cái tội ae ạ,0
rap nói thật không có ca sĩ hát phụ mà live trực tiếp nghe rất chán. năm nay thi rap mùa đầu tiên nên mọi người sôi nổi. sang năm lại chán ngay ấy mà.,1
vậy ? cái tiền hỗ trợ này sẽ vào túi ai ? túi thằng xin hả ?,0
ông này chắc là bọn tân thiên địa nằm vùng bên mình rồi....,1
"cảm ơn nhà sư.những nơi thì_,thà lang thang thế này còn hơn vào trung tâm bt cho các loại quỷ đội lốt người có cơ hội ấu dâm emoji",1
"không nên mua fadil. lý do thì tôi không tiện nói ra ở đây, bạn tự tìm hiểu.",0
"dân chủ ở đâu vậy các bạn , à tên của nó là bảo hiểm bắt buộc mà !",1
đánh răng 3 phút đến từ vị trí của quang ngọc trinh )),0
chị ba vàng ngọc (xàm lồng kakaka)đó em,1
tốt nhất là giết bỏ đi vài thành phần óc chó đó là vừa,1
"năm nay táo quân vi hành hạ giới nha, khong thiết triều nữa",0
ghét mấy thằng lìn quay dọc vai,1
lồn đâu có. cái gì cũng có nhưng thiếu cái lồn,1
nên kết nạp lảo ta vào đcs vn để làm chủ tịch nước hay thủ tướng để lèo lái vn trở nên hùng mạnh như nam hàn để không còn ai trốn qua đó làm công hay ở đợ nữa !,1
me nhà no,1
khả năng thằng ad chỉ có thế. thông cảm,1
nhìn mặt nc . là bik bộ mặt giả tạo . bữa đó lôi tên cô mình hiếu vo trước . giờ nói kiểu xạo lol,1
sơn nguyễn chuẩn đm phí tiền vé vai,1
chậm chậm clg mấy con bò rảnh háng này,1
"vâng! báo từ tháng 12 năm ngoái mà lại chê trình độ của người nhậm chức năm nay, vãi bướm quá",1
má nước mắt cá sấu kìa trời,1
đừng để con trẻ phải chịu hậu quả do người lớn làm sai.,0
"chẳng cần bộ dạng ra saocó nhân, dũng, trí cướp nào cũng kinh.",0
dieep nguyyen đỗ minh hoàng thuy dung thai mừng mấy má ưii kk,0
tới quảng cáo coi cũng hay nữa quý dzị emoji emoji,0
ở gần nhà có ông bị khùng chuyên mang quần trong dài hơn quần ngoài như vậy đi ngoài đường. tính ra gu ăn mặc của a tiệp còn đi sau cả ông khùng xóm e,1
khong biết có ai nghèo ở vn nhận đc số tiền tỷ tỷ tỷ của nó chưa.kể tài sản của ng khác rồi xạo lon của mk.bóng này là bóng dơ bóng dũa nail chứ có cl gì.,1
mình cũng muốn thử nhưng lại chơi không được giỏi :)),0
mạnh trí hà đcm )),1
"ủa cách li 1 mình hem muốn, cô đơn nên muốn cả nhà cùng cách li",0
ăn bom trên nhà thằng adm trốc tôm thôi,1
ha ha ha hãy cười trên con cá chết dân chết chính phủ không biết,0
"chi tiêu thì kích thích nền kinh tế thôi, tiền tài trợ mà.",0
elipsport trịnh đức nó nói nghèo có nhau ... bác hiểu khong :)),0
nguyễn thị hương thế sao khong ở bên đó luôn mà chữa nhỉ,0
sao e bật thông báo roi mà khong nhận được thông báo live ạ,0
nghĩa nguyễn mai mốt chào nhau là phải như vậy nha,0
"nó đài loan ,mà bà lên sài gòn kiếm làm sao gặp nó emoji emoji emoji emoji",0
"nhỏ nầy nói chuyện ngong cuồng ,mày có làm đc hôn",1
dit_me ad,1
ý nghĩa của trend năm nay là dịch bệnh nên ăn lz hết rồi emoji,0
cô minh hiếu nc dễ thương dì đâu à. love cô emoji emoji,0
em trai nên từ bỏ ý định bắt rắn nghe.. trong suốt cuộc đời này,0
chi 3 nói hay .nói được làm được .nhìn là biết chi giàu rồi,0
mat day qua bac ky lam gi den linh dien ma dam chui tat ca bac ky nhu vay,1
nếu tính như các nc tiên tiến thì lấy đâu ra tiền để con dịnh cư ở mỹ,0
lê việt hùng anh hoàng việc nhẹ lương cao cho 2 em xa bờ này,0
messi ra đi thì cái ghế của ông cũng lung lay chứ sao,0
"giá xăng rẻ hơn vài ngàn đồng, thu nhập cá nhân thì thấp hơn vài ngàn đô, thiên đường xhcn",1
coi như rửa nhục trận thua mất mặt 0-4 trước sevila ! chúc mừng bayern!,0
"trúc quỳnh đào không ý gì đâu , nhưng mà của tùng là say meo meo :3",0
ngọc nữ trần minh chiến 2 chị em. coi cẩn thận. đừng ra ngoài,0
kệ mẹ thầy,1
vai :)),1
"đây đích thị là chính sách ngu dân mà... bắt chước các nước tiên tiến trên thế giới thì khong bắt chước, muốn đua đòi theo các nước kém phát triển -))",1
nguyễn nhật đông ý là người ta dự đoán những việc ông này làm thôi à,0
ở bên nhật 3 tuổi mới tiêm viên não nb sao ở vn 1 tuổi lại tiêm,0
"92 doanh nghiệp khong có ý rời đi, kết quả chẳng khả quan mấy",0
lại hợp tiến đây này đá giải còn phải hoãn hết đây này,0
quảng trị quê tôi!năm xưa bom đạn xới cày.ngày nay bão quấy xóm làng tan hoang,0
thua trug hết dân nó dù ở hải ngoại theo hay khong theo cs dân nó rất đoàn kết còn người việt mìh bág bổ phỉ bág ...nhau 40 năm qa,1
..đừng chửi thâm quá mà hãy chửi kiểu hại não thôi cho vui,0
cái quần què gì thế này chời :))),1
giang hồ ngậm buồi chứ đéo yêu nhé ông sói )),1
chi oi e dang kho vi con corona nghe 1 nghin do em bi choang,0
quả mồm sang đéo chịu dc kk,1
game cuối nhím hoặc bô làm quả mvp thì ngày vui trọn vẹn mẹ luôn :))),0
"ai cũng biết. đã là chửi thì chửi thẳng, vòng vo nói nho nữa thì đổi tên page đi. đậu má rau xanh.",1
từ bi mà chửi đụ má đụ mẹ,1
"khau nghiep khong chi doc ma con ac ,day la tinh cach cua con nguoi hay sao ,, ???",1
sân bay chưa xây mà cao tốc kẹt như cơm bữa! đường khẩn cấp mà chạy chiếm hết ý thức!,1
"về cơ bản làm cán bộ ở vn dễ vai ra ấy cứ việc nghĩ ra ý kiến linh tinh giống như việc cải cách giáo dục thi đại học ,đề nghị giảm học phí cho con e ca , ngực lép khong lái xe , hay bộ y tế đề nghị thay áo blu , giờ thì bình chữa cháy v .",1
chị ba là mẹ của cẩm sục kẹc,1
"bọn cầu thủ toàn yêu đảng, ủng hộ độc tài khong đấy...khong nhận ra được điều đó à",1
kẻ tổn thương lại muốn tổn thương người khác....??,0
tự chia theo tình thân để gia đình không bị mất tình cảm vì đất nhé.,0
"sửa lại câu chữ đi e ơi. trên thì thứ trưởng, dưới thì bộ trưởng",0
xinh vaicalon y kien gi,1
sao nó sống tới tận giờ đc nhỉ,1
nguyễn lê minh nguyệt để xem nói vậy rồi có làm đc hông :v,0
con sâu gặm tiền,1
"tôi sắp trễ, chuẩn bị đi làm mà không thể bỏ qua video này được.",0
đứng nhất người việt nam là một người việt nam là một.. đúng !,0
"hình như đằng sau là chữ hotel, bỏ qua bước hôn má luôn ấy chứ emoji",0
"không có clip thì nghe chả ra gì, các loại nhạc trẻ underground, hoặc mấy bài hát lời nhí nhố bây giờ đều thế",1
"hẳn là ch!ch khỏe, ch!ch phê, đê mê tối ngày!!!",1
bố toi là tàu lai..mẹ toi là tầu lai..sanh ra toi là tào lao,0
nói thật là nhìn thế nào thì cũng không thấy thiện cảm với ông này.,1
khi đất nc yên bình chê nghèo đi nc ngoài sống giờ mắc dịch lại đòi về vn.,0
"trước tôi cứ nghĩ rằng chỉ có quân vô lại,trộm cướp mới phải núp lùm chứ?ai ngờ thế sự nhiễu nhương trộm cướp công khai còn......thì núp như chó.",1
"tôi thích những chiếc bánh trung thu truyền thống, nhìn vào tôi biết ngay là bánh trung thu còn những chiếc bánh ở trên nhìn vào tôi tưởng là bánh bao hay bánh gì đó.",1
chúc con mãi mãi bình an. mau ăn chóng lớn nha con trai.,0
"thanh minh cho trần dần, trần dần không bị mắc covid 19 đâu, bác sĩ chuyên chữa bệnh thần kinh, kết luận, trần dần chỉ mắc bệnh tâm thần thôi, bệnh này hay ăn nói linh tinh bừa bãi, bậy bạ lắm,",1
2 cái lỗ mũi to zậy mà vẫn thấy ngột ngạt là sao nhỉ emoji emoji,1
"ngày xưa, với chỉ nước vnch nhỏ bé, mà đã ngự trên ngai vàng rồi, vậy mà khi thống nhất (sợ từ này lắm) đất nước gần nữa thế kỷ, với sự lãnh đạo tài tình, sáng suốt, đào nam lấp bắc của đảng, vịt lam mới mon men bò lết lên tới nơi. vịt lam vô địch.",1
"cái lồn mẹ ở đây người ta nói chuyện công ly chứ đéo phải tống tiền nghe chưa con chó ngu , dizz mẹ mày cty đem tiền tới họng mày thi may làm sao con chó , người này nghèo khong có học thức bị tụi nó chơi , hiểu chưa con chó ngu ,",1
"tôi xin rút kinh nguyệt nhé... mợ, mỗi tháng rút 1 lần nhể",1
đạt tiến địa hình này bắn ra hay bắn zô nhỉ emoji,0
bạn bè bên dai loan và bên nước việt nam mình khong tha thứ cho no cho nó một bài học cho nó biết thế nào la suc phạm dân tộc việt nam khong cho nó bài hoc nó khong sợ dau an nói tuc tĩu mất dạy quá,1
ai trả biết a lắm tiền. lắm tiền đi du lịch tha bệnh về. chứ cứ ở quê như e chăn trâu cắt cỏ nuôi cá. làm sao mà nhiễm bệnh đc. bệnh nhà giàu là thứ bệnh mới,1
dan khong to đọc cười như chó. sẵn tiện like cái page này hay nè con thú,0
phi quý dầu thơm mùi nhức đầu chết mẹ )),1
chúc bôm nhiều sức khỏe. khâm phục ý chí của anh tuấn quá.,0
trịnh hà vy thì rủ h đánh bài chung cho h ngắm :)),0
"đm! thắm ơi! lâu lắm rồi khong chửi bậy trên fb, cơ mà đang cú quá, đéo biết giải toả ở đâu cả, viết ké ở đây nhé! cái đcm nhà m nữa! add bố m, bố accept xong lại chặn bố à? đcm! hl thế? bố đéo rảnh để quan tâm chúng m ăn uống ngủ nghỉ chơi bời thế nào đâu!",1
má cái ông già này. trẻ trâu việt nam nó chém khong trượt phát lào chứ ở đó mà súng bắn khong trúng...,1
khi vào game anh như sát nhân đối thủ ló mặt là anh giết hết :v,0
xứ thiên đường cái lol gì cũng hơi tí là phạt,1
đón trung quốc sang chiếm nước :))),1
chuyên môn của bả là đi bắt lăng quăng trừ hại cho dân,0
bóng dơ,1
"ơ, thế bà già của mụ này ngoại tình vs ông hồ lòi ra mụ ah ?",1
"có gì nói đó, ai buồn thì chịu chứ không có để bụng emoji_love",0
em mê con nhỏ ngoài trần duy hưng nhưng phải cố gắng nhiều hơn !!!,0
ngắn gọn và dễ hiểu 6 quả bóng vàng và 6 giày vàng,0
"doinb sau khi chơi 1 tay với thầy, và từ đó chúng ta có anh trung 1 tay :))",0
minh quan vo hoang chị huyền khánh phùng là em gái chị e ạ,0
"dume. đầu óc đ gì cứ như gói trà túi lọc ấy, tinh tuý thì thoát hết ra ngoài, cặn bã thì ở lại",1
trung quốc chỉ có chính quyền mới vô nhân tính thôi còn dân của họ vẫn văn minh ý thức tốt..đâu như ở việt nam 1 số thành phần người dân quá thiếu ý thức giờ sự việc nghiêm trọng cứ tiếp tục thì hậu quả khôn lường,1
cũng muốn làm lắm :)) nó chúng nó bảo t toàn đi cà khịa nên khong ai xem đâu ),0
"xem cô vài lần thấy cô chân thật ghê, giỏi giang chịu thương chịu khó.",0
quốc thắng ơ bắt bạn phải vào tl cmt của tớ à ơ lạlol ghê,1
tại anh mua giải hay do anh chip phù hộ nói gì cũng cho đúng sự thật đi :)),0
tùng sói đâu mách mẹ trang cho bố độ ôm gái kìa :,0
chỉ có óc chó mới nghe giặc tàu,1
địt nhau,1
khong xài thì bị thu đồng hồ )) vô lại đồng hồ 10tr )),0
cam on da quay clip ngoại cua e xem cuoi qua troi,0
"nam bắc gì, cứ nói tới người việt là khong chỉ thế giới mà chính đồng bào ta cũng nổi hết da gà! từ xấu hổ đâu đủ để diễn tả! đã có hiện tượng lãng xa đồng hương và khong nhận mình là người việt trong giao tiếp xã hội khi đi nước ngoài!",1
"con này thực sự nó giống như con thú nhốt lâu ngày, nó chửi cả dân tộc, cho dù thế nào chăng nữa nó cũng phải được truòng trị để làm gương cho những kẻ khác việc nó xin lỗi mọi người có chấp nhận chăng nữa chẳng qua là một tình tiết giảm nhẹ thôi chứ còn t",1
anh ba tư duy cao y như bò cube emoji,1
hướng dương ừ vừa lên đọc lại thì xác nhận là chuẩn,0
rút kinh nghiệm là lại đc sài nghìn tỷ .,1
thì kệ con mẹ bạn làm như bạn là trung tâm vũ trụ ai cũng cần bạn z? thể hiện quan điểm con cak.,1
biet chung nao co tien nho noi thoi dung lam dai tram trieu,0
sao mình thấy bây giờ diễm hương đẹp hơn lúc đoạt hoa hậu 10 năm trước nhỉ? không biết có nhờ đến dao kéo không nữa?,1
thôi thề làm j khong lamg được các cháu thiếu nhi lại cười cho..!!!!,0
nhìn bà cụ bán hàng cực khổ vậy mà nó cũng lỡ lòng lấy của người ta .,0
cho em làm fan cứng với em rất thích anh với anh hiếu lợn ạ : (,0
tưởng tượng đây là miếng thịt trâu gác bếp :))ăn thấy ngon hơn hẳn emoji,0
":) trung cộng muốn thắng thì tốt nhất nên cử cán bộ qua việt nam học tập, mấy thằng chưa học hết cấp 2 còn lôi lên làm lãnh đạo được, thì giải quyết hongkong chỉ là chuyện nhỏ",1
"cáo buộc người cậu phạm tội hiếp dâm thì cũng phải cáo buộc người mẹ bao che, tiếp tay tội phạm chứ nhỉ?",1
"hãy thận trọng các xếp ơi , để bùng phát nữa khổ lắm ạ .",0
đỗ khánh dư có mỗi cái emoji emoji emoji . tìm trên hình ảnh chắc có nhiều...,0
quả đầu này làm lồng đèn chơi trung thu vui phải biết :)),0
"lâm quốc huy đại học là oke ông , còn cấp 3 thì coi chừng thầy cô nứng :))",1
2 con đien...,1
không được nhầm lẫn giữa vùng thông báo bay (fir) với lãnh thổ vùng trời,0
"ông bố này kinh thật, lấy luôn cả bơm xe đạp đánh",0
đáng lẽ nhà nước tong chúng nó ra đảo hết mới phải. mang tiền đi du lịch rồi mang virut báo hại nhà nước,1
chào nhà báo vũ hoàng lân. chào danh hài vũ trụ trần tiger:-),0
ý thức còn kém hơn điểm toán của tao,1
thằng vc nào thì củng đều là lưu manh và gian trá .... chức quyền càng cao thì độ lưu manh càng lớn .... đm bọn vc ...!!,1
luật do bọn tham nhũng soạn ra thì đương nhiên là luật phải bảo vệ bọn chúng rồi,1
nha tien tri tran dan co don duoc khi nao minh bi nhiem corona hay khong,0
bỏ số dt ra xài mạng gì ... khùng chết mịa,1
cầu mong anh sớm bình phục để có một cuộc sống bình thường.,0
nguyễn hoàng sâm lồnn sâm,1
minh nhật éo chết vì dịch chết vì nổ đt emoji emoji emoji emoji emoji emoji,1
đ nói nhiều cái thằng quốc khánh,1
bề dày cuộc tình của ca sĩ này quá khủng. thay chồng nhiều như thay áo.,1
"tháng trước nước ngập tới háng , bi chừ thì không khí ô nhĩm ....",0
em nghe mà mừng quá các bác ạh ngửi cái mùi này là em say luôn á,0
đm cái con nhà quê nhiều tham vọng !! sủa ít thôi .,1
"giới trẻ ngày nay ly hôn nhiều thật, đúng là cái tôi quá lớn nên khong biết nhường nhịn",1
vô văn hoá vai nè )))),1
để vụ nổ xảy ra thì nguồn nhiệt ít nhất trên 150 độ c,0
miệng con này còn thúi hơn cái hầm cầu,1
"kể cả thế, bh báo chính thống đưa, thứ bộ trưởng phát biểu mới tin",0
bạn trai nhà người ta chưa bao giờ làm tôi thất vọng :)),0
viết phúc ò ông lại tưởng m xl quá nên nó khg cho emoji emoji emoji .... hụ hụ,1
vn thi deo no no cho trung quốc bon dien,1
nghe thì có vẻ lý mạc sầu nhưng thực tế có vẻ rất mộ dung phục !!,0
"mỹ nói thật. virus trung cộng chuyên nói láo, nó giấu diếm, phải thêm số bị nhiễm của nó 2 con số.",1
ai cũng hiểu rồi chỉ là chưa có ai đứng lên dám làm j thui,0
giờ mới nghe ....trời đất ơi cái miệng nó dơ bẩn vô cùng ...bởi vậy giờ cả thế giới đều khinh bỉ ...trời ơi ...khẩu nghiệp vô cùng .. emoji emoji emoji emoji emoji,1
4k8 con mắt đang xem chắc chắn ăn tết xa nhà emoji,0
chi ba oi chi noi hay qua em đang khô chi giup cho em xoa ngheo chi ba oi,0
bên nc ngoài làm thấy mẹ bày đặt đm,1
bất chấp tất cả . heyzza,1
khong có son10 của barcelona thì bayern munich khó mà thắng đậm như trận 8-2,0
nhung phạm giống mình đi kh quen nghe mùi máy lạnh là ói sml,1
"các bạn đọc thông cảm bme của tg ad đi gặm xương rồi, khong mang nó theo nên nó xàm lồn, ngồi liếm cứt của bọn bốc bãi cứt ra ăn đấy",1
"ad phân tích chuẩn,tư duy thứ 2_thích làm bố mẹ thiên hạ,biển xanh ở vn ra đường dân nể lắm,dạt ra mà nhường đường, có phạm luật gt cũng chả ai dám thổi phạt,csgt nào mắt có kèm nhèm trót thổi xuống cũng cười là xong",1
nay làm thợ sửa xe ô tô đồ emoji té cái đùng emoji emoji,0
sao lại có loại người này tồn tại ở trong cái xã hội này nhỉ .,0
bao giờ cho đến ngày xưa?chúng ta hãy biết ơn lịch sử suốt từ thời 3 lần đánh nam hán trên sông bạch đằng.đừng như bây giờ tên cũng không dám gọi.chúc bác lượng luôn an toàn!,1
"thì fake thì nói đại đi , hàng bình dany , bình dân qq",1
bê lol chạy quanh nhà emoji emoji emoji,1
"tôi hoàn toàn ung ho quyết đinh của vt, màu xanh của hy vọng",0
huỳnh dương bài này riêng t thấy tệ vai chứ kp như b nói,0
mới nêu được thực trang. nêu được giải pháp thì đáng nể,0
"ngọc hải ê, biểu tượng cl của m thành trend bên hàn quốc luôn roi kìa..",1
sốp pe hân hạnh đồng hành cùng chương trình này:)),0
thím khong thấy 2 cái áo lót ở hộp chữa cháy ah :v,0
3 pro player phải gánh 1 con gà 1000kg,1
minh trọng fan cứng này từ lúc page mixigaming lập ra cơ mà )),0
trang lồn trâu này chả khác đéo gì việt tân. fan thì địt có ai. toàn gây thù chuốc oán cho nhau. còn những thằng cmt ở trên vs những cái suy nghĩ lệch lạc cũng chẳng khác lồn gì lũ bán nước.,1
con cho,1
tiên tri trần dần về việt nam ở nghĩa trang bình an,1
chặt cái đầu heo nó xuống,1
"3 tỷ mà tất tay thì rủi ro lắm, để 1 tỷ phòng thân nhé",0
cô khong lên chương trình là con khong biết cô thuộc lgbt luôn á emoji_love,0
ít tt page đăng bài lên bộ tộc không đc duyệt vẫn được fan cứng :v,0
mai anh tuân sủa cmm à,1
sờ chim a ơu,1
dân chống nhưng quan chức không chống,1
"trách nhiệm cũng do bố mẹ các cháu quá nuông chiều con cái dẫn đến nhiều cháu hư, không vừa ý là tỏ thái độ phản ứng thái quá. mong các gia đình chú ý đừng quá nuông chiều con cái khi còn nhỏ.",1
thối nát.đkmm,1
mối nối giữa bê tông và đế thép của cột điện chưa được chắc chắn,0
"yun huỳnh chỉ quá cảnh thôi mà cậu, nhiều trường hợp không có triệu chứng mà",0
"cá này ở vn có không, thịt ngon không?",1
con này chắc không có gì làm nên rảnh nên bày ra tay đôi nói bậy,0
nhưng ở việt nam nó lại thâm thuý vô cùng emoji emoji,0
"bậy à, éo phải cơm sườn mà là cháu ngoan boác hù",1
anh minh đéo hiểu sao giờ còn làm mấy cái trò trẻ trâu này,1
"chặt chồng đôi heo đỏ, tứ quý :)))) mulan ấm roi :))))",0
cho quét vân tay đi mấy an ninh ơi. chứ thôi lại bị.,0
linh kutequê e có bác hồ.quê a cũng có bác hồ đó.,0
đình quang e cũng muốn chồng tương lai e sẽ xấu như anh emoji,0
"kinh doanh khôn như ajax vì có 1 vị ceo tài giỏi như van der sar. ngó sang gánh xiếc barca thấy cảnh su thỏ bị đuổi đi, khóc gạt nước mắt ra đi mà tội nghiệp. bartomeu mua về một mớ bom xịt tốn gần 1 tỷ usd mà vẫn khong gành nổi cục tạ 8200 kgs.",1
ốc chó mới kêu cầm cờ việt nam diễn tập.,1
hết nói nổi emoji emoji,1
linh chi bạn nói đúng đó có maya người kh biết cứ ở đó mà gáy :),0
ngày mới hy vọng mới và niềm tin mới. chúc thế giới an lành.,0
quang chivas bố tổ sư thằng bại não,1
nhớ đem giáo án này dạy cho các bạn bên đó nha thầy,0
tôi thấy cháu tôi học lớp 1 cũng bth mà. còn ít hơn tôi ngày xưa.,0
minh anh mai xin mọi người 3s để like và follow cho fanpage của mình nha.,0
võ ngọc mỹ duyên ừa haha mấy anh mấy chị hỏng biết đó nà cái lồn đâu bé )))))),1
"vân annh tin rông tin rài , cứ đi chơi đi , sống chết có số emoji",0
phải nói nể mấy bố edit thật nhận dạy đệ cho e theo với !,0
lỗ mũi chuột yêu quái trong phim tây du ký phần 2 toàn là yêu quái lạ khong.,0
cảm giác như gặp công chúa annabelle phiên bản mắt bé.,1
giống mấy thằng fan ntn. chê thằng ntn làm video thiếu ý thức xong nó nhảy vào bảo có bằng ngta không mà nói clm )),1
sạo lồn,1
"đấu đá nhau khốc liệt,giã dối hơn cả xh đen.vì có quyền điều khiển đc dư luận qua báo chí",1
clm t lạy ))),1
cầu mong thần cá voi và thần cá heo giúp nhật bản qua đc cơn hoạn nạn này,0
i10 chắc chắn hơn. morning đẹp hơn. tùy vào nhu cầu của bác.e vote i10,0
cơ quan điều tra việt nam giỏi nhất thế giới ....trừ tiền bẩn của quan tham !,1
nguyễn thu hường xin nghỉ về đi. cuối tuần còn ngày truyền thống,0
ae đặt kèo nào tài hay xỉu đây trai là tài gái là xỉu ))),0
kiểu như chúng thách thức: tao kí tao xài đấy ai ý kiến lên phường!,0
hành trình này cần người cùng bước chung lối và mình thì đéo có ai :)),0
đây mới đúng là ván bài lật ngửa..... ha ha ha ha....,0
tết nhất đầu quân bộ đội có tiền đầu tư phát triển cái bộ tộc,0
"vài bữa mà ho như chó sửa, thì bắn mày luôn nha.",1
ngay bên cạnh còn thấy codon nữa nói gì yêu xaa emoji,0
"chửi vô tội vạ mà đéo biết báo từ đời nào rồi,và chỉ phạt các doanh nghiệp mua điện nhưng lại khong sử dụng để tránh lãng phí thôi chứ dân dùng bằng nào thu bằng đấy,toàn những con bò",1
"phương noble s dẹp, dẹp hết... về bố cắt cho emoji emoji emoji",0
"đau lòng, chính những người thân lại là những người chăn dắt, lạm dụng",1
biết vậy sao vẫn mở đường bay quốc tế??? rồi khi dịch bệnh bùng phát thì ngành hàng không và du lịch có chịu trách nhiệm hay không??? chịu bằng cách nào???,1
:)))) alo có thằng ngu mr gripex ở đây không :v,1
đụ con đĩ mẹ thầy nhá,1
mỗi lần thấy nhà vua là trong lòng lại thấy buồn rượi : ( wakanda forever,0
nó vẫn cứ nghĩ hút thuốc trên xe là chuyện bình thường,0
quay đi quay lại cũng chẳng yêu ai cô ấy cả emoji,0
tìm hộ vị trí sa béo bảo lão ấy về livestream đe anh em.,0
cho dù jack có như thế nào thì mình vẫn cứ mãi anti jack.,1
xin lỗi em vì đã yêu em trong thời điểm kh có gì trong tay.,0
cha oi khau nghiep coi chung cai mieng cam bay gio,0
thu 3d may ma sao lon qua,1
bat dau tien trinh ban nuoc cua bon cs.,1
"ung hộ mở phố đi bộ khu thứ 2, noi bui viên ra các khu lân cận.",0
làm không được gì nhưng bu thì chắc là được. mà là rất được,0
hi vọng lần này daklak sẽ ẵm vàng sau bao năm có cầu truyền hình,0
xạo lồn quá chị ba ơi,1
ở nghệ an . mưa sml mấy ngày liền . chơi nhỡi gì nựa,0
đây là một vấn đề hết sức quan ngại,1
chơi kỳ vậy ? luật phải áp dụng với tất cả mọi người chứ tại sao lại có ngoại lệ là tesla?,1
chỉ có trí tuệ việt mới làm được điều phi thường như vậy,0
đây là táo quân diễn ở praha kiểu vi hành.htrc đạo diễn đỗ t.hải chia sẻ roi mà,0
sai ở chỗ nào? mong bạn chỉ ra. toi là dân kỹ thuật nên khong rõ.,0
kim thanh đm thanh nhé,1
mcvmedia nua co phim gi cho em dong vs nha.mong chuong trinh repp,0
khốn nạn thật. nhìn hai cái mặt là biết khong phải con người.,1
mới biết rằng trên đời có con so giống giống con sam.,0
mèo tôm là con mèo tên tôm hay giống là mèo tôm ???,0
xe lắp ráp trong nước làm gì có mấy hệ thống này đâu,0
cả họ con này bị ma ám,1
huhu. làm fan mềm mãi chán roi. muốn làm fan cứng cơ ạ,0
hỏng biết có ai kiểm nồng độ không mà đi lạc nguy hiểm quạ!... chúc mừng ông!,0
"đưa ra rồi mấy thằng bác học, mấy thằng tiến sĩ thạc sĩ nhục cái mặt làm sao ? đưa ra rồi còn đâu dự án cho mấy ổng ăn chia nữa, xời dễ hiểu",1
nhật linhh khẩu trang đang thiếu bạn ạ mỗi hành tinh 1 cái thôi,0
00:18 có ai thấy hình con mèo trắng đang quay đầu không xd,0
trung nami với tú khazix càn quét vcsa hồi nào :)),0
nói chung là con người điều mong muốn hơn cái hiện tại.,0
lại khoe chiếc ảnh này vì các chị vs các bạn trường tôi múa đẹp,0
một người cha đáng mơ ước . chúc chú và gia đình sức khỏe .,0
anh độ ơi ngái dứa vailon,1
"đọc cười như khùng giữa khuya,ck toi mới tán toi sml kk",0
con chủ tịch liệu có dám chi 400 tỉ cho những gì con gái họ làm không :(,0
"phạm anhquân ae kênh chát diễn vai , khong thấy câu chửi bậy nào luôn",0
toang x2,1
cũng muốn mang tiếng dân làm việt lắm mà hôk được,1
ars cần cải thiện nhiều. dù sao thấy thắng là yên tâm,0
cái a nào hi sinh xe máy cũng đáng. giờ thì quy định mới mỗi xe phải có 4 bình cứu hoả loại to. vai mấy bố đầu tôm,1
- nhìn bánh của ông hấp dẫn hơn mấy loại bán tràn lan ngoài đường,0
mình thấy mua con toyota wigo là ok nè.tiết kiệm xăng rộng rãi nữa.,0
toàn những người có đồng bạc đi chơi xong đem virus về nước emoji,0
có sela khong thầy? nghe bảo sela chơi 6 hải tặc kinh lắm,0
văn tuấn mai bạn ơi ngta bán hai loại .loại chính hãng vs lại b.dân,0
em dậy thì thành công quá moi_nguoi. khác nhau có mỗi cái mặt :)),0
thật tốt khi người nhà nhận diện ra. hi vọng mọi việc được tốt đẹp,0
attrage đi bạn. lưu ý khi mua xe đấy thì hay bị cây xăng ghét lắm nhé,0
mấy ông xác định danb tính fb đc khong làm giúp vs,0
sena cũng có có tuổi nhưng tiuooir lôn,1
chuyện tình ngày xưa a độ đi tán gái tán phải cô tên trang,0
chụy này có cần sđt chùa ba vàng để giải nghiệt khong ta,0
dan khung ma ten tri gi dau,1
"thôn làm vậy là do thôn lầm, thôn lầm nên dân nó ghét, nó bật lại là thôn cái lù",1
tìm chó thất lạc đặc điểm cực kì thuyết phục,1
cầu mong bão giảm cấp nữa đi để đồng bào miền trung ruột thịt đỡ thiệt hại,0
trần tuấn hiệp :) chị còn nhiều hơn em một năm xem táo quân khong có ny,0
nguyễn thị hồng lê diễn rồi hả cưng ? khong hay à ? chán thế,0
mua trái phiếu của doanh nghiệp tư nhân như chơi dao nắm đằng lưởi .,0
các cụ có câu gừng càng già càng cay quả không sai,0
bài nào cũng cmt nhưng vẫn đ đc fan cứng emoji,1
nguyễn vũ thu phương châu minh nhi uyen làm đi kiếm tiền mua goods,0
một thanh niên lương 7-8 tr 1 tháng cho hay emoji emoji emoji,0
dân miền tây nam rất thích đeo vàng khoe khoang nhỉ,0
khánh hoà tuy khong gần 35 nhưng lại gần 34 mà vẫn đành lòng khong cho nghỉ. bệnh...thành tích (em nói xong đừng ai ném đá em nha),1
"thời đại h làm j còn giang hồ. toàn tụi lưu manh, chó sai cho công an. vì đồng bạc bán rẽ lương tâm. dùng từ giang hồ thì xa xỉ quá.",1
tuyệt idol tao phải khác với idol của những đứa khác,0
ông trân dân.khong so.tinh bao.hoa nam.luôn .ha la ông gia.khong so.,0
lê thị bích hồng tk trẩu,1
"ý thức người văn minh có khác , cao chót vót đéo với nổi .",1
"wave alpha, bền, tiết kiệm xăng, dễ sửa chữa. chốt.",0
có 5 thằng like. có nghĩa bên cạnh thằng óc chó có thêm 5 thằng óc như chó :)),1
"thảo đào văn đã nói đúng lại còn nói to , ha ha ha",0
như cl luôn )),1
người ở giữa nhìn là biết lớn lên sẽ làm doanh nhân thành đạt rồi :v,0
giá đã niêm yết. ngu mua đắc chí để thằng ad sủa. tuy nhiên cũng phải chấn chỉnh cho nề nếp,1
lưu tuyền sắp đến mùa rồi cô ạ ai rủ buôn đừng buôn emoji,0
hùm dữ không ăn thịt con...còn tên này không biết là con gì luôn.,1
không ngờ mình ở gần nhà của nhà tiên tri ở việt nam,0
nguyễn thanh thúy giọng chú còn đi đc vào sâu hơn nữa cơ ơ ơ ơ,0
kiểu xe cùi mà nhiều người mua thì thành xe sang.,0
"thấy chị chi dễ thương quá hà. , nhất cụm từ chứ nhiêu . chứ nhiêu , h",0
"tuyệt quá, going ca hoài lâm ngày càng trưởng thành, hát rất cảm xúc.",0
"tao thấy mày giống sát chết đang ngồi quán, con quỷ ơi",1
ai lớp du chu cà mo cô. khoái cô bất chết à trời emoji_love emoji,0
các em nầy khi vào báo công ngủ với ác hồ thì phải chỉa vào mặt ác hồ như thế nầy nè :,1
chỉ chịch xã giao thôi )))),1
tep vịtt từ nãy đến h mới có 1 bạn nói đúng xúc động chảy cả nước mắt,0
cầm thú mới sàm sỡ qhtd cháu ruột mình như vậy.khong thực hiện trách nhiệm nuôi con mà còn hành hạ con đẻ.cạn lời .,1
khi các nhà đầu tư nhỏ lẻ giải đáp được câu hỏi vì sao thì mọi chuyện đã xong !,0
đúng rồi cô ơi cô mình hiếu yêu cô emoji emoji emoji emoji emoji,0
"nói nhỏ thôi, chứ nói lớn quá bọn áo xanh biết chúng nó mang về hết giờ",0
thôi xong. thương hiệu này chắc sẽ không thể tồn tại được nữa rồi.,0
"mai là tròn 14 ngày kể từ hôm đó, hi vọng khong sao emoji",0
phạm thùy dương mạnh duy changg nguyễn tag ai đó đi moi_nguoi ơii hihi,0
nhật anh vui thôi đừng có vui quá hong thôi lại mất vui nhee :))))),0
lag cmnr,1
"bác dần mà khong phản động, lập kênh youtube là phô lô liền. nc nghe vui phếch",0
dit_me. chúng bây sủa bậy còn nói à. nguòi ta nói câu này chúng bây dịch ra câu khác. nói nguyên văn thì có phải hay hơn khong,1
cái thẻ ngành cứ photo lại cũng cầm đc cả tỉ bạc đấy,0
lisa cailay dễ thương duyên dáng hết sức à :3 i lớp du chu cà mo,0
nguyễn hiếu m là con nuôi à hay sao mà biết hay thế,0
chẳng lẽ ngưu lang chức nữ hết lệnh cách ly rồi ta,0
các chú đoán xem con có nỗi tiếng bằng ông già nhà con không tar ?,0
nhìn mặt thấy mắc ỉ à :))),1
"quốc bảo lưu lên phường làm việc là biết liền nha, đôi co ở đây chi cho mệt",0
cái chế độ vc này bàn tay nhuốm máu không biết bao nhiêu người tù vụ cải cách ruộng đất cả trăm ngàn người chết đến vụ học tập cải tạo thêm cả trăm ngàn người chết!,1
"toi thích bà này, nói chuyện thẳng thắn không màu mè.",0
cô ba có râu ha ha,1
"tâm thần cho nghỉ việc ,không đề ảnh hưởng đến ngành ca!",0
cố lên abe. qua đó nhớ mang poppy sách phép khè cho ae all star sợ nha anh 3,0
"lấy thẻ đảng làm kon mẹ zì trời ? miếng giấy lộn mà cũng gạt đc người, còn cảnh cáo nữa chứ",1
"ôi , sướng! mình thực sự ngưỡng mộ bà ấy, oánh dùm cháu vài đấm vô mặt mấy cái thằng đàn ông to lớn lại đi đánh một bà già ...",1
"thêm một ngày không ca nhiễm mới, thật tuyệt. chúc mừng đất nước",0
sao lon qua cai ba oi,1
"lương tháng 7-8 triệu, khong đóng quảng cáo thì tiền đâu ăn cua hoàng đế :(",0
hồ khang đm câm mồm đi )),1
đỉ nhân 3.14,1
mạng xh thì lợi nhuận chủ yếu nhờ quảng cáo. doanh thu từ quảng cáo thì nhờ và số lượng lớn mà singapore có vài triệu dân diện tích chỉ bằng cái huyện nhỏ như huyện cần giờ của việc nam mà làm đầu kéo gì.,1
trong những ng biểu tình dĩ nhiên có những ng đi vs cái tâm rất tốt,0
trả lại vị trí cho si đi. đá tiền đạo cắm không quen,0
đổi màu từ đỏ đậm thành nhạt hơn vì sương gió ! nói đúng đấy chứ,0
cho xin kênh live của lão này xem tấu hài moi_nguoi ơi,0
giàu kiểu bất chính như ông là giàu nhanh nhưng chỉ tạm thời thôi.,0
"nhận hết trách nhiệm đi, anh đưa tiền cho phạt. nhớ nói là: em làm mạnh tay, đè mấy chai dr. thanh chứ cty an toàn lắm. càng pr cty tết này anh thưởng nhìu cho",1
dân cứ yên tâm ngập tới đầu gối là có phao cứu sinh nhé,0
"anh t đã có khẩu trang rồi nhé , miễn nhiễm virus tụi m có chưa",0
chợt nhận ra những điều mình làm là vì ai? cố gắng vì điều gì?,0
co khong ma noi vay e.xao vua thoi.chan e con dinh phen vang khe kia ma bay dac no.e ve que e ma no.cho moi_nguoi 1000 usd ha.may ngay nay tiem ban giay tien vang bac ngji het roi e.bot no nha,1
còn lồn này cái mỏ như cái lồn,1
nói về mấy ông bụng phệ ở trong chích quyền thôi nói cả đời vẫn khong hết chuyện...mãi cũng khong sửa đc..nó ăn vào xương vào tủy rồi.,1
trời má! chiện khó zậy cũng làm đc hả!!thặc là zi zịuu emoji,0
chúc mừng messi đã vui trở lại. đầu tuần vui vẻ cả nhà fan bóng đá,0
nhật phú nguyễn xin video bạn ơi emoji emoji emoji,0
"cũng từ lối sống bệnh hoạn mà ra,người chết coi như trả giá.khong biết lời khai chính xác đến đâu nhưng 20 nhát thì chung thân là xứng đáng",1
trời. cố vấn tối cao ba đời tổng thống mỹ mà ăn mì gói kìa.,0
đúng là tường đất made in china chất lượng kém thật. mới 600 năm mà đã đổ tan tành hết cả.,1
"chính quyền nên cấm trẻ em đi ăn xin hoặc bán vé số, v.v... phát hiện được là đưa vô làng trẻ sos để những kẻ mất nhân tính không lợi dụng trẻ em làm công cụ kiếm tiền. hình ảnh những đứa trẻ đi ăn xin thật đáng thương,",1
giong ca lon trong lang fo,1
miền trung yêu dấu vẫn phải gồng mình chống đỡ thiên thai,0
"này thì khong biết, nhưng biết nhà của cuong quoc trữ hàng nhiều nhất nha",0
dù iphone 12 ra đi nữa thì crush nó vẫn đ thích mình emoji emoji,0
nói sao con linh nó không chửi điện thoại lại chửi người ta tục tĩu,1
"tôi chẳng ngại động vật có vú, chỉ ngại động vật có sừng : )",0
mồ tổ cha bọn nó làm trò hề với dân ...một bè lủ hành dân để làm moi tiền dân ..,1
hình như chỉ có 1 vài quốc gia trên thế giới có hiện tượng lá mọc đinh như này nhỉ,1
"chuyện này diễn ra lâu rồi, báo chí nói nhiều lần rồi mà không thay đổi. chắc các bác đạp xe xong về ngủ bù sáng sớm mai lại lôi xe ra đạp.",1
"chị thấy cái đó là chị xỉu ba ngày, tỉnh dậy thấy xỉu nữa emoji emoji",0
nốn lừng mong manh à,1
chế độ hiện thời chỉ còn tồn tại nhờ vào dối trá và mị dân.,1
i10 sedan xấu sau toyota wigo. dáng lục cục dỡ dỡ ương ương,1
"đi soluto mới là đẳng cấp, tinh tế, thông minh bạn nhé!",0
vũ thị ngọc tâm mình đi trước thời đại emoji emoji,0
nhìn mặt con chó này biết ngu rồi,1
còn đó bị bệnh ngu,1
trung thu nhà nghỉ khong đặt lịch trc là hết phòng emoji,0
"rời trung có mà phá sản. nhân công rẻ, thị trường rộng lớn.",0
"không biết có nên gọi bọn này là người không nữa! tù là chắc chắn, nhưng bản án nặng nhất chính là tình mẫu tử thiêng liêng đã chết trong lòng những đứa bé!",1
ông biết kết quả rồi ông vào strem đúng không .... gáy nào ae ơii,0
pháp luật cần phải có những biện pháp xử lý mạnh những trường hợp ngn,0
chỉ vì làm tốt bổn phận của mình mà phải chịu thiệt để.cứu sống ng khác,0
mai anh tuân mua được mấy cái siêu xe cho các con du học bên bển rồi :v,1
"con số thật đáng sợ, vô đây chăm sóc da mặt cho đỡ sợ nè",0
tôi không tin chị này là con người đâu.,1
xàm quá có tiền mới tới đó được chứ làm khong,1
nếu mà em giàu em vẫn sẽ chọn đi xe máy tại em say xe không chịu được emoji,0
nếu kiếp này mình không duyên không nợ thì đụ nữa đi anh,1
anh đánh máy giỏi thật! dám biến đường đường là chủ tịch của một thành phố thủ đô trở thành tên nói láo! tiên sư anh đánh máy!,1
thanh tuấn nghe mùi hôi thúi như cứt từ miệng bạn,1
lúp lúp như chó .,1
vịt bông vì nước ngoài người ta ý thức hơn đó bạn,0
thất bại rồi,1
nguyễn trương luân cung kiera ăn nữa hong mọi người,0
"chắc sắp tới bóng cười được đại chúng xã hội hoá ! khí vừa sạch, ai ai cũng cầm quả bóng tung tăng vui tươi .... quan trọng là ai cũng cười ngặt ngẹo trông rất là hạnh phúc và lạc quan ! đúng tin thần của đảng và nhà nước !",1
fan cứng dạo hả thầy lol emoji,1
đây phải chăng là hiện tượng nước biển hạ ở một số nơi ;)),0
trần thị hiệp có diễm phúc nhớ cũng mừng cho t emoji,0
cho xin địa chỉ...tao gửi ít đồ cho thần tượng của tao...nhà mầy chỗ nào cờ hó,1
dkm thằng nào sủa câu này -_-,1
đầu bui,1
đc vãi đái anh ưii,1
phải để 7 ké và zidane làm việc này là hợp lý nhất,0
vai đợi không mất thời gian ))))))))) đme cười ị,1
ad của page này chửi như muốn đổ cả rổ lồn vào mồm người khác ý :),1
hợp tác khoa học kỹ thuật và vốn đầu tư dự án của họ thật tuyệt vời!,0
con ếch đang suy nghĩ sao mới ăn đây mà mau đói quá :d,0
"ngoài bắc thì gió mùa đã về, trẻ con quanh khu m ốm hàng loạt",0
dit_me ))),1
loại này tử hình luôn cách ly làm gì cho tốn mỳ tôm emoji,1
quất chết mẹ nó,1
cho,1
"tối thiểu phải giữ lại 33 thì mới đủ xây dựng hạ tầng cơ bản, hơn 40 năm bóc lột dân sg chưa đủ sao? những ngày đầu tiên tràn vô chúng đã vơ vét số tài sản khổng lồ để cõng ra ngoài kia và cứ tiếp tục chúng xẻ thịt hàng ngày, cao tốc ở tphcm khong đủ phục",1
đập chetme nó đi abe,1
trung với đảng chứ khong được hiếu với dân đâu nghe chưa?!,0
nhìn hình hai ông không biết ai nhiều tuổi hơn nhỉ...,0
đụ má luôn tụi dlv vào chống chế nha hôn!,1
lúc nhà bị mất chó khóc hết nước mắt tại sao lại có những người kiểu này nhỉ,0
ghen ăn tức ở vừa thôi. ngoài nói xấu ra khong bik làm gì à?,0
t thấy quen quen kim chi kim ngân helen vy nguyen cỏ xanh emoji emoji,0
chi hieu nhin khong ai biet chi bong dau chi qua dep,0
nếu trump tái cử thêm thì tôi không còn đánh giá cao nhân dân mỹ nữa...,0
tphcm nhé. sài gòn không như vậy.,1
thiếu nốt cái live là anh chăng khác gì bọn cô rê an,1
giống lão gà mên teong là xì trum vai,1
hahahaha câu chuyện buồi cười vai cảm ơn ad có câu chuyện hài hay thế nhé :3,0
"đồng chí nào có lòng tốt ra rước bác về dùm , để đấy mấy con chó nó đái lên thì khổ thân bác toi quá",1
"sai lầm , khong tăng kt 1tiết thi thôi chứ ,còn giảm .làm vấy chả khác gì tăng độ khó cho kì thi cuối kì",1
nghe mà muốn đập cái đth đm :))),1
nguyễn trọng thái ong giám bảo anh tôi sai à ? sai cc đéo sai emoji,1
lại thèm lone ngọc trinh chứ sao. ông cứ văn,1
lại lên cơn hoang tưởng bậc cao hơn! emoji emoji emoji,0
"đẳng cấp, giống hệt các nàng công chúa đài các trong cổ tích.",0
bá cho cháu fb con thắm đc không hay zalo cũng đc hihi,0
"ôi ! nhớ lại tuổi thơ củng từng trải qua như này, nhưng tự gỡ ra được.",0
"đề nghị tìm và truy cứu trách nhiệm phòng khám tiến hành nạo thai khi đã quá tuần tuổi, thật bất nhân.",1
công ty về mỹ nhưng giá thành người tiêu dùng mua sẽ tăng lên.,0
phạm vũ khong phải châu âu thì là châu phi hả ba emoji,0
ong tien tri oi ong coi thu co con cat cua toi mot ngay nung may lan,0
âm tính với covid là đúng rồi. nhưng dương tính với bệnh thần kinh. cách li nhầm cmn chỗ,1
mời cô hòe ăn cơm hay s ấy mà nghe ra mời con mèo ăn cơm emoji emoji,0
"một phiếu bé ngoan, về chỗ emoji emoji emoji emoji",0
má bữa giờ tao tưởng ông ba là ng cha mẫu mực,1
chủ 2000 ha tôm alaska với cua hoàng đế emoji emoji,0
sao lớn rồi cũng có tuổi rồi mà sao ăn nói thiếu văn hóa quá emoji,0
bởi dừa lờ t lắm cho chừa cái tật chơi dọng cha dọng mẹ rồi bị chặt :)))))),1
"ui dời tưởng gì, chứ tiền thì đây chả thiếu, chỉ là toàn tiền lẻ thôi",0
phải công nhận rằng việt nam đã khống chế tốt dịch.,0
mầm mống tai họa của xã hội,1
đm biết ngay được mấy anh em nhật ký yêu nước tôn vinh làm idol mà :))))),1
"trần huỳnh như rồi nghe nhiều chuyện buồn quá cũng khong tốt nha,đang buss cuu tự nhiên nghĩ đến chuyện buồn xong là khóc ròng rã emoji",1
"nó xoá stt roi admin à :))) lớn già đầu roi mà còn vậy, nhục thay",0
thôi anh ơi chuẩn bị về mở tiệm bánh tráng là được rồi,1
"chưa nhập cuộc đã thấy ban tổ chức thiên vị biden đưa ra 6 chủ đề điểm yếu của trump để biden công kích, trong tranh luận thì trump còn tranh luận với cả người cầm trịch.",1
hết thuốc chữa xui dại đứa bé .,1
toàn trịnh nó tốt hay khong thì kệ mẹ tụi nó,1
đm chị tao bị mất gần 700tr. có cmr ghi đc hình ăn trộm nhưng cũng botay :v,1
hình ảnh tượng trưng cho never give up không bao giờ bỏ cuộc !,0
phạm minh tuấn cày vew nhiều quá mà. nghe 1 lần là bt như nào roi,0
tuyệt vời quá việt nam ơi...chúng ta quyết chung tay giữ thành quả này,0
tiệp corona,1
dit_me fake rồi.,1
hát nghe khá mệt. h đã come out hỉ?,1
h là thành quốc chiến thứ 2 chỉ nhờ ơn từ đúng 1 người duy nhất,0
trump gây hỗn loạn như thế là đủ rồi. bây giờ nhiễm sar-cov-2 thì mới biết thông cảm và chia sẻ với các bệnh nhân và người nhiễm virus này. nhiễm ncovy cũng có thể là lý do để ngài rời ngai trong danh dự đấy trump ah. chúc ngài sớm bình phục.,1
giông giống con tâm thân,1
vai tự nhiên chửi người khác ngu rồi đem trường hợp ngu của nó ra ví dụ! đụ mẹ thằng lỏng bao dành hết phần ngu người khác! não teo rồi hoá chó à,1
"chương trình riết nhảm, bế tắc. mời bọn tục tỉu, vô văn hóa lên tv.",1
"hongkong ủng hộ tq trả đũa mỹ, hongkong ở đây là chỉ một mình bà carrie lam và bộ sậu tay sai tq của bà ta, chứ không phải người dân hongkong.",1
thầy lol chúc chỉ có rớt,1
nó bán khô cá lóc nữa nên mới có tên linh lóc nha,0
morning hay i10 nhìn xấu quá!,1
tôi tin tổng thống donald j. trump sẽ thắng cử tổng thống lần 2.,0
thằng ad thích thì thử ra cứu đi dit_me ở đây mà nhìn nhìn ..nhìn cái cmm ấy :3 làm như dễ lắm .. bây giờ mày có cơm ăn nước uống mà khong bị dí súng vào đầu như bên trung đông là nhờ ai hả thằng này ???? sủa như 1 con chó dại,1
thế này thì bọn sán dây tuyên giáo rả rời tay chân cả lủ,1
đối với mấy thành phần này đình chỉ học tập thì đúng ý muốn của chúng rồi.,0
"anh bao ve di dc thi minh cung di dc tru phi ong can bo ay khong fai la nguoi . lot giay , xan quan ma loi wa thi se dep long dan do",1
"khong có táo đâu, năm nay chương trình gặp nhau là tết tết là gặp nhau rồi",0
covy thích đi nước ngoài với đi máy bay quá nhỉ emoji emoji,0
"mịa sao khong cởi giày, sắn quần lên đi vô rồi mang giày vô có sao đâu, kiểu cách cs !!!",1
"nghe theo tuyên truyền còn đảng còn mình, bọn chúng nghĩ như vậy nên ra sức phấn đấu làm trâu chó ngựa cho người ta sai bảo.",1
ngoài ra cũng nên trang bị thêm 1 búa gõ phá kiếng cứu hộ nhỏ,0
hiện đối tượng vẫn đang nhởn nhơ ngoài vòng pháp luật,0
j97 với b52 sẽ hợp tác trong 2020 tới đây nha :))),0
"cụ về bên kia yên tâm nhé, bên này bả và các con vẫn được chăm sóc tốt cụ ạ",0
tôi không biết gì về hội họa nhưng thấy tranh vẽ rất có hồn.xin cám ơn,0
vlt nhưng anh em vẫn nên giữ gìn sức khỏe nhé :)),0
ý thằng chó ad bảo nhà nước làm cái này cái kia. rồi nó lại sủa rằng: nhà nước làm để hối lộ. bọn phản động mà. đi ỉa chúng cũng sủa mà. thứ chó lưu vong,1
khi khong còn cs. đmcs,1
nó bán hàng giả đó mọi người. mình bị rồi nè.,1
nhìn như ông già trong chúa tể của những chiếc nhẫn vãi,0
tam tu bi ma mieng thi kem gai,1
vũ văn hiệp học trò như đách lồn :)),1
đợi cl thêm câu địt chị m độ said :v,1
đi làm còn cấm sd điện thoại. vậy thì đi học sd dt làm gì vậy,0
đẹp zai giống bố nhưng tâm hồn thích chơi đồ chơi con gái :v,0
tú thích hoa hồng và mùa đông được quang đâm phía sau mông,0
2022 offline fan trần tiger tại việt nam nha bà con,0
mấy bác có biết cái link tỏ tình crush anh độ nói khong,0
"chuyện bình thường như cân đường hộp sữa ở thiên đường này.các vị nghĩ chúng nó ăn như thế đã là ác độc lắm rồi à.chưa đâu,nó ăn những cái mà quý vị còn chưa thấy kìa.không từ bất cứ một thủ đoạn nào,ăn không từ một cái gì.ăn trên xương máu,trên đầu tr",1
"không hiểu mấy anh, mấy chị vào bảo sống chậm thôi chi vậy??",0
"hết dịch nhanh để còn ổn định kinh tế, chứ đói lắm rồi.",0
hây lắm chị ơi bán hàng mà cũng kêu lô tô được luôn hây thế,0
yo min cc,1
"đáng kinh tởm, đê tiện..",1
cái mặt ông tuân cười phái chí. nhìn ổng thấy cưng dễ sợ..,0
người khong ra người.ngợm khong ra ngợm.ý thức thì như đống rác.nhà nước nên bỏ tù những thằng coi thường pháp luật và tính mạng người khác như nó.phạt thật nặng xem nó có im mỏm nó khong.,1
đéo có kicm vao cay view ae oi,1
lúc nào mà chúng chẳng hô hào học tập và làm việc theo tấm gương đạo đức hồ chí minh..... nhưng thực tế chúng toàn làm ngược lại.,1
": phim này động lòng người lắm, lần đó mình xem cũng khóc lên khóc xuống",0
ui may quá mình làm tóc từ năm ngoái thế là năm nay vẫn có tóc đi chơi tết :)),0
"triệu tập còn không thèm tới, chứng tỏ thói côn đồ ngang ngược.",1
"bàn tay nhanh nhẹn quá, chúc mừng chú, gia đình là quan trọng nhất",0
chỉnh lại ông bô. xe với trả cộ ẩu vai,1
nó lại hợp lý vai :),1
phan linh đb ct có lm j đâu ? mà ss chán,1
tóc đẹp vai lon :)),1
các táo cũng chơi liên quân à. hóng các pha compat,0
đéo mang đặc sản của thầy ra cho chúng nó nếm,1
nhìn giống diễm my bộ tính níu kéo vũ linh quay về ha dì,0
dũng trần người việt sang mỹ :( xong bay dìa cái thành người thứ 34 :(,0
dell hiểu kiểu j,1
"hợp đồng của dcs với tàu thôi nhá, đéo phải dân.",1
"lũ bán nước thì đang bận bán nước chớ đâu, hỏi cái lồn !",1
có vẻ như gấu đang có ý định thuần hoá chó sói bằng việc để cho chó sói ăn.,0
"mày mới gọi là nhảm đó,đồ chó đẽ",1
"người ta đã định bán gấp xe hàn rồi mà cắm đầu vô mấy cái congnong minin này làm gì, cùng đời săn được em altis hoặc vios nào đi còn sướng chán chứ dại gì chơi mấy cái máy cày congnong này. thân !",1
vấn đề nó là ở cái chế độ thôi.,1
"xem hay mà, cả phim sẽ có 1đoạn mà tim thép cũng phải giật mình",0
chim sẻ đi nắng gặp gà trống cao bằng emoji emoji emoji,0
"cảm ơn các chiến sĩ công an .chúc các anh sức khỏe, hạnh phúc và bình an!",0
đúng roi. cho phép c.nó thì c.nó ms xả thải và mạnh mồm như thế chứ. lũ chó chết cs,1
không thể chấp nhận được hành vi bạo lực trẻ em.và cũng nên xem lại 2 cô giáo kia. cô kiểu vậy thì khong ai an tâm mà gửi con.,1
tắt cái bảo vệ ban đêm đi dkmm,1
nên thành lập một tổ chức để những người có bỏ con có chỗ mà cho chứ như vầy quài đau lòng chết,1
dân mà gạt tay vậy chắc tô lâm nó cho vào tội cưỡng hiếp nun,1
"người lớn không mặc quần đùicho nên mắc kẹt, thôi rồi bạn trai!",0
trần vinh nhai lại cc,1
"dit_me chông này đến tăng còn đứt xích, chứ nói gì lốp",0
ở một diễn biến khác của các bạn nam triều tiên :),0
em khong cmt gì hết mà tự nhiên lên fan cứng nehh,0
mỗi lần coi tin tức là sự tức dận lên một bậc xót cho dân ta quá mà.,0
"nó khong cộng điểm, mà nó cho thí sinh rớt bớt thôi, có bà chị gặp vụ này roi :)))) thi điểm cao vẫn rớt nhé",1
văn trường để t dịch luôn : khong làm mà đòi có ăn thì ăn đầu b ăn cuusst,0
hương thảo vai,1
chị ao cam la chị hương duyen.o gan nha chi duyen.,0
yêu ai thì kệ mẹ nó. đăng làm cc gì,1
nhai lại chán khong hả thằng ad?,1
"nói thật bài này làm hơi thất vọng, cái bóng sóng gió quá lớn chăng",0
"hổ dữ không ăn thịt con, người dữ cũng không ăn thịt con nhưng còn làm những việc thất đức và kinh khủng hơn cả ăn thịt, rồi đây bé sẽ mang theo ký ức này như một nỗi ám ảnh sẽ theo con suốt cuộc đời,",1
khanh pham tại vì nhạc của st là nhạc trẻ phù hợp vs giới trẻ,0
dân indo thì m nge làm lol gì??? khong thích thì câm họng lại ok chưa lên đây sủa làm cc gì.,1
2020 roi mà não mấy thằng này khong nhanh lên dsc tí nào,1
"page này khác đ gì vt đâu toàn đăng bừa ẩu bậy.t like page này vì lúc đầu tụi nó nói đúng,càng về sau thì càng lòi cái mặt ra",1
a xi đăng là qq gi vậy bà con,1
các bạn đừng lấy video củ để câu like kiếm tiền như vậy bạn còn tồi hơn cô linh,0
bò đỏ nó yêu thương bố tàu còn không hết mà ghét gì chớ,1
nguyễn trọng huy thấy tặng chứ có được xài đâu mà biết emoji emoji,0
iu ghê emoji emoji emoji emoji emoji emoji emoji_love emoji_love emoji_love,0
bạn mới sàm đó,1
"chính cái bản chất tiền là trên hết kể cả bán rẻ lương tâm, đạo đức...thể loại văn hóa rừng rú không có gì là ngạc nhiên khi đặt chân đến xứ sở lừa.",1
"ôi, cái bài làm nên thương hiệu thì lại không nhắc đến.mãi mãi một tình yêu.",0
chắc do đi đái quên chưa kéo quần ngoài vội quá nên kệ mẹ thế đi ra emoji,1
ad page này có quan tâm gì đâu. chỉ quan tâm nói đểu nói xoáy thôi mà. đm ad,1
địt mẹ mấy thằng sếp và những thằng liên quan của t luôn.,1
hi vọng là sẽ đc vì đang rất cầm chiếc card này để hoàn thiện cây pc emoji,0
khịa vãi l )))),1
chi oi chi giúp em voi ngươi ta giựt hui em nhiều qua em lam sao chi,0
"rất ghét những người chiếu đèn pha, bấm còi khi đang dừng đèn đỏ, nẹt pô. nhưng hành vi côn đồ giết người thì khong thể dung thứ đc",1
"quá troi xl , đm bán hàng 10 năm , bớt đi cd oi",1
"cần xử tử con thú máu lạnh này vì nếu để nó sống , xã hội sẽ nguy hiểm hơn !",1
vai :v,1
quần áo hàng hiệu trên cao bằng mới có thôi (づ )づ,0
"phải rồi ông tổ của cộng sản thờ satan , rồi bác hồ yêu quý lại đem sản phẩm của satan đến với người dân vn và đó chính là tư tưởng mác-lê vô thần duy vật vô thần vô tôn giáo",1
tronh suy nghĩ được thế... nhưng mà phải lớnn lên :))),0
bạn thân kiểu gì vậy? hix,1
trần dần là cộng sản nằm vùng đả đảo đả đảo trần dần haha emoji emoji,1
khi bạn vừa ngủ dậy chưa kịp kéo quần thì phải đi event emoji,0
"haiz, đây là 1 trong lý chính do chính khiến trump thất cử.",0
fpt said : là vì m diễn viên chính nên a diss mạng m,0
hoangphat nguyen hơi trách đâu trách bà quỷ này bạn ơi.mình người miền nam nhưng nghe còn mệt hả luôn,1
lên tivi chưa mà sao người dân các vùng quê chưa nắm ta,0
hải yến tỏ ra thượng đẳng đ gì :)))) đhs t khong care lắm ạ đcm đ ai hỏi ý kiến m,1
nghe thôi biết cội nguồn nơi nào...nét đẹp của bản sắc văn hóa vùng miền... _,0
gia cát lồn ))))),1
đấu khẩu - chim lợn emoji,1
chúc anh và gia đình luôn khỏe mạnh. nhất là cháu bom sớm ra được album nhé,0
vậy là xong đời mấy tên chuyên gieo cái chết trắng !,0
yêu xa chẳng qua mình là người thay thế họ mà thôi :)),0
một nước đi cực kì mãn nhãn đến từ nước bạn emoji,0
vừa đi qua đây thấy mấy em công nhân ngồi lề đường với khuôn mặt hoảng hốt,0
thôi năm trước lỡ chúc nyc sinh nhật rồi thôi chúc nốt năm nay nhỉ :)),0
"mấy lần bị xe winne xả vào mặt, không biết là ống xả độ hay nguyên bản ?",0
tâm lý của người có con năm sau vào lớp một cảm thấy bất ổn.,0
nhìn nó đaq sống sướng t còn khong nỡ ưng nó để nó khổ nữa là....,0
bác dần vẫn múa quyền đc là vui rồi. chỉ lo bác dính bệnh thì khổ :d,0
"bơi ở ao mãi thì thế thôi, ra biển sóng đánh cho vỡ mặt, achen và 2.8 là minh chứng",1
"nhiều học sinh đứng xem nhưng không ai can ngăn.. đúng là vô tâm, vô cảm và cũng là đồng loã.",1
có khi nào đây cũng là cơ hôi làm giàu cho mấy ông mấy bà tay to,1
"đọc là rèn kĩ năng, kĩ năng thì phải có thời gian hấp thụ, tùy thuộc vào trẻ, sự luyện tập này phải kết hợp ở nhà nữa, mỗi trên lớp sao ăn thua, kĩ năng cũng cần thời gian để có được, dục tốc bất đạt.",1
"sai ! nhiều phụ nữ chỉ có cái lon là phụ nữ , còn đâu là sự xúc phạm nặng nề người nhìn đó bạn",1
nguyễn bá nhân wu shing zu phạm bùi thành được sạch sẽ dùm chị,0
"lớn vậy rồi mà còn cần người giám hộ, không hiểu lắm về đất nước cô ấy đang định cư",1
hằng bắp a mua sữa cho con mẹ n uống thôi. chứ con con còn chưa mở mắt,0
ông già tôi hôm nay tuổi teen vai câc chú ạ - sói said,0
thầy chơi bẩn vai,1
anh cái lồnn gì cx giỏi mà giỏi nhất là bốc phétt thôi anh tiệp ak :))),1
phương minn hay cố tình vào đây để bán đồ online :))) sống sạch lên,1
"chỉ khi nhà chức trách cấm kinh doanh thịt chó , thì chắc giảm đi nhiều!",0
nguyễn thị hương giàu để báo nước chứ không giúp nước,0
này thì tâm trạng của ngày sinh nhật ... emoji emoji,0
người đẹp ơi nhớ đi qua mỷ gởi cho mình một ngàn đô,0
biden có thể nhầm lẫn chứ không bao giờ nói dối.,1
"nhìn kỹ mới thấy là ghép, xém rớt mẹ tim ra ngoài",0
"hoài phương trần hqua bảo nó bồi thường 1 tỉ, 1 tỉ còn khong mua đc cái ý thức",0
pham ngoc ninh cho mẹ m vào tù cho nhanh :),1
văn qúy bần đạo hãy cho bổn tọ cái video này với :,0
khong icm ca sĩ concac à,1
quang vinh trong tuần nha. cuối tuần là về quê luôn rồi đó,0
"ông can liên quan gì ? cái này liên quan tới ubnd xã mà ,",0
phan tấn trung ... sợ nhất trang web này hiện tại,0
thôi thôi ông im cmn đê ... emoji,1
"lê khánh an đúng á . trăm người trăm ý , biết làm sao cho vừa lòng thiên hạ",0
justin le nguyen phục cái máu lồn,1
mãi đi chơi quá không chịu nghe lời mẹ ở nhà nấu học hành..,0
ở mỹ ns cái lồn gì khong đc,1
chơi game với levi là chả cần lo nghĩ nhiều gì :))),0
"thành vinh có page ba gà và những người bạn đó , liên hệ xem",0
day la mot ong gia dien thoi dai ong co xau ho khong ??,1
bởi những người như thầy mày nên đất nước nó mới thiên đường. :),0
"đúng là kẻ cắp gặp bà già. khâm phục cụ quá, chúc cụ luôn mạnh khoẻ.",0
ở nhà mong thủ đô khỏi bệnh đi học mà buồn quá trời,0
đánh 1 cháu bé thì thật xấu hổ truy tố hình sự đi tôi ủng hộ,0
vòng tiền xoay vòng lo nhìu mặt khác của xã hội chứ đâu lo cho mỗi bạn. vd tiền xây biệt phủ tiền cho con đi du học...,1
khi chưa có sự chuẩn bị tốt thì không nên cho nhập cảnh,0
lê nguyễn thảo nhi thuyết cái lon què !,1
trước khi chết vì ô nhiễm cũng phải quyết tử giữ nhà(hà nội),0
trần dần có phải 3 que không để biết lối còn chửi?,0
tp.hcm thực hiện lời hứa với bộ chính trị: ta đánh ta,1
thách thức danh hài ))) anh lân nên về thế chỗ trường giang )),0
trịnh nam long ô về nc vs gia đình chữa bệnh có gì sai?,0
3k và 38 người. con số đã nói lên tất cả. tỉ lệ này là 99 không đồng ý và chỉ có 1 đồng ý. haha đâu bao giờ dám trưng cầu dân ý.,1
cho hoi chi deo vang thiet hay gia ma deo nhieu vay nhin thay fhe qua,0
minh hiếu ơi. chị chửi con đĩ thu ở hàn quốc đi chị,1
đánh lol hay pupg z a tại mấy hm nay e hc ms xg ch pk j ln,0
nói ngu còn nói lớn emoji emoji,1
chí nhân đuỹ moẹ :)))))),1
to nhu nguyen giả đầu m t sài roi nha,1
cái éo j ca cũng nói dc,1
"đất nước sẽ đi đâu về đâu khi đám bộ trưởng, tổ trưởng tổ tư vấn của thủ tướng toàn là đám vô học, lưu manh giả danh trí thức, thời đại súc vật lãnh đạo con người đây mà",1
dù không thích messi nhưng cậu ấy là thủ lĩnh của baca,0
tuy tàn khốc nhưng rõ ràng như vậy mới có tính răn đe mạnh,0
"khổ thân anh tôi khong có tiền , phải mua tôm alaska để ăn qua ngày",0
chỉ muốn mãi mãi giống như đứa trẻ con khong phải lo toan khong phải suy nghĩ,0
tao cho mượn nhưng m phải cho tao đi cùng nhé. mày lái emoji,0
trước khi cắm lên đầu em 4 cái sừng nó cũng bảo y như thế :((((,0
cá sấu xấu thế là cùng. còn cá trê cái tội chê cá sấu xấu.,0
anh ơi :( đau vai,1
nhờ mọi người kiếm con này rạch mồm nó ra,1
chị ba trên dú dưới có con cu ai làm lại chị 3,1
lớp thầy ba toàn những thánh edit mang đẩng cấp vũ trụ :))),0
chửi ngu,1
hiếu bến tre thế chắc mấy thằng haha có đạo đức tốt :)),0
mong mình mãi là 1 đứa trẻ khong phải lo nghĩ gì emoji,0
trần thị mỹ linh đau bụng với các thánh page chửi thuê này nuôn,0
e chúc panda của abe iu dấu 20 10 vui vẻ nhé và đừng quên xoá kênh,0
không biết là sau này 2 ông ấy có là những người bạn hay không,0
đường tăng luôn miệng nói anh là yêu quái nhưng đâu biết rằng anh là yêu em.,0
oke thầy đã chỉ dạy biết bao dự án năm qua oi thầy vĩ đại vai :v,0
xem john wick mới thấy keanu reeves diễn viên đẳng cấp của thế giới.,0
không có csgt nào tốt cả .,1
linh phan bảo thằng bình tránh xa mình ra nó đi ấp với grab rồi,0
"ai nói barc-0 trca trắng tay, 1 đội mới lên hạng và nhận cúp....",0
khong liên quan nhưng mọi người có thể vào tym dùm em đc khong ạ em cám ơn,0
thương ông qá . ngưỡng mộ sự hi sinh của ông emoji_love,0
kien ne bố jack cmay mới nổi đc năm thằng thánh nện kia n nổi lâu rồi khong có cty thì tuổi cẹc mà nổi đc như giời ngồi mà lo tr thế giới lo mà ăn vào mồm cho no ấy,1
ad ngày càng thể hiện bản chất xàm lon tốt hơn trước :))),1
"thiếu giáo dục nhân cách và đạo đức,sống ảo, xem phim hành động: xã hội đen,..cộng thêm sử dụng bia rượu vào không kiểm soát bản thân, thích thể hiện, máu anh hùng... dẫn đến hành động xấu và gây hậu quả nghiêm trọng cho bản thân, gia đình và xã hội.",1
mình đã nghiên cứu và kết luận là tại thuỷ triều đỏ nhed,0
vay thi ráng ma lam co tiên nhu ngta di ... tóm lại la tư duy thôi ad oi ...,0
xã hội cong vòng,1
chúng xây tượng đài nhiều hơn trường học.,1
đọc xong mà chỉ hiểu dc có 7 8 phần. đúng là kiến thức về vũ trụ bao la quá.,0
tin nhắn của thủ tướng đổi ra chắc đc cả tỉ bạc chứ khong ít. lũ lụt đến chân ng dân thấy tin nhắn thủ tướng chắc mừng rơi nc mắt :)))),1
nhok lầy địt mẹ trên mạng thì gáy khét vãi l em ạ )) ra đường câm như con chó,1
dat nguyen đôi lúc cũng có bài khong hay chứ chẳng lẽ hay hết emoji,0
tôi xem bài tập về nhà lớp 1 và tin nhắn hướng dẫn của cô mà chóng hết cả mặt đây này.,1
nói chuyện zô zăn hóa là mày coy ckung tao bắn chết đó nhe mày ))),1
"kệ đi thớt , 1 lũ trẻ trâu",1
con anh độ á )) bé ngonn )) khi nào anh cần con dâu )) nhớ đến emm,0
nói chứ thấy bà này nói chuyện cứ sao sao như con khùng,1
kệ cụ mày,1
tụt mẹ m ra cho nhanh đỡ phải mặc,1
con đỉ minh hiếu là con đỉ khùng dơ con súc vật sánh cũng không bằng nó nghe con rác rửi con khùng bẩm sinh con quái vật,1
đây là dân chủ theo mẽo đây,1
"i10 gần như khong có đối thủ trong cùng phân khúc, đẹp phết",0
đợi cc :)),1
thương hoàng like trang này ngay để chúng ta cùng bàn luận kaka,0
idol nè vũ khắc cặc,1
thật sự éo muốn tin,1
phòng ốc sạch sẽ thoáng mát. ăn ngủ điều độ đúng giờ,0
giữ vững bản lĩnh chính trị vững vàng emoji emoji,0
"xôi xoài, xôi mít thailand bánh khúc hà nội cực ngon đây...!!!",0
"thằng này thò tay ra luồn dưới gầm bàn lấy dollar của chệt ,bởi vậy mấy thằng an ninh sân bay của chệt đỏ nó chửi ra mặt vậy mà nó câm như hến...",1
"fan m28 chuẩn bị qua kia chê 7 hôi pen, còn bên này thì khen pen của 28 là thơm dù bàn thắng vô thưởng vô phạt. ku em fati đá quá hay 1 mình gánh team. trận đấu chỉ cần 19 phút là kết quả thắng thua đã rõ, chẳng cần ai kia phải thơm pen của đồng đội )))",1
tức nhiêng.....tức nhiêng...thích thì vô....khong thích thì vô,0
"kết quả từ sự lãnh đạo của đả: tham nhũng tràn lan nên mới gây ra đại họa này ( làm đường thì bớt vật liệu chất lượng kém, lái xe thì mua bằng , chạy quá tốc độ thì đã được chó vàng bảo kê khi đã nộp mãi lộ, đăng kiểm thì kiểm tra bằng tiền .....)đmcs",1
nguc em hoi nho,1
con này nó mà về vn thì tập xác định. đúng là thật khó mà tha thứ được.,1
ai đó hãy ghép thay cái chai sting bằng cái khác đi :3,0
đéo biết gì thi ngồi im . chỗ đấy có long mạch của đất nước đấy chuẩn bị đầu tư 20 tỷ để vét máng cho sạch đó :))))).,1
thôi mấy ông ơi tâm với chả sự giờ là lo bản thân trước đi ))),0
đây chính xác là nơi cr7 nên đến thể hiện đẳng cấp.,0
"hi vọng cậu thành công cùng pháo thủ nhé , arteta",0
"chuyen thuong ma, co gi hot : , cai toi la do khong tim hieu ki",0
còn nhân dân sẽ nhớ muôn đời lũ súc sinh con nghiệt súc như mày,1
nguyễn thuận ca sĩ ra bài fan ý kiến chứ clg căng,1
t đọc mà t tức á,1
có dbt của linh viêt kiều này khong? có cho c xin,0
ngu phong bì cấp quyền loạn ngôn..,1
tào hưng thích thì chơi không thích thì chơi emoji emoji emoji,0
hai bố con có hai con cạo lia ở đũng quần mà bố ngắn hơn con,0
huỷ lễ tang mẹ m à,1
"đây mới là lớp 1, mà đem áp dụng như kiểu cho sinh viên cao đẳng, đại học!!! chúng tôi đi kiểm tra nhiều trường học ở các địa phương và thấy các trường có kế hoạch triển khai rất khác nhau, tuỳ vào điều kiện, sở trường của giáo viên,",1
chuyện này bình thuong rui khong ai quan tâm đâu.,0
cho em coi vu chi sua co đep khong em se cho vo em sua,1
fan trump không bao giờ chịu chấp nhận sự thật. tranh cãi với họ càng tốn thời gian.,1
"mấy anh chị em đẹp trai xinh gái vào like giúp em ạ, em cám ơn nhiều emoji_love",0
chi chui cho no biec do khung do,1
bà hà thâm hơn dái chó emoji emoji,1
lương văn thắng emoji emoji mình thấy không hay thì mình ấn dlike,0
nhanh chóng vãi lồng ! cá chết 3 tuần mới xách đít đi lấy mẫu !,1
mấy ae cứ chê bai hoài basa cũng khớ khớ hơn schalke rồi đó. : ),0
phát ngôn ngu như chó. giờ bọn lãnh đạo như cục cứt,1
từ lý thuyết đến thực hành là cả 1 câu chuyện dài )),0
một đám trong đó gõ lọc cọc chửi người đi từ thiện :)),0
kon mẹ nó riết tụi công an này nó điên rồi,1
"đại lý đánh vào tâm lý người mua xe lần đầu kiếm chác tí, phụ kiện rẻ tiền vào hãng giá gấp đôi.",1
tóc làm như bị hỏng. sóng gãy lung tung bu xù và hơi xệ.,0
thành phần tham gia giải bóng đá này chắc thuộc tộc mũ cối dép râu bên kia vĩ tuyến rồi.,1
con em học lớp 1 được 2 tuần. cô giáo cho bài về viết chính tả.,0
công nhân chi chưi cug điêu luyên ma chi noi chuyên có duyên nưa,0
"bọn trung cẩu mới vừa ra lệnh đốt sách bên tụi nó kìa, thấy quen chưa :))))",1
"philip lấy dữ liệu đâu vậy ad...tổ chức cái giải ao làng còn đéo có tiền,vũ khí thì khong có cái j ra hồn.dữ liệu thế mà bọn 3 que nó tin được.chứng tỏ bọn chống cộng toàn lợn",1
nói xấu vợ là cứ phải ngó ngó nghiêng nghiêng nhìn trước nhìn sau :))))),0
"xin lỗi bà tuy rất nể ý chí của bà, nhưng nhìn hình này mà còn trong phòng tối nữa thì ông nào cũng sợ phải thua mà thôi.",1
chúc mừng con đã có 1 gia đình! ngoan hay ăn chóng lớn con nhé!,0
hẹn hò ít ghê...,1
kiện chết mẹ nhà nó cho nó đi tù 12 năm đi bồi thường thuêtj hại cho cả khu,1
ở việt nam bọn này khong có cơ hội để phát triển luôn.,0
nói j thì nói nghe giọng khàn khàn éo thể nào iu dc emoji,1
"cs miệng và đít chúng là một chỗ. một chế độ thổ tả không còn sửa sai được nữa, mà phải thay đổi với một chế độ khác. sống với cs mà không biết gì về thủ đoạn của bọn chúng là không có cái đầu.",1
người ta đã xin lỗi cộng đồng mạng rồi đừng đăng lên nữa câu lại hoài,0
"nguyễn hoàng thì bạn nó bị cả việt nam chửi roi, nó thấy thế phải ngoan chứ",0
đang bận đớp và chăm sóc bụng bầu nha-khong rảnh lo chuyện tào lao,0
"con trai mất điện thoại đổ thừa ba nên báo công an, quá bất hạnh cho thằng con, mất ba đéo tiếc, tiếc cái điện thoại",1
"nó chửi cô minh hiếu là sai, nhưng mà đm tụi m thật sự rất quá đáng, nó có xạo hay gì đó nếu khong ảnh hưởng ai thì việc gì phải đập phá chén cơm người khác v, còn việc giá 1 chai nước hoa rẻ thì tự tụi m phải nhận thức được nó là hàng loại nào,",1
họ thật là biết cách kiếm tiền :),1
trang khánh đọc sst đy c ba thật thật kiểu gì ấy.,0
giải này thì vợ pirlo hl cũng vô địch cần gì phải gọi ẩn số.,0
chi yeu xinh qua..em cung muốn làm đep qua..nhung em ở mai ngoại bắc cơ chi ạ,0
đã bảo mà ngu như dân cũng đỡ khổ hơn là mang tên nhục thế đảng.,1
1lủ ngu adua. ví dụ lở có ông nội nào hút đíu thuốc rồi quăng dô ghế ngồi. nó cháy rôi khong lẻ đi tìm nước để dập tắt? chắc khi quay lại thì cháy mẹ hết rồi. trang bị bình chửa cháy là để khống chế lửa mấy cu ạ.,1
pháp luật cần trừng trị nghiêm những kẻ như thế này! rất tội cho các bé!!!,0
lý thành công nứng ak,1
tất nhiên là gia mà nhiễm covid19 tất nhiên là out,0
nguyễn minh thu tránh được covid nhưng khong biến tránh được án này khong ...,0
phương minn giống nhau đến thế haha. nhạc nhẽo nghe như cc,1
lừa dối khách hàng,1
nguyễn phi long khanh huynh lan anh nguyễn alexander lanheder mều mắt hí lý hoàng huy chết đỉ mẹ mài chưa con )))),1
nguyễn yến nhi đang tính cmt luôn. :)))) coi xong kiểu wtf?? t đã coi clg thế :)))),1
cái ảnh trên cùng hình như là cầu vượt chỗ kcn phúc điền hd.,0
chó bố sau khi đi làm xa về: thằng đen sỳ này là con ai ở đâu ra hả?,0
"đợt đỉnh điểm vửa qua giá vượt 60 thì không bán, như vậy anh chị hơi non trong đầu tư.",1
quá đáng vai anh ơi ngồi nấu mì ăn xem review thịt trâu:((,1
cô dễ thương quá emoji_love emoji_love emoji_love,0
"đụ mẹ, thầy làm clg vậy?",1
kia là bức tường toàn súng ống đằng sau camera stream,0
tuyen nguyen này hình cánh hoa hả chuỵ???? emoji emoji emoji emoji,0
"thảo đào văn nghèo nó đéo bỏ là tốt rồi ,",1
đéo thấy thằng nào bị tử hình... vì các nghìn tỷ được bỏ túi đều... bọn này ăn nghìn tỷ chỗ này... bọn kia ăn nghìn tỷ chỗ khác... 1 thằng chết là chết cả lũ,1
"đoàn tài em xì trét lắm, chị đừng chửi em nữa nhung said",0
"nghe đồn bọn nó đang sợ đảo chính, hóng lắm cơ :v",0
phương án nào cũng ok miễn là có làm và làm nhanh làm tốt làm rẻ,0
đ.m thằng ad lại dùng ie rồi ))),1
trong nội bộ tổ chức tụi bây còn không tin nhau thì nhân dân nào mà tin tuyên giáo búa liềm,1
ghép cl nhé,1
ngộ l ghê ta ơi,1
đây là hình ảnh của a tôi sau bữa đi dắt tùng sói đi ăn cua hoàng đế !,0
ong cung gan dat xa troi roi chu yeu vui thoi ban oi,0
my tran cái con này vòng vo vlon:)),1
trời giờ mói biết cô minh hiếu đã chuyển giới nhìn đẹp quá emoji emoji emoji,0
thấy nước ngta thấy ham nhìn lại xứ vịt ngan chán,1
con di ngua nay chac sih ra o ho boom ha j,1
bao giờ thpt đc nghỉ học mặc dù lùi lịch thi roi :),0
tao đã hút cảm cmn động cho đến khi biết thằng đăng là,0
"gớm đi nhiều mà vác con soluto về để 2,3 năm nữa uống xăng hơn uống nc. nội thất xấu hơn attrage bản mới 20120, attrage rộng rãi, gầm cao, máy bé nhưng mấy dòng 1.2 với 1.5 chả chênh nhau hao nhiêu. nói thật con soluto cái phần đuôi cũng xấu,",1
quang hung vu bên đấy bảo cách ly tại nhà bệnh tự khỏi ))))))))),0
xe hơi cốt lõi có rồi.xe bay cốt lõi hãy chờ xem sao !?!?,0
tại sao không lấy hạt quả táo của chính cây táo đó gieo trồng,0
thằng này nó chơi với tiến bịp hay sao mà nó lại khong xanh chín thế ông nhỉ :)),1
lắm tiền mà chả có nổi ý thức của loài người :)),1
đẹp trai . tài năng . tư duy đỉnh cao . call team tốt và nhiều phẩm chất tốt khác nữa là những gì thầy đều có . sena 1 người thầy hoàn hảo . còn thằng ngu 3 gà thì chịu cái gì cũng khong có,1
bị ngáo cứt lợn emoji,1
hạnh fuck nhé đôi bạn trẻ emoji,1
mpv cái máu lồn đỏ như tới tháng,1
ninh thảo quyên chym kuvo may hqa khong đi về đg này,0
về là dính. cứ thế mở bay quốc tế. nản thật.,1
i love you emoji_love cuối cùng cũng làm fan cứng ?,0
bớt xạo lon nha,1
thằng già sống bẩn quá,1
tôi đang đọc cái gì thế này???không tưởng tượng có chuyện này trên đời luôn,0
"qua việc này anh em đừng kinh thường 1 con ruồi, dù nó đã chết nó cũng có thể làm cho 1 người đàn ông đi tù 7 năm. sức mạnh của 1 con ruồi chết ở đâu khủng thế???",1
"sao khong nhường cho fati quả pen để em ấy có cú hattrick đầu đời nhỉ. đàn anh quá ích kỷ, trong khi fati là người mang về quả pen.",1
"tốc độ càng nhanh thì càng qua mau, cầu mong dân quê mình bình an",0
nói chung hai cô này không được đẹp.việt nam bây giờ ra đường nhìn rất nhiều cô đẹp.,1
thương con quá . chúc thiên thần nhỏ luôn vui vẻ khi về bên kia,0
thằng này bị cả hội eva bốc phốt mà dit_me thằng add còn cố đéo chịu hiểu mà đăng lên,1
"nguyễn ngọc linhlinh cậu không đọc hết ảnh à, truyền cho 9 người rồi kìa",0
cái nào tốt th khen cái nào xấu là chê ad có tầm nhìn thấu đáu sáng suốt. chứ khong phải bọn ngu đần mê mụi khong phân biệt đúng sai. ng ta thấy sai ng ta nói thì bị cho là việt tân,1
dân indo m chọc mù,1
"bọn này vô học, lại thích khoe khoang để lấy thành tích, viết những câu chữ tối nghĩa.",1
anh độ mà đơ là con meu nó cho đống đồ chơi của anh đi luôn,0
anh hùng bàn phím nữa :)),1
"thấy không ổn khi ban đầu giải quyết khi gặp tình huống này,",0
"tử hình luôn khong nói nhiều , ý thức như củ cải",1
hổ dữ không ăn thịt con. ông này có còn là con người không?,1
joe biden dù có không là tổng thống nhưng ông ấy vẫn cho thấy sự già dơ và đẳng cấp hơn trump.,1
bố thằng chó emoji emoji,1
đấy thấy chưa khong có thông báo mà tự giác là rất tuyệt vời del phải như ai kia làm cả thủ đô ăn mì,1
th bạn đừng đạo đức giả nữa . gà lợn vịt trâu dê ăn hết mà nhắc đến chó thì lại dựng lông lên emoji . bản thân mình kh thích thịt chó nhưng cungz đâu bắt và cấm ng khác ăn thịt chó đc,1
tội thằng nhỏ há mồm 4 tiếng mới dc con cá trê kk,0
hoàng xuân cẩn thận c ơi. tốt nhất đừng ăn cho chắc,0
bắc hàn là nghèo bền thật sự,1
hết ẳng emoji câm mõm lại hết đi,1
chảnh chó cách ly mà đòi phục vụ như vua .nhìn mà gét,1
park kee rất thích ở sài gòn :)),1
dit_me vao long tot cho de cua may a,1
kiều duyên vấn đề shipper giống m nói èn hâhhahah,0
thảo nào dạo này uống bia sài gòn hay bị nhức đầu,0
không bằng cầm thú,1
chúc bé con khỏe mạnh bình an nhé! tin vui quá!!!,0
"giới trẻ giờ bị nghiện đt mục đích không phục vụ học tập, ý thức kỉ luật chưa cao. tôi không hiểu mấy quan nghỉ gì mà cho hs mang theo?",1
cac gì bóng của thầy là con chó à?hay linh thú nằm trong thầy đây,0
chắc lại đi spa tắm trắng để câu bạn trai đây mà!,0
sao tôi có cảm giác á hậu lại đẹp hơn hoa hậu vậy haha : ),0
nghe tên ad đã biết ad không phải dạng vừa rồi :3,0
"yên tâm về việt nam thành phế vật ngay ae ạ . nước ngoài nó chỉ có fuck you , oh shit ... còn về việt nam thì khong đc đmm thì đcmm hoặc độu má m ... phế chắc chắn emoji emoji emoji",1
tủn 3k f1 cũng giã chứ thật hả emoji emoji emoji emoji,0
nguyễn bá quang thì cái đó nó lan từ bộ tộc mình ra mà,0
nghe anh hát nhạc bolero mà thấy khổ thân bài hát quá.,1
ngày của bố mà nó lại cho quả status đắng thật :),0
haha lại ba que xỏ lá,1
nên chấm dứt hình thức đào tạo liên thông đối với ngành y.,0
vậy là ngay gần nhà mình mà có những kẻ tồi tệ vậy sao! hại người sẽ thành hại chính mình thôi.,1
chúng nó đéo còn gì để làm mà nên mới sống nhanh với sống chậm :v,1
giống thế đ nào dc,1
chị ơi từ thiên cho e ít tiền ăn chống dịch đi chị,0
bài bình luận phân tích tổng hợp quá hay và sâu sắc! cảm ơn tác giả,0
tuần này sói đưa ông già đi thái nên nghỉ stream à :))),0
chỉ một vấn đề nhỏ cũng đủ thấy ai sẽ giải quyết vấn đề dịch bệnh tốt hơn.,0
nhục mặt chửi nhau roi giờ chơi nhau chửi mướn đề con vk trả tien kaa,1
bk loạn vai,1
giá nhà tăng trăm triệu mỗi năm.lương căn bản thì tăng 100 nghìn mỗi năm.,0
"hiệp đinh cái thứ tay nhanh hơn não mà cũng có tư cách nói à,, chưa biết ai hạ cấp đâu, m nghĩ ai cũng như mày á, biết bệnh mà vẫn á",1
mốt tập nói tiếng hoa kiểu này emoji emoji emoji kom tuấn hạnh kim trần,0
"một thời để nhớ, bao kỷ niệm gắn liền với những ca khúc của anh.",0
hay ho đéo j bài này. hay lại câu like mất facebook,1
em ơi bớt khẩu nghiệp lại đi con mình còn nhỏ phải để đức cho con con,0
"nói chung lớp 1 là lớp chuyển giao giữa học mẫu giáo và học tiểu học, nên để các cháu làm quen từ từ từng chút một, đáng nhẽ học xong lớp 1 các cháu chỉ cần đánh vần được nhưng từ đơn giản, một số từ ghép không phức tạp, đọc trơn tru một câu đơn giản,",1
cứ đi ra đi vào như đi chợ thế thì s khong tăng cho đc.,0
clm nó dơ như chó rách,1
một mình chị nhung lây mẹ bệnh cho cả nước,1
"lũ người này phải cho đi tù mọt gông ,lười lao động ,bạo hành ,lọi dụng trẻ em ,lợi dụng lòng thương của mọi người để làm tiền ,không thể sử nhẹ tội được",1
"thì ở vườn hiền lành bị lừa đó bạn, giờ cô ngộ nhận ra rồi",0
như quỳnh bởi ta núa :))))) iuu thưn cạu quá nhèo emoji emoji emoji,0
sau mà hổn hào quá sau mày lại phân biệt chủng tộc .mày quá đáng rồi linh oi,1
"cái bọn bang đảng búa liềm này rất láo, vô sỉ. miệng thì bù lu bù loa dân làm chủ, nhà nước quản, can bộ là đầy tớ nhưng xin hỏi có thằng đầy tớ nào mà láo như vậy khong, khong hề trình báo công việc mình làm, tiến trình và kết quả ra sao cho chủ,",1
"hỡi những người làm nghề nạo phá thai hãy suy nghĩ lại đi, các bạn đang kiếm tiền từ sự dữ, các bạn có sống được không khi các bạn giết người và tạo ra sự chết.",1
"ui tốt quá, bé đã ổn định và mình lại học được thêm tí kiến thức.",0
già mất nết quá,1
"thôi thôi thôi thôi thôi thôi mày đừng có bốc phét, mày đừng có mồm điêu đi :v",0
vloz,1
chị đẹp gái quá còn đẹp hơn em gấp emoji làm em mắc cỡ quá,0
"nếu nó niêm giá thì lỗi do người mua mất cảnh giác ! sống ở thiên đường mà mất cảnh giác là sa chân xuống hố ngay tức thì! đi xe ôm cũng phải hỏi giá, mua bánh mì cũng hỏi giá....đến hối lộ công an hay bác sĩ còn có khung giá ! khong hỏi thì đừng trách ....",1
nhìn mặt ngu hơn bò,1
đom đóm sắp xuất hiện với cương vị một official mv,0
biểu cảm của tiểu vy yếu nhất trong ba cô,1
"ny t sắp đi nhật các ông ạ,nghe mà t thấy buồn quá",0
"mấy đứa ngồi hóng đi, anh sẽ tận thu tận gốc và chúng mày phải chịu cho điều đó, tất cả vì con cái và dòng họ của tao nghe chưa... thằng nào không chấp nhận tao cho ung thư và tai nạn hết....",1
khong biết có thánh nào thông minh mà làm theo khong :3,0
lớn mấy tuổi đầu rồi nói cho như thằng khong não ??? vẫn cố làm trò ngu si của mik để câu view ??? não cá vàng éo hiểu sao đc lm youtuber :)) bệnh hoạn vai chửi cho càng bị bệnh nặng :)),1
"mày ngu hay đéo có não thế !!! m đéo thấy là ông ấy là một người có tâm, có tầm và iu nước à! không có gì dính dáng đến việt tân cả thằng não chó bị nhồi sọ",1
đến bâyh mà vẫn còn mấy đứa tin lũ ngoa hoặc chửi thuê review phim ấy hả ))),0
nha ba nay o gan kho dan no banh xac,1
"rất hâm mộ chị, nhưng nhìn sơ sơ cũng 10 mối tình.",0
mấy đứa chê bánh mì xanh cỏ roi,1
"lê minh thành iem bảo a là vẫn có mà, chỉ tạo drama thôi",0
cùng một lỗ đẻ ra và ngu như nhậu,1
vì thái lan hiểu quá rõ mọi con đường búa liềm đều dẫn tới tham nhũng,1
"bài viết của bạn quá hay,làm cho người đọc càng hiểu thêm nhiều về bọn cơm sườn mọi rợ.",1
đầy ông kinh doanh bây h thờ quan công chứ đéo ai xăm và thờ thánh gióng ))))),1
cuối tuần các bác chạy xe đạp trên quốc lộ 51 toàn vượt đèn đỏ,0
tìm một bạn nữ cùng cover tình yêu của nhà anh mixi,0
vi phạm bản quyền không một lời xin phép tác giả của vd,0
nội gián là nguy hiểm nhất trong bất cứ trận chiến nào.,0
tôi không dùng nước ngọt khoảng 3 năm vì nước ngọt không tốt cho sức khỏe.,0
"sua cap thi lien quan den bang thong quoc te, chu noi dia van bt. ad ngu ngu :))",1
vương nhật minh thế mà trc giờ ta tưởng mi tục emoji,0
looks like lon,1
hãy ăn năn sám hối không thì sẽ khổ khong bao giờ thoát.,0
"lúc hoạn nạn đấm nhau với mẽo khong thấy ai . giờ phất lên 1 cái ai cũng muốn khoác tay làm bạn , cái thế giới này có kinh tế trong tay nó sướng là thế đấy",1
"quá nguy hiểm, tôi chưa hết ngỡ ngàng vì người chủ dn là bạn của tôi.",0
virus corona tuổi lìn :))),1
hoàng hồng ngọc chị xinh đẹp giỏi vậy ma cũng suỷ ngĩ vậy ước như chị ấy,0
con quỷ này nó dở quá a c e đừng nói tới nói mở miệng ra là cái đó không,0
đm chuẩn bị đi học tiếng tàu thôi là vừa,1
chuẩn bị có liveshow ca nhạc tối nay nhé các bác :v,0
ui dào tòan cái lũ tham ô tham nhũng. hốc hết cứt của dân thôi,1
tưởng khỉ emoji muốn chịt lúc nào cũng được chứ - hè với đông cũng chịt chịt đụ đụ với nhau đúng khung giờ bố đi nhậu,1
ông nào gato thì sẽ bảo ảnh này ghép cho coi emoji,0
"khong thấy hay, hay là khong hiểu đc cái hay của nó????",0
em chồng hà tăng. nhưng cô này ý thức tốt gấp mấy lần bạn nó.,0
cái này gọi là phá cách để phù hợp với khẩu vị thị trường trung quốc. thật hài hước khi xe phân khúc hạng nhỏ hơn lại lớn phân khúc hạng lớn hơn. phá cách kiểu này là đang phá nát thương hiệu rồi còn gì...bmw ơi là bmw. thân!,1
phạm văn lộc idol viết ntn thì vẫn là idol em hí hí . em chấp nhận hết á :,0
12:03 toang cmmr,1
chuẩn bị học tiếng trung như khi xưa ta học tiếng pháp chưa ae ))?,0
"ngoc ngoc má ư, chắc mua áo mưa mặc đi cho chắc quá",0
và mê chim mê dzú đặc biệt ít quan tâm chính trị vận mệnh quốc gia,1
"chửi cái qq gì, khong làm đúng quy trình thì bị loại đúng rồi",1
"nghe có vẻ thuyết phục, thôi chúc nốt đã rồi tính tiếp",0
một minh chứng cho việc mua quan bán chức ! chức cao không phải vì tài chức cao vì bởi thằng này nó ngoan !,1
"sinh con ra được nhưng không xứng đáng làm cha , mẹ",0
chắc có mỗi t thấy bài hát này khong lọt tai :))),0
gay to vai :))),1
ngu thì chết chứ bệnh tật j. thắng lại làm j,1
có vận dụng được vào những chỗ có tóc khác khong a ?,0
"cháu tôi đang học lớp một , ngày nào cô cũng nhắn các phụ huynh kèm cháu đọc viết. chả hiểu bộ biên soạn sách với chương trình dạy kiểu gì, khi mà học cả sáng lẫn chiều rồi mà tối vẫn phải học. lấy đâu thời gian cho các bé vui chơi nữa.",1
"bán hàng đàng hoàng phải khong, bán hàng lương thiện đúng không, dám cho đối chứng khong, công an cồng đầu chứ ở đó mà xạo xạo, qua mặt thiên hạ hả bưởi",1
độc ác quá,1
"công lý cái địt mẹ m à,công lý xử doanh nghiệp còn dân sai thì kệ mẹ à ))) bố m đéo uống cái gì của thp cơ mà để những con chó như m cắn càn thì xã hội loạn cmm roi :)) m phạm tội xong m kêu m nghèo, mù chữ đéo biết luật thì m vô tội à thằng ngu,",1
vu thuan tiết nhiên bạn ơi cuốc sư khong nói tất nhiên đâu,0
anh nguyen có phải con hnay e cho c xem khong nhờ? :))),0
"bắn bỏ hết mẹ lũ tham quan đi, lũ chó",1
ông bỏ bê mẹ con tôi hơi bị lâu roi đấy. tùng sói said:)))),0
"nghe cũng nghẹn lòng thật, tương lai còn dài, lỡ sai vẫn kịp quay lại ...",0
bác sỹ giám đốc mặt heo?,1
cậu đồng thế ông đi lên công ty làm là ông bỏ nhà ra đi à ?,0
"khi mỗi tối gia đình tôi học như đánh vật, cả ngày ở lớp khong nhớ nổi học những cái gì, vì quá nhiều bài vở, cô lại phát những sách học thêm để tập tô, tập viết, mỗi buổi cả nhà stress. tôi khong hiểu cải cách giáo dục kiểu gì nữa.",1
nguyen tran lan anh lon me :)),1
xe hơi say cm emoji,1
"nay chị đẹp giữ thần, làm mai minh lực cho em đi chị đẹp. haha",0
"không biết tôi đọc cái gì nữa đây , mong phạt mạnh tay những đối tượng này",1
bỏ măy con điếm đấy đi là thông minh đấy,1
"trông không giống mèo hoang, chúng hơi mập, có lẽ nguồn thức ăn dồi dào.",0
"thật khong thể tin được: nhỏ con hơn pr7 vậy mà thi đấu 731 trận ghi 634 bàn, 7 lần giành giải vua phá lưới, 6 qbv, 6 giầy vàng. nhìn sang pr7 ôi thôi qbv thua, giầy vàng thua dù thi đấu trước 2 năm, cao hơn, thuận 2 chân, con ngoài giá thú nhiều hơn,",1
đàn bà dễ có mấy tay_dinh thự của nữ đội trưởng đội chống buôn lậu,1
thật là tuyệt vời! hãy nuôi dưỡng thiên tài! chúc mừng gia đình cháu nhé!,0
muốn xây tiếp nộp phạt 40 giá trị công trình :))) vai,0
đợi cc,1
"rất thích bài viết thế này. hay và ý nghĩa, học thêm nhiều cái mới",0
nghe mấy thánh toy chê bm khủng khiếp mà 219 ở tq vẫn bán được 174.000 ch ah,0
trần minh hoài là hình cánh hoa nha c khong phải cailoncat hihi,1
nguyễn hoàng đan phương tự nhiên lại nghĩ đến m :))),0
kể cả mở nắp bồn cầu cũng nên đái nhẹ nhàng và thanh lịch thôi. đm rớt vài giọt ra mép bồn cầu t nhìn mà tức nhức nách,1
ivanka nhìn có tố chất tổng thống nữ đầu tiên của mỹ; mạnh mẽ lịch lãm,0
"những đứa như ad với m chỉ suy nghĩ được z nên mãi làm dân ngu cu đen thôi, chừng nào tính được 200 tỉ mà ăn được bn mới làm lãnh đạo đc. thân ái",1
ờ ờ . nợ thì chúng m nợ nhé. :t t đéo có nợ ai dâu nhé :t .,1
đhs cứ mặc định nghĩ là nội bài là tđn nào nhỉ? qatar thì nó cũng có sân bay mà từ qatar về hà nội phải transit qua bangkok nhé :))). sân bay nào cũng có trộm cả thôi :))),1
"cậu khốn nạn ngủ với 2 cháu lớn đến nỗi cháu có bầu lúc 13t , h cháu 16t có bầu 4t , khong hiểu mẹ nó nghĩ gì mà để cậu loạn luân với con mình",1
bú bóng cao su ha gì cười ghê z abe :)),1
bọn đức mặc quần áo lính băn tỉa thì sao khong thấy ai nói nhỉ,0
cha khốn nạn,1
nhìn thấy thương anh quá. tôi là đàn ông nhìn mà thấy rưng rưng nước mắt.,0
"thề là nhữnng lời khuyên của anh độ rất thấm, nghe mà cx cảm thấy buồn thực sự",0
tài năng của anh độ phải làm nghề chụp ảnh cưới mới đúng..ghép chuẩn vai,0
"edit xog xem vui hơn bản chưa full , iu cô , iu anh edit emoji emoji emoji_love",0
nhớ quay vlog bố con nhà sói về thăm bác lý anh nhé :)),0
nhưng trong 5tr ng có phải ng nào cx thấy hay đâu,0
khoảnh khắc sung sướng trước khi yên giấc ngàn thu.,0
12h đêm cừi như 1 con điên emoji emoji emoji emoji emoji,0
:v sẽ là những ngày off stream vì lí do trông con :v,0
"sai bét hết, nếu lấy tên thật thì mấy đứa đoán ra làm sao.",0
bà này thèm chích thiệt,1
phan kimphu nhok yuki kieu nguyen hoá ra hồi h mình theo trend đó nhan,0
bu fame a lieu hon khong cho len td luon bay gio hi hi emoji,0
cưỡi xỉu luôn cô ơi. bài hát huyền thoại của cô emoji emoji,0
trần dần bệnh tâm thần chuyện có nói khong chuyện khong nói có làm cho cả cộng đồng người việt ở mỹ quá bức xúc truyền thông pho bolsa tv giống trần dần bịa đặt chuyện có nói khong chuyện khong nói có,1
"hạnh an ồ việt nam gan quá, chắc tụi mình khong phải là ng việt nam roi, và lúc chết do víu chắc lúc đó cũng kêu là không sợ, ồ nhưng bố sợ bố muốn nghỉ học cho nghỉ học đi t sợ chết :(((",1
phát thịnh thầy toi như thằng xì ke.,1
người mỹ vĩ đại ở đây chứ người nga thì đã nghĩ ra cái gì đâu.,0
ăn nhiều rồi lú nó không có phúc đâu đời cha ăn mặn đời con khát nước,1
nghe như cặv,1
chuoi boi làm gì chi mang toi khau nghiep chư có iit loi gì,0
ci oi nhin ci dep nhung chi khong rong mot con nguoi ci rong mot con cho,0
trung quốc đã phát triển quá nhanh so với phần còn lại của thế giới :o,0
cút mẹ luôn đi chứ tạm cl,1
thật không thể tin khi những thứ đó được lấy ra từ chiếc bao tử thần kỳ ?,0
tao vừa thấy thằng lâm thồn sủa mà sao xóa cmt nhanh thế :)))),1
wan we 16 là trước đó . từ 17đen 30 là mình mới biết thui,0
điểm nhấn lớn nhất là fati ăn mừng theo kiểu của ronaldo.,0
"video hay quá, chúc quan hệ 2 nước phát triển và bến chặt hơn nữa.",0
lái xe khi có ma tuý và đâm chết 2 mạng người hẳn 30 tháng tù. chuyện gì vậy moi_nguoi. em khong rành về luật nhưng xem ra bản án có nhẹ quá khong có răn đe đc người khác khong,1
vn mang nặng ơn nước mỹ đã rộng vòng tay chứa chấp đám thần kinh này.,0
thích câu này vai bạn lịch sự - admin lịch sự. bạn cục súc - admin dí l vào mặt bạn luôn,1
phuonng annh ý là nói tình hình đn vậy thôi hà chứ gì đâu emoji emoji,0
"cm nó 50 ,khong",1
"thế là đường ai nấy đi, duyên 3 người chấm dứt từ đây : )",0
"lũ bán nước đang bú đít tụi đài loan china.dech mẹ gia đình thằng chủ tịch tỉnh qb , mả cha thằng bộ trưởng tài nguyên môi trường.lũ sâu bọ",1
chua thay thang bede nao sau nhu thang quy nay no banh noc,1
quần gạ chịch à,1
fai nói 1 điều mày khóc thuê à ad . sẽ sớm thôi mày sẽ bị dờ gáy,1
t biết chứ bộ nên t mới làm cành hoa cho m đó :)),0
bản chất thật của bọn cơm sườn ngày càng được công khai lộ liễu không còn dấu diếm như thời gian trước.,1
may co dam ve viet nam khong ..linh l may tu gio dung len mang khoc nha dam noi dam lam linh long..,1
nói nghe hào hùng lắm nhưng mà công nhận đúng vai anh uwii :v,0
trần quốc sư trần dần còn khỏe lắm ae yên tâm emoji,0
cái dit_me dit_me dit_me,1
kéo khoá sợ ngột ngạt,1
tuyển để e dí l vào mạt ngkhac à,1
có camera chụp xuyên thấu thì hay nhỉ ??? kakakaka,0
thật kỳ lạ là người dân mỹ lại ủng hộ một người đãng trí như vậy.,1
có đuỹ nào thả thính hôn,1
cần xử phạt bố mẹ ruột và bác sĩ đã phẫu thuật cho ca này.,0
hôm nay anh chưa đổi được tiền các em chịu khó mai anh em mình cùng bay,0
tưởng chỉ con người mới lừa lọc nhau ai mà ngờ .. rất tinh quái và kiên chì,0
chửi hay bên nước ngoài thì đổi avata làm như quan tâm lắm trong nước không nói toàn thứ ngu nhà dại ngoài đường,1
năm sau đến lượt 2k2 rồi :)) sau năm tiếp theo nữa là 2k3 rồi đến 2k4 ờ và tiếp tục là 2k5 2k6 2k7 đcm nhiều vailon :)),1
má ăn mặc đeo giống ai,1
con này nó tưởng nói chuyện vậy là hay mất dạy khốn nạn khẩu nghiệp con trai nó gánh,1
"được 3 tấm thằn lằn, cua, vịt là đẹp. mấy bức kia quá bình thường luôn",0
giờ thì bỏ thần dược ký-ninh của ông và ráng nghe thì bác sỹ nhé.,1
cám ơn các bác sĩ và nghệ sĩ đã tham gia quay mv này thật hay và ý nghĩa.,0
nguyễn thành lý ổng mà thấy là ổng đuổi học m đoá :)),0
"ad chửi hết bọn khựa làm chó gì?! dân nó cũng y như dân mình thôi. chế hính cho đỡ tức hả, không tác dụng gì, để sức mà xem nước ta thắt chặt tình hữu nghị ra sao nhé. vụ formosa chìm xuồng rồi nhé :v đm, ai bầu thằng cẩu nô tài lên làm lãnh đạo thế?!",1
thoại trần bạn đã viết đúng chính tả chưa mà nói họ? chính tã,0
lời và nhạc hay thật.. cảm động thấm thía từng câu,0
"một quyết định rất đúng, cây to vậy trồng rất lâu mới có được",0
"bọn này dã man quá, con mình mà còn làm vậy",1
tin vui việt nam chúng ta đang kiểm soát tốt dịch bệnh,0
bạn đó đang nói móc con cháu thằng hồ nói miền nam vn lúc trc đó sao có nhiều người ngây thơ ghê.,1
các chồng ngủ ngon đừng ib gái nữa em kh thích emoji_love,0
"cái đmm nhé ad, đừng có vơ đũa cả nắm, ăn cứt cả đống nhé con. 4.5 tr đảng viên khong phải ai cũng xấu mà để m nói cái giọng của loại chó đấy. cái page chó bẩn ngu si này. m ra xem ngoài xã hội đầy đảng viên vẫn nai lưng đi làm để nuôi đầy cái giống đéo ph",1
e mua bay vs bàn xoa rồi sếp ơi. tổng hết 100k. chát quá,0
"cứ chửi bọn tư bổn, mà sao con cái, quan chức khong ở xứ thiên đường mà trốn ở lại xứ dẫy chết là sao.",1
gia tài của nữ hoàng nhạc pop này chắc là những khoản nợ khổng lồ?! kk!,1
tôi ít để ý đến nội dung phim 3 cô này đóng vì những hình ảnh gợi cảm của họ đã làm choáng hết tâm trí của tôi rồi...! :),1
"với tình trạng người dân dọn dẹp nhà cửa trước tết đang leo thang. tôi đề nghị các ban ngành, cơ quan hữu quan phải có biện pháp cải thiện tình trạng bằng một số hình thức như tuyên truyền, răn đe,",1
chị ơi sống mũi của e bị rõ có làm được không chị,0
"người ta cứ sợ chung cư cháy, nhà thì không có cháy.",0
nghe đâu thằng ad là dân bắc. nó mún ngửi đít miền nam mà khong được nên tức ấy mà,1
tộc tưởng phải đứng giữa hai chị đẹp gái kia mới hợp lý hơn không )),0
hihihi nói tổng thông cũng nghe . tổng thống có điếc đâu mà không nghe...,0
"mo mom ra biet ngu.nghi sao dung tu nhin,",1
âm binh emoji,1
"cái miệng khẩu nghiệp, con này nó tạo nghiệp không để phúc đức cho con nó",1
tết nào cũng vậy . về quê ăn tết lúc nào cũng 7-10 ngày mà vẫn còn thấy ít !,0
"lỗi do người lớn bất cẩn, mong các cháu yên nghỉ!",1
ở xứ đông lào này chẳng có thành công nào mà thiếu được bàn chân của đảng ! không thể thành công mà thiếu vai trò của đ... được !!! nếu chưa thì đ.. sẽ tìm ra cách !,1
phong cách chịch dở emoji emoji emoji,1
thằng assmin cút wa mĩ sống mày...( thay đồ đi lãnh 3 củ đây)...,1
cẩm vy mình biết cậu lười nhưng mà phim này hay )),0
"sam đuôi nhọn và kích thước lớn còn so nhỏ hơn, đuôi hình trụ.",0
"nó đi du lịch bị lây cũng khong có gì để bàn luận , cái chính ở đây là nó khai gian , nó nghĩ nhà nó nhiều tiền , về nhà nó lấy tiền nấu thuốc uống sẽ khỏi bệnh , cái lịt mẹ nó con chó nhung emoji",1
chửi bậy cũng có phải có văn hoá !!! page này giải trí vĩ lòn. thích thích,1
càng ngày càng quá đáng. đã sai lại càng sai,1
con gà tại sao không phải là anh ba mà là pét len )),0
nguyễn hạnh tiền nhiều để làm gì?? để đi mang dịch về cho đất nước :((,1
refund đc đi thái lan. còn anh vẫn khong vào dc tym em,0
ra đường thể nào cũng có người bảo anh ơi quên đóng cửa sổ,0
"xích cổ cách ly ngoài rừng cho hợp với không khí nó cần,thag ml",1
như hằng nguyễnthảo nguyên khong có triệu chứng ho khó thở vẫn bị nhiễm kìa,0
thằng điên văn vở câu like rẻ tiền----cút,1
dù em giàu như nào đi nữa cũng không bao giờ có được tôi.,0
"tiết mục thư giãn cuối tuần của phobolsa tv. zâng, tâc ziêng là rất hay!",0
văn tuấn mai hàng f1 là vi phạm pháp luật hồi nào v bạn ?,0
cha sanh mẹ đẻ mới thấy thắng kiện mà bị nộp án phí.,0
đm mày 2 5,1
gắn thêm khẩu súng máy trên lưng nữa thì các bác lại chạy rẽ tóc.,0
có ai dịch tiếng đài loan và gửi cho chính quyền đài loan không ?,0
sống chậm cái con mẹ chúng mày,1
vai đúng một ổ dlv đang thủ dâm tinh thần với nhau. tôi ngưỡng mộ a phan anh quá. còn nhà nước hả. một nghìn tôi cũng khong đóng góp. vì tôi quá hiểu bản chất chính quền vn rồi.,1
tết nó đánh động đòi quà tết đấy chứ tầm này nhà bao việc cưỡng chế cái gì.,0
từ hân ly lay má emoji,1
tào lao xã hội bây giờ nó bị nhiễm hóa chất nên con người nó thế nào,0
"cái lỗ mũi như lỗ trâu mà còn ngột ngạt,hít hết cả khí trời của ngta rồi còn j.",1
"đà nẵng năm nay quá đen. vừa bị covid-19 tàn phá, sắp tới lại bị bão.",0
có vẻ lú lẫn thật rồi.,1
con mẹ mày con linh cá lóc,1
có giỏi thì ông ad đứng lên để chứng tỏ mình khong hèn đi :v,0
top 1 thịnh hành là điều đương nhiên thôi emoji emoji emoji,0
cảm ơn minh hiếu đẹp như minh tinh màn bạc chúc hiếu càng đẹp hơn nhé,0
toi cực sợ rắn nhưng khi xem clip này toi lại cực mắc cười xd,0
eu là một liên minh còn âu là tên một châu lục đồng chíphạm vũ nhé,0
phim holiwood trong trường hợp dịch bệnh này là xử lý hay lắm!,0
"con mình đang học lớp 1. kiến thức quá nặng. bộ bảo khong đc dạy trước nhưng thử hỏi khong học trước thì vào năm dạy bao lâu các bé mới thuộc 24 chữ cái? tay cầm bút chưa quen, con học mới 2 tuần, gv đã yêu cầu ph đọc cho bé viết chính tả....",1
top1 kicm. ca sĩ hát trên giọng hát của người khác emoji emoji,1
quên mất a hỏi nhà tiên tri bao giờ cưới danh ca như quỳnh,0
"lúc hoạn nạn mới nhớ quê hương, nơi luôn dang tay cứu giúp :)))",0
cái đó là thiếu nha bạn :) còn cái loại đi bắt bẻ như bạn mà cũng bắt bẻ ngu như bò ? chính tã là chính gì ?,1
"hà nội sẽ đc đổi tên thành tp mao trạch đông, đg biên giới vn sẽ đc mở rộng ra tới tây tạng. giải phóng đài loan sẽ là nhiệm vụ hàng đầu của nhân dân xhcn, đế quốc mỹ và bọn tay sai sẽ phải cút khỏi biển đông và biển nam hải. cùng với thượng hải, bắc khong",1
dkm chung no khong tiem cho cac chau sau nay lay ai giu nuoc,1
tiến chiểu chúng giàu có thiệt nhưng có giúp đỡ ai đâu có gì là chúng nó bay đi trốn hết ak,1
ở mỹ sao người vn don bây ác quá,1
"thật đáng thương cho những đứa trẻ có cha mẹ như vậy. trẻ con có tội gì chứ. đọc bài mà thấy ấm ức, khong biết cuộc sống đứa trẻ này sẽ đi về đâu....",1
má dơ vai ))),1
má nhìn xanh xanh cứ tưởng a tôi tự cày view cho mình trên xnxx,0
lê chánh huy vai nhật văn mình dữ v emoji,1
"những thằng nói đạo lí,thường sống như l",1
"sơ sơ vài món thôi, mua thêm món t2 đc giảm thêm 20 mà",0
"kết hợp dịch vụ thì chọn i10sd thôi, vi có cốp sau tiện lợi chở đồ.",0
đó là kết quả của nền giáo dục ưu việt của bọn vc !,1
hi vọng sẻ yếu vào không thành bão . chứ dân biển tụi toi khổ quá,0
"đang bận bắt trộm chim, bẫy dân, hút máo đồng cốt :v",0
"anh ơi theo e nghĩ là đâu phải có 1 mình a phải xét nghiệm ? cũng giống như đi bệnh viện vậy, phải chờ tới lượt chứ nhỉ? làm như có mình anh v mà đòi cái gì cũng nhanh. mệt lon quá",1
"trần hứa như quỳnh ai rảnh, t bận lắm emoji emoji",0
"ông trump dù có đuối lý vẫn có thể nói ào ào, lấn lướt đối thủ được.ông biden đuối lý là ngắc ngứ luôn, y hệt bà clinton hồi trước.",1
ngụ ý của anh bảy vịt quay là???cả đất nước việt nam chỗ nào cũng có bọn tàu cộng nó nắm đầu hết.,1
nứng nứng hóa,1
đây là nguồn cơn mọi người nói chú trần dần bị mắc virut,0
khó chịu vai,1
ôg tưng nay coy bộ tăng động zữ emoji emoji emoji,0
nhờ có gánh xiếc này mà sân khấu vleague thêm xôm tụ,0
"nl số 1 á, ta thích c trinh nh géc thèn tiệp vãi",1
"sao bảo bc yếu lắm đang bị chìm, hóa ra chỉ yếu với đội cứng, còn vẫn rất mạnh với đội mềm như ngày nào nhỉ. fan nhà ấy lại vui vẻ nhảy vào tung bông nhỉ.",1
con này mà về việt nam chắc người việt nam đá cailoncatkhong lun quá,1
khong thua mà lại đứng trog nhóm nước đang phát triển ))),0
thấy ông lên nói chuyện mừng quá.từ đợt dịch bùng phát cứ tưởng ông ẳng rùi,0
nguyễn phương nam chó,1
"thái lan hèn thật, người ta là đội ngũ tiên phong của giai cấp công nhân, là đảng của dân do dân và vì dân mà chơi cấm người ta, sao không đem ra ..... bắn mịa nó hết cho nhanh",1
"lê lê :))) nhớ đó ! khong được đâu nhoa , khong là tội thèn nhỏ",0
trần sinh đức suy nghĩ như đầu buồi,1
"đừng nghe xui dại mua kia morning xe thì bé chạy còn tốn xăng , vote attrage",0
hãy khẳng định vị thế của mình thay vì đi đạo nhái,0
rickid vàng ngọc mà mặc áo cô giúp việc mua ở chợ đx 12.500 ahihi,0
đm admin ngu vai:)) chăcs cậu đang tưởng mình hay vs nguy hiểm lắm đấy:)),1
khi bạn mới mua 2 cái quần mà cái đéo nào cũng muốn khoe,0
"mom con nay to ne, cho no ngam cuot phun cay canh, tot cay lam cac bac a",0
ông bà ta nói có lửa mới có khói chuyện gi qua thi cho đi mọi người ơi!,0
con. quy. nãy. cái. miệng. nó. thúi. quá. đồ. do. bán.,1
biết vậy bắn chết ông này trước cho ông hỏi tiên chi để khỏi có corona emoji,1
"làm cho 2 người chết trong tức tưởi, gia đình 2 nạn nhân sống trong khổ đau, mất mác, hụt hẫng...mà chỉ bị tù 2 năm 6 tháng thì sợ chi không chơi tiếp, giống đi nghỉ dưỡng thôi!",1
nguyễn văn tý đỉ mất dạii ghê,1
dần ơi dần bị bịnh lâu rồi! chẳng qua dần không nhận ra thôi !!!,0
giàu j đâu đeo cọng bạc ghẻ rách thua cọng xích bạc của t dg đeo,0
"bmw ngày càng cải tiến và nâng cấp, tạo cảm giác thoải mái và an toàn cho khách hàng của mình.không như toy, luôn xem thường khách hàng (dù trung thành và cuồng hết cỡ), mặc dù chỉ là cái thùng tôn ọp ẹp.",1
tới bản thân ông mà không giữ được nhiễm covid thì nói chi đến dân mỹ.,0
bác phúc chịu tắm là dân hà tĩnh mở thêm xuất hải sản cho bác ăn free :)))))))),0
a ơi :)) máy bay mà dỗi thì làm sao cho nó nguôi giận đây ạ )),0
hoàn toàn xứng đáng! vinh danh những chiến sĩ áo trắng,0
như emoji,1
vualonemlabaonhieu cm,1
đào cái đầu khong có não của ad àh,1
nói là không nộp thuế nhưng lại không nêu việc kinh doanh lỗ???,0
"face chỉ dành cho người nói chuyện với nhau, sủa bị block là đúng rồi thắc mắc gì? muốn tham gia thì đi học tiếng người đi ha cháu ngoan bh!",1
rút con kẹc. rút rút quài,1
là 1 thằng con trai thì không nên có quá nhiều năm sinh,0
"nguyen mai thi phượng nguyễn vie nguyễn : trời má, dành cho bà thi lun",0
dùng có mọc tóc dài giống thầy đuoc không ? emoji,0
xuân thái xuân bảo ben đăng mạnh nguyễn phan huy nam 02,0
phim cũng đc kiểu hay giật mình nhưng cái kết nó hơi vội,0
co ba vang ngọc noi hay qua cho e cacmobi 100 nha co,0
dỗi vai . cay vai :)),1
from bắc kạn with love. chúc anh độ nghỉ lễ vv nhá!,0
"nude tiger :)) haha tiên tri vũ trụ , kiêm cố vấn số 1 hoa kỳ",0
soluto là sự lựa chọn có lẻ là ổn nhất trong tầm tiền của bác!,0
tưởng sói bảo đưa ông già về cao bằng học toán :v,0
"tới già câu cửa miệng ao làng vẫn là hello các bạn, anhem nhỉ :d?",0
chị thấy cái đó là c xỉu liền à. chắc chết với cô mh,0
mat lon linh ca loc nay choi xuong lam,1
cái lôz,1
vãi l )),1
"vũ khắc tiệp phải dương tính covid-19 thì mới thấy được giá trị của cuộc sống,thay đổi thái độ",1
anh japan ủa cái quần thể gì dậy? mới chửi người ta rồi quay lại khen :)? ủa nulo hả? cd :) ? nói chuyện như cái lông lon dậy đó :),1
thử live stream đố anh bắt được em ai ngờ đố em chạy được anh đấy,0
"yêu bác,yêu nước,yêu đảng...yêu cả hội con dân đông lào",0
nguyễn ngọc phương nó ảo thì thôi mà xui thì xui vô đối,0
thôi tao sin mày tiệp ạ sủa ít thôi khong nhà nước cho mày cách ly o chỗ châu việt cường đấy.,1
chửi chó không mọc được ngà trong khi mình mọc cu :v,1
con sâu làm sầu nồi canh.,1
đáp án là không bao giờ có một tam giác như thế nhé!,0
"lúc nó nói câu đó muốn xỉu á, muốn dô hai chai nước biển",0
"bạn cần 4 chỗ hay 7 chỗ, có 400tr mua xe sao phải mua xe cũ nhỉ.",0
sonbeat hình như hôm bữa làm nhạc cho luôn cả ntn,0
tỉ phú nào đấy tẩy chay đồ vô học,1
"khong fati làm hattrick rồi, có kẻ bám hôi pen của nhỏ làm",1
sao thời buổi giờ mà thiếu cập nhật thông tin thế,0
"hàng vn chất lượng cao, chuẩn châu âu fadil nên lựa chọn",0
rồi sao mày làm đc củ c gì ... hay viết đọc cho hay?,1
hằngg ann đu ma may,1
tii đô qua vn tạo cánh hoa kiểu này nó cho clck ngay.. emoji emoji emoji,1
ấn độ đã rất nỗ lực trong bảo tồn động vật hoang dã.,0
"lúc nhỏ cứ nghĩ người mà khong có não là khong sống được, lớn lên mới biết thầy bar khong có não vẫn sống như thường",1
hậu quả và bài học đắt giá cho tramp và cho nước mỹ ! đáng tiếc !,0
nguyễn thị yến nhi thật có nhiều người cmt lạ vai ))),0
con fan mới: cái con mất dại cái con trâu xanh cô hay quá,0
súc sinh,1
"tạ tường hẳn là em của 2n trước, vẫn trẻ trung và đáng yêu như bâyh -)))",0
"tình hình ni sang năm học vẫn kịp ,chứ học hành gì tầm này",0
"ngay cty vải nên khong thiếu vải, mà mọi người cũng nhạy ấy chứ.",0
trông có khác buồi thằng trên núi xuống khong,1
nhân ngày nhà giáo việt nam em cảm ơn thầy vì những giáo án xịn xò con bò,0
"nếu tái ngộ bayern, lionel messi và đồng đội có cơ hội đòi lại món nợ thua 2-8 ở tứ kết mùa trướcđừng có suốt ngày nhắc đến món nợ này được không. đau xót lắm, nhục nhã lắm.",1
vợ cuốc sư là bùi kim thành còn vợ nhỏ là lisa phạm,0
"sống mà ích kỉ, gây phiền toái cho người xung quanh mà cũng sống được.",1
xin lỗi vì thích em vào thời điểm anh khong có gì trong tay,0
"- cảm ơn! nhưng đừng lo, phượt thủ chuyên nghiệp mà. ))",0
ủa lạc đâu ra mấy con chó này thế )) tao bảo cno sống chậm thôi chứ tao bảo ông bà già chúng m sống chậm à mà vào sủa :))?,1
"mọi bài hát của a những năm 2000 e vẫn thuộc, nhưng thôi bỏ dòng nhạc này đi a ơi, nghe mệt quá ;)",1
"đạt hồ thành đây đm , báo vs chí",1
"hoàng yến đây, cánh hoa của bạn trọng thượng và hồ vân",0
giám đốc phố bolsa vũ hoàng lân mới ngầu chứ )))))),0
giao sang khong quan trong tâm long co trung thực khong,0
"riêng cá nhân tôi nên chọn xl7, 7 chỗ hơn 5 chỗ,máy bền, tiết kiệm xăng,xe nhật",0
chửi cũng nể nang chứ. đkm tao báo công an bắt chết cụ mày. phạt mày 5 tr bây giờ. emoji emoji emoji emoji emoji emoji,1
thì ra thầy đã có tính tấu hài từ lúc làm tuyển thủ chuyên nghiệp,0
loại này chỉ có đút cu vào mồm,1
đẹp quá. mong cả nhà của toi được một lần ngắm cực quang cùng nhau,0
1 đứa bé 6t mà bị 2 ng lớn đánh đập . tội nghiệp cháu,0
"tam giác cân có đường cao 0,2mm và cạnh đáy lớn hơn 5. . .000 mm là ok",0
ai đồ của toi. emoji emoji emoji emoji emoji emoji emoji,0
bán hàng trực tiếp nếu hãng mà khong có thương hiệu mạnh sẽ cực kỳ khó bán,0
giết nó,1
nghe các bạn online phán mất mệt..hông ai sát đánh bắt sát sinh lấy gì cho mấy bạn ăn vậy? chỉ là tai nạn thôi nha mấy thánh online,1
cứ giao hữu lã bàn thắng phải xuất phát từ mecxit là sao?,0
sự đồng lòng của người hk thật đáng ngưỡng mộ.yêu cậu bé thật sự.,0
qua đông lào du lịch mà làm kiểu này nó đấm cho vỡ mồm :)),1
nghe giọng lứng quá,1
đây là lời cảnh tỉnh tới tất cả mọi người trên tg,0
sai lầm của a là khong đem đến cục vệ sinh an toàn thực phẩm .,0
"ngày trước người nam kỳ chúng ta sống tử tế hơn, bây giờ có lũ ngợm tiểu quốc rau má và lũ ngợm thượng đẳng ngàn năm văn vật đi vào cướp của, cướp đất người nam kỳ, người nam kỳ chúng ta bị nhiễm văn hóa của ngàn năm văn vật của lũ ngợm lừa con hoang đ",1
chính mái tóc ấy mà lớp trưởng ghét tôi. giờ cô ấy là vợ tôi haha.,0
tỷ số khiến người khác không khỏi nghĩ tới một diễn biến tương tự :o,0
xin mời :))) to mồm đòi làm cách mạng vậy làm đi :))) lật đổ cộng sản đi :))),0
đm chứ biết làm gì,1
nhục chưa? sở dl hn còn hay giải tán rồi mà dân gọi cả ngày mà khong lh được là sao?,1
"2 cái thằng mọi rợ này phải cho nó ở tù mục xương thì nó mới tởn ! chứ cho bọn nó ở tù có vài năm, bọn nó đéo có sợ đâu !",1
trúc loan nhạc thằng khong đệm nó khác biệt cha nội,0
mịa mất tiền mua mạng hôm qua thì lag vai hôm nay mượt đc 1 chút thì đọc đc tin này chắc tháng sau t cắt mẹ nó mạng đi,1
tùng sói bị đau răng sưng lợi nên phù mặt ra à ))),0
nguyễn mạnh hưởng cặn bã cái địt thag bố m )),1
"chỉ vì ham rẻ mà nhiều người bị lừa, mà lừa chính người dân việt mình.",0
"chúc mừng barca với chiến thắng này, nhìn su thỏ ghi bàn cho atm mà tiếc, còn griezmann và coutinho vẫn vô hại như mọi khi, chỉ có fan rô kém hiểu biết mới cho rằng griezmann và coutinho là gánh team,",1
chỉ mong trời xanh trên cao soi thấu xui khiến lãnh đạo tất cả các nước trừ bọn trung quốc đuổi hết bọn quan và con cháu của tất cả bọn đảng viên cs khong trừ một ai _ kể cả họ đã ra khỏi đảng ra khỏi các nước khong cho cư trú khong cho nhập cảnh ( khong c,1
chi kế toán nhìn giống idol vĩnh thâm kim vai :))))),0
chi mih hieu co tien con e khong co tien sao di lam ha chi mih hieu,0
bã mướng con bóng già nào chửi chị á minh hiếu,1
xàm lồn gay cấn,1
"vãi trend mới. đám bạn toi nó bắt lâu ơi à lâu, lâu lắm rồi nghe",0
"hài nhỉ trump được đề cử giải nobel hòa bình 2021 vì các nỗ lực trung gian đàm phán hòa bình giữa serbia và kosovo, làm tốt vai trò trung gian trong hiệp ước giữa israel và các tiểu vương quốc arab thống nhất (uae). .",1
:)))) sao anh đếch ở nước ngoài luôn đi về đây làm gì để bị đối xử như thế. câm mẹ mồm ông vào. có tí tiền lo mà bổ túc lại cái não đi,1
diệu linh anh có nên làm quả đầu mới chơi trung thu không tar,0
"nữ ca sỹ adele hình như ngày càng thay đổi theo chiều hướng tiêu cực. trước đây tuy người đầy đặn nhưng trông phúc hậu và đáng yêu, ăn mặc đẹp, giản dị chứ không kỳ dị như bây giờ.",1
văn dương lê trí kh thấy tao lên trường là hiểu rồi ha :(((,0
chính thức unlike cái page phản động xàm lon này,1
emoji không biết dùng từ ngữ gì để mô tả mấy con người này.,0
mes ddocj muoons sangr ddm,1
vai đấy,1
nhà từ vĩnh lộc ra tới bxmđ mới về quê thì thật kinh khủng. khong đi cách này,0
nghĩ đến lúc anh khong còn stream nữa thì buồn nhỉ:(),0
1 lũ ăn cướp.,1
"anh độ linh hồ,anh chip là đấng,anh quang là linh vật",0
nguyễn thành luân có nhưng phải đạp xe đạp chứ éo có xe điện,0
thật sự cảm phục tài năng của bạn! chúc gia đình bạn luôn luôn được bình an!,0
con mụ thần kinh,1
nhục với thói tham lam.,1
e khong hiểu e có làm gì đâu tự nhiên e bị band khỏi bộ tộc so sad vlin a ới,0
hoá ra là đồng hương quê cao bằng của mình à emoji giờ mới biết hicc,0
chúc đại gia đình em vân luôn vui khỏe nhiều thành công,0
ô thế là bọn chúng muốn giết ai thì giết à bắt người khác chết thay tội phạm bọn tội phạm đích thực phải chết nhiều tên cũng xứng đáng thôi còn tay luật sư có bằng chứng mà không đưa ra tố cáo tội phạm thì trở thành đồng phạm giết oan người lương thiện ..,1
"chậm quá, các thánh môi trường xuất hiện trước mình rồi, buồn thật",0
tôi đang mong chờ cuộc đối đầu của everton và tot,0
các bà các cô quanh xóm đến xếp hàng tiễn đưa anh,0
tin hay nhất trong ngày! bao người dân mong chờ cầu nối nhơn trạch hình thành.,0
ai lớp du chu cờ mo em yêu anh cho gờ ku bái bai!,0
ai giỏi photoshop làm cho a tôi cười lên phát đc không ???,0
"15,16 năm gấn bó với ác si có gì để kể không nhỉ? mình tò mò muốn biết!",0
tq sản xuất công nhận giá rẻ thật. khó mà cạnh tranh lại.,0
"cái giải nobel hòa bình này sao dễ lấy thế nhỉ, chỉ cần nói suông hay truyền cảm hửng là có thể được",1
"si đã có fati kế thừa, mùa sau nên qua china hoặc mỹ dưỡng già là vừa rồi.",0
add iên tâm nó vẩn còn đó mà trong tay người khác thôi ah,0
du me,1
các bác nói vậy là gây tổn hại cho đất nước .... :v,0
chị nói chuyện vui quá chị ơi em thích chị lắm chị ạ,0
vì thầy xạo lol nè,1
tiên tri gì nói xàm chết mẹ,1
ngầu thế. khong giống tộc trưởng ẻo lả nữa roi emoji,0
"bánh hình con vật kia gọi là bánh bao, gọi bánh trung thu nghe khong hiểu nổi",0
anh nói hay vai! kiêu thì nghỉ mẹ đi còn gì nữa :)),0
"fadil bạn nhé, tôi đã đi. quá ngon và giá rất đẹp, ưu đãi nhiều.",0
"con bà chúng nó làm lòng vòng để tìm cách tham ô tham nhũng, chứ xử lý nguồn gốc gây ô nhiễm chuyển xử lý dòng chảy nước thải không cho xả thải ra sông nữa là nước nó sạch ngay",1
cho phép cái đéo gì mà cá sống ở tầng nước sâu cũng chết . đm,1
"nguyễn đình hảo được bài hồng nhan trên 100tr view còn bài bp với sg chẳng lẽ khong cần beat , jack nó kết hợp với hoaprox đéo nghe đc gì",1
biden có làm cũng chẳng xử lý covid được. quan trọng là chờ thuốc và vacxin,0
bữa nào lấy cây đơm vô đầu sena 1 lần đi abe !!! nó giỡn mặt hơi nhiều emoji,0
giày fake giày real cũng là giày đều mang vào chân đều đạp đất hên xui đạp cứt có gì đâu mà cứ phải phân biệt này nọ đã vậy khong biết có tiền mua nổi đôi dép khong ở đó mà tỏ ra thượng đẳng phân biệt fake real,1
"julia trần dở ẹc,mà còn hôi mùi bọ xít nữa, khong ngon lành gì cả",0
có pải nổ lực là có được đâu.pải có 1 chút gọi là may mắn nữa,0
chi này quá mất day,1
chúng tôi đang ở bà rịa đang rất mong kết quả của các f1 với bệnh nhân đi nhật.,0
"đa số bố mẹ lao vào kiếm tiền bất chấp cả gian dối , tham nhũng thì con nó cũng bất chấp vì tiền. thay bằng kiếm tiền xứng đáng và giành thời gian tình cảm cho con thì con nó cũng vì bố mẹ.... cha nào con lấy.",1
giờ tao thấy hối hận khi vừa nc với 1 con bò,1
chúc em thành công trong học tập và cuộc sống để đóng góp cho đất nước,0
con nay khong co an hoc nen moi co hanh dong nhu the.de nguoi ta chua minh khong nhuc a,1
nhiên an đã nói mấy hôm trước rồi khong nghe à em! miễn phí đến khi khỏi bệnh!,0
khong nên mua xe vinfast nhé bạn tôi đã mua và rất thất vọng,1
"này chắc nhiễm không triệu chứng nè,chứ nặng hơi sức đâu mà đi máy bay",0
anh anh cái củ cc đấm vào mỏm cmm giờ,1
thật sự phẫn nộ những quái xế như thế này. ám ảnh kinh hoàng phiên bản xa lộ.,0
"cái lồn j thằng ad cx nói đc, bới bèo ra bọ móc máy nọ kia vớ vẩn, khong có giấy phép chả thế thì lsao",1
nhìn quả quần muốn tụt mẹ nó xuống emoji,1
"linh phan :-p nhưng chắc mình xa nhau lắm, làm quen rồi anh có dám đến vs em nì",0
hãy nghe những gì ad nói và hãy ỉa vào những gì ad bost,1
phan thuấn duy tan hue hien la du ghii bích phương,0
ui giồi chửi kinh quá,1
trời ơi... ngày đầu tiên đi học cũng là ngày đầu tiên các con đi mãi không về. cầu mong các con được siêu thoát về với tổ tiên. đề nghị tất cả các trường học trên cả nước hãy kiểm tra kỹ lưỡng cơ sở vật chất để các em học tập được an toàn.,1
ồ. vậy cái vụ vinashin toàn mấy ôg ngu nhỉ emoji ? bạn giỏi thật,1
"đức dũng mày cứ liệu hồn nhá, giờ dễ đi tù lắm đấy :v",0
diện trần có con roi mà còn ngu mà rảnh lòn ghê,1
trương quốc khánh :)) vậy mà bạn cũng đi cãi lại đc á hả,0
cái củ cặc gì cũng nói được hết :)),1
nguyễn công kiên mốt khong được kể chuyện cười nha em :3,0
nghiêng mình khâm phục trước nghĩa cử cao đẹp của các em!,0
sì tai củ l gì thế này??,1
"chúc mừng năm kỷ hợi 2019, chúc mừng nhiều may mắn mới",0
biển nhiễm độc! giờ trâu bò lợn gà lũ cuốn luôn! miền trung tụi em cạp đất ăn zần rồi ạ! nhờ ơn đảng!,1
bọn tàu chó má,1
thy pham thai nguyen phương vy mai đừng có dịnh em nha mấy trị,0
đỉnh cao trí tuệ của cán bộ đảng cộng sản việt nam là đây...,1
trịnh huế ai tỏ tình nhận lời luôn ý đợi cái gì emoji emoji emoji,0
chào các bạn quay trở lại với tòi súng vờ lốc :)),0
cảm động trước tình người của nhân dân đất nước phát triển,0
vũ khắc hoàng vai râu,1
tấn thời nếu làm theo mấy bài trước thì sẽ bị nói là 1 màu,0
clm cuoi ia,1
đào mạnh an bên đấy nó vẫn coi đay là cúm bt thôi tự mua thuốc về mà uống:)),0
nhà e bán nước hoa bim bim nhé dùng xong chắc bê l chạy tiếp ý chị ;)),0
vn : cailoz cát khong :vv,1
xạo lồng quá mầy ơi,1
thế từ nhỏ là mình đã biết trend của 2020 rồi cơ à nguyễn thị thuý quyên,0
kh nghi hau qua ve sao luon ne..chui cho suong mieng di roi hau qua se ap den chi ne..,1
huỳnh hiệp thiện aba là bột giặt emoji emoji emoji,0
tối nay chơi game gì các bạn nhỏ hay là xem.phim emoji,0
sam bé bố mày đéo có tư cách ở đây! bố chửi thẳng cái thằng mặt lìn như mày đấy! tay nhanh hơn não,1
anh chỉ cần mang phong cách quần đùi áo ba lỗ thôi anh ưi,0
anh sơn nguyen hóa ra cấp 1 ông đc từng này ak ahihi,0
nguyễn minh triết tao cười ỉa đi trước trend cả chục năm,0
"thật tuyệt vời tp mang tên bác, hy vọng thông tin tốt đến từ cả nước",0
vũ thị lan anh mua oto đã khó còn lại phải bmw nữa mới chịu :,0
tram huynh đào nguyễn hạnh trang nè t nói đừng ăn là do v đó,0
quan chức lương thì cũng như ta thôi. nhưng ng nào ng nấy khi lên làm quan toàn nhà lầu xe hơi. lạ.,1
mình bán latex chính hãng với kem tan mỡ nhé emoji emoji,0
chị ăn gì xạo lồn chó vậy chị 3. đụ mẹ chị 3 chó hoang,1
"dựa vào các comment trước, ta suy ra cạnh hình vuông bằng 5 cm",0
1:25 mình phải ở trong nhà . mình muống đi đâu cũng phải đi ??????,0
ở vn ngày nay có một rừng luật nhưng bọn vc chuyên sài luật rừng !,1
emoji cứ sợ cô đem cái bay trộn hồ sủi bay phim trường,0
nếu bản thân thực sự không có điểm yếu thì đố ai mà moi móc được để mà tấn công chứ.,1
câu 4: kết quả 8; 4 6 8 18 (8)7 5 12 24 (4) ; 3 4 5 12 (2),0
tất cả cũng chỉ vì chữ tiền :),1
cái gì khong mua được bằng tiền thì sẽ mua được bằng nhiều tiền,0
đ,1
trân thanh my thế chết con cái nhà người ta ak bác ơi,0
t chắc chắn con nhỏ ngồi được makeup đó tên nhung :))))),0
"lá lành đùm lá rách là ở đó. tiền thuế người giàu đùm người kém may mắn. đó cũng là tư tưởng của mọi đảng chính trị thế giới, và điều nực cười nhất đó là đảng cộng sản nỗi dậy vì các tư tưởng bảo vệ người nghèo, người kém may mắn.",1
mua toy khỏi cần lắp thêm gì nhé. vì có lắp cũng bằng thừa,0
đọc mấy dòng cuối tức muốn điên luôn,1
đã đảo hàn xẻng bị cs mua chuộc treo cờ máu!!! bên cali mà bắt chước treo thế này chắc nhiều ông bà đứt gân máu tăng xong chết quá emoji,1
"ad tên thắm à , hehe , em lại nhớ tới cái con em học cùng cấp 1 cũng tên là thắm và em toàn trêu nó là thắm mồm khắm như nước mắm ad à :d",1
trần dần đã đạt cảnh giới cao nhất của thần quyền là...thần kinh,1
bọn này luôn gây hiệu ứng đám đông để nôi tiếng . ngứa dai. moi người còn đang lo chông dịch lo cơm áo gạo tiền đủ thứ phải lo. làm loạn để mọi người chú ý. không khác gì một con vi rút luôn luôn gây mệt mỏi.,1
"manh động quá, cũng vì bia rượu. thanh niên kia đã ở mộ bia rồi",1
hà minh hiền phạm tùng ai tag a khánh vào được khong ạ,0
loại mà ns khong nghe như ri thì ... nguyễn địnhn,0
lại tưởng biến thái thì bỏ mẹ :3,1
đm m hồ khang ạ,1
cái mỏ l n trong làng hài khẩu nghiệp!,1
dâm loạn viên bây giờ toàn mấy thằng con nít ỉa chùi đít chưa sạch,1
sena ám bỏ mẹ,1
anh có thể bớt xạo cho dân tình đỡ ghét anh đi ))),1
"vy đỗ page gì hnhu là neu, lời tâm sự của du học sinh anh hay sao ấy",0
"chị ba nói cai gì chị bà củng có, z chị ba có con cu khong, con có con cu nè",1
tôi nói chung chung thế chứ nói riêng mỗi vụ ở võ văn kiệt này hả mấy ông :),0
chắc tại các bạn nghe pop ballad thuần quen rồi nên khong nghe được edm đấy...,0
t cố gắng nghe hết nhưng đâu tai thật sự,1
vụ minh béo và luật pháp mỹ nghiêm thế nào đáng quan tâm hơn,0
hai thằng mặt ng dạ thú tụi mày sẻ bị quả báo.,1
sao bác khong đốn cửa tất cả cửa khẩu còn qua lại thì còn dich bệnh có nhiều người vì đồng tiền nên khong biết mình là người hây súc vật đâu bác ơi,1
"phụ huynh lúc cho con học, chắc giờ đổi ý đi mua mì với gạo roi.",0
dlv mất dại,1
món quà năm mới thầy dành cho chuột emoji riot sẽ buff chuột mạnh tay,0
15 tháng sao cầm được chai nước mà uống? tắc trách của người lớn,0
vậy mới thấy tri thức ngu tri thức hèn là như nào,1
"nó học câu tục ngữ có công mài sắt, có ngày nên kim .",0
thương thầy quá . nói thế cho gam có động lực ai ngờ :)),0
"đúng chất miền tây , dễ thương , chân thật , mong cô được hạnh phúc",0
nhìn bê tha vai,1
công cụ khủng bố và đàn áp của trung cộng đã đến lúc thành thú dữ . đó là hiện tượng thế thời tập trung cộng đã đến thời khủng hoảng chính trị .,1
"trinh thu. mỹ ác hơn tàu chứ bạn ơi , có lẽ bạn khong biết lịch sử chính phủ mỹ .... nó gian tiếp khong trực tiếp như trung quốc ...",1
tất cả là từ ý thức như đb của mấy người này mà ra thôi.,1
"đây là hình thức kỷ luật phản giáo dục. 1 tuần nghỉ học liệu các học sinh đó có theo kịp chương trình. đi học không hiểu bài càng khiến các em chán nản, bỏ bê học hành và lao vào các thói hư, tật xấu khác.",1
hải yến xinh gái mà cmt thúi hoắc à emoji,1
"thằng này nó thuộc dạng súc sinh,khong còn từ ngữ gì để miêu tả hết độ cặn bã, khốn nạn,bỉ ổi của nó,khong biết thằng bố con mẹ nó nghĩ gì khi có thằng con như nó,khong biết con vợ nó cảm nhận thế nào về thằng chồng thổ tả như nó,",1
"cầm thú là có thật, mẹ ruột, cậu ruột mà có thể làm được điều đó. thú dữ không ăn thịt con, vậy dạng này là gì???",1
ngon bổ rẻ chơi suzuki xl7 bao đẹp giá lại xăng uống nhỏ giọt,0
cảm ơn cc,1
"đm cả ngày trương lone đánh bài với đám bạn, mặc đồ chi cho đẹp đúng không cả nhà?",1
điều này chứng tỏ nhiều người dân mình còn chưa nắm thông tin,0
đẹp chỗ nào thế,1
khịa vai :)),1
hau nguyen con cặc :v,1
"con này nó giả tạo, m càng chứng tỏ m càng để cộng đồng mạng hiểu hơn về mày 1 kể lừa đảo, vừa khóc vừa cười hả",1
qua bên mĩ còn tư tưởng độc đảng như china,1
mều siu nhơn khanhly pham c trang mua tạm cái bút ntkia bù cho c ly đi ))),0
"hàng xóm mình trước có 1 con như này. khi nó sủa, khi nó tự dưng tru lên.",0
ai coi trần dần và ngô kỷ là kẻ ngu ngóc...,1
có nhiêu đó mà giết người.,1
đám sạo lồn,1
bớ người ta tư bản hùa bưng bô tung hô cs :)),1
bất nhân bất nghĩa sẽ trả giá,1
lo ăn lo cướp tối đa thì lãnh đạo gì,1
vãi lon :))),1
chơi ít bóng thôi anh :)) nghĩ về chị trang và bé tùng đi,0
"nguyễn phước uh, thế thì tia cực tím nó có tăng lên thì cũng là lỗi của mỹ, của tàu cả nhé, khỏi lôi ra mà chửi nhà nước nhé, chứ cả vn này có ngừng sx công nghiệp cho các thím ngồi đói rã họng ra cũng dew bớt nóng, bớt cực tím đc đâu :v",1
"ăn mặc không để đụng hàng, nên cũng không giống ai và con gì luôn.",1
"đúng rồi, toàn bọn rẻ rách, cặn bã, ăn cơm ăn cức của việt nam mà mở mồm ra là chửi sằn bậy !!!",1
"có liên quan chứ thằng ngu, đóng thuế môi trường cao mà khí hậu vẫn ô nhiễm , do chính quyền quản lý xử phạt yếu kém nên bọn xã thải mới lộng hành, tiền thuế thì nó ăn hết, khong phục vụ bảo vệ môi trg",1
má ơi con vi khuẩn gì mà nguy hiểm quá vậy. bán đồ chay mà khong có tâm gì hết.,1
ở việt nam còn tự nguyện chứ sang anh thì bị coi như toi,0
"nói kiểu bình dân cho dễ hiểu thằng ăn cướp mà còn mang huy hiệu đảng thì phải tin nó chứ , không tin nó thì coi như đứng về phía thế lực thù địch tức là thân địch tức là chống đảng rồi vì đảng không có thói quen làm từ thiện chỉ thích nhảy vào vớ vét về t",1
nguyễn thiên ngọc sơn tùng chơi thể loại mới mấy ông chê còn hơn thế,0
"dạo này độ tộc trưởng nổi tiếng lắm, đi đâu cũng độ :))",0
thằng tập cận bình mà vào quán này ăn bảo đảm mai quán này dẹp chắc,1
cuop ngay benh cuop dem ma.be lu no phai benh lan nhau la phai rui,1
không thể chấp nhận được!,1
"khổ, làm ăn bố láo bị tẩy chay thì có mấy thành phần bợ đít chạy theo: người việt dùng hàng việt là yêu nước , dn việt đóng ngàn tỷ tiền thuế bị dập .",1
mạnh thắng trần nguyễn đức hoàng khong đi tơi ở cầu giấy nha :((,0
nổ quá bà ơi... bà nổ quá con cháu bà...ra đường ăn xin đó,1
"binz rap gieo vần rất hay,hiện đại,rất điêu luyện,nghe thấm.",0
"các chú các bác làm ở sân bay ăn no mòng, khách bị ướt đéo phải việc của các bố ấy :)",1
hết lòng tin vao các bác rồi... thương dân miền trung lắm... cố gắng lên,0
"đất nước còn nhiều người khổ, rất khổ là nhờ ơn sự lãnh đạo của đám ngợm cộng sản đoảng và boác.",1
nhìn như con điếm vậy :)),1
loài này là chuyên ăn xác động vật chết ở biển đây mà,0
mai thầy nhớ lập kênh mới ở đâu để bọn em điểm danh nhé,0
"nể thật, họ sản xuất cái xe đẹp và hiện đại như vậy với cái giá giật mình.",0
mừng quá chị minh tuyết đã về việt nam sau 1 năm năm cách ly vì dịch covid,0
ad méo biết thì thôi. tầm nhìn nhà cơm sườn nó phải 1000 năm nữa mới thấy cơ,1
bạn hiểu như ntn là phản động ??? mà dám nói bà con biểu tình là phản động,0
em thấy mấy thím đi đâu cũng được ngoại trừ ấn độ.,1
bất đồng chính kiến là tụi thân trung cộng ghép tội vn phản động.... khốn nạn bọn chó svn,1
hy vọng ông trump sẽ tái đắc cử vì thích sự quyết liệt của ông ấy,0
hoan hô lò tôn,1
hẹn mấy đứa tại do1 - samsung - secc gamecon2019 nhé!!!,0
cuoiis cùng khong ra cái méo gì vợ táng cho sml,1
xaolol riết quen cô ba ơi,1
"trường có quản lý được không? nên cấm học sinh, trừ sinh viên lớp lớn nhé.",0
chị trang nhìn dễ thương thực sự emoji emoji emoji,0
tưởng con cá chết vì nọc độc của con rắn cắn vào đuôi chứ nhỉ,0
nhạc với nhẽo . nghe mấy bà cúng bái nói còn hay hơn ))) .,0
ngo boingoc giống bên úc lợn. tự cách ly nên mới có chuyện dương tính vẫn đi siêu thị shopping. đang chờ kqua xét nghiệm vẫn đi hoà nhạc emoji vai dân chủ. nghĩ nó chán,1
bich miu mua toc giả ở đâu đó. định mua cái kẹp hic,0
tất nhiên là vấn đề....vấn đề là tất nhiên emoji emoji emoji,0
tịch an cuối cùng cũng có người cùng quan điểm vs t,0
chúng tôi sẽ khen tặng huân chương độc lập hạng nhất cho đồng chí :)))),0
chúc mừng anh độ :) mong sang năm mới anh hí anh em ít hơn :(,0
"thôi chết mẹ, hôm nọ thì con mẹ nấm thối kêu gào ông trum ông vại này nọ,giờ lại đến idol trần dần. đang tự hỏi,không biết con mẹ nấm thối có phải là cộng sản nằm vùng không ?",1
tấc nhiêng đệ nhất hoa ki trầng dầng là phải thế dòii,0
răng của cụ còn nửa mảng răng emoji ở hàm trên emoji,0
xạo lồn sương sương,1
ôi trời ơi! tôi đang đọc cái gì thế này. nổi da gà.,0
"trong đó có hai chị em ruột nữa, đau đớn quá, nam mô a di đà phật",0
"hải yến mày ở nhà ứng tuyển trc đi, nếu 1 tháng sau m ổn thì t về emoji",0
thằng ad chắc mới bú đá xong,1
"ôi trời 1 người ăn chỉ 1 gói mỳ mà tận 5,6 cái túi nilong thế kia thì thua luôn",0
chất lượng và tiến độ là vấn đề mọi người quan tâm nhất.,0
ơ... ngay kế bên vp làm việc of tớ mà tớ khong bik,0
uh cần lồn gì phải lịch sự,1
"hung nguyen không, chỉ có cờ vàng cứt choá thôi emoji",1
"buồn ghê, toang liên tục :(",1
trưởng thành vai,1
kiều trinh hôm qua t xem cho jack rồi nha emoji emoji,0
hoàng quốc bảo gg lấy phí từ bao h mà chúng nó cmt đi hỏi nhỉ,0
có bão thì mới có mưa nhiều mà nhỏ nhỏ thôi đc rồi.,0
"thần quyền môn của 5 ông lục tổ, súng bắn không trúng dao chặt không đứt emoji",0
"mình có xem qua 1 đoạn ngắn phim này, thực sự mình không ấn tượng lắm. xem qua chút rồi quên luôn, có lẽ cách cảm nhận phim mỗi người mỗi khác, chỉ là không có cảm giác muốn xem lại nữa.",1
buồi to như lõi giấy vệ sinh nghe buồn cười vai,1
thằng cha này cười tươi như chưa từng được cười -_-,0
"không hình dung nổi một người gọi là mẹ ,đối xử với con mình vậy , cọp còn không nỡ ăn thịt con , sao là người nỡ làm vậy với con , pháp luật nghiêm trị , tòa án lương tâm sẽ xử các người ám ảnh bứt rứt suốt đời .",1
"chj noi chuyen duyen pua,,dung chat mien tay emoji emoji",0
nhìn bản mặt thành long nhầm tưởng nhân hậu nhưng bản chất vô hậu,1
chả có gì phải quan tâm quá e có tài đấy nhưng cuộc sống e chắc gì đã được viên mãn .....,1
"ý chúng nó nói ở đây là nên im lặng và tìm hiểu rõ nguyên nhân , như cư dân mạng ở miền bắc , miền nam , và ở nước ngoài chắc phải bay tận về hà tĩnh tìm hiểu rồi mới được đăng stt chắc :) đúng là cái chế độ này càng ngày càng thối nát,",1
huyền khánh phùng khác mỗi cái mũi một bên chỉ lên một bên cắm xuống :3,0
nghe khúc hỏi ôg hùg với tư nha khoẻ khong tao sợ nín thở luô,0
"khi sự thật nó trần trụi thì chả con bò nào chịu như thế cả. tư duy chỉ cần thắng bóng đá còn nô lệ, ô nhiễm chết lần chết mòn, dân tộc suy vong thì mặc kệ. chính điểm yếu này mà tầng lớp thanh niên vn bị cs dắt mũi như những con lừa chỉ bằng vài trận bóng.",1
mấy thanh niên kia bị nhồi sọ im thin thít luôn :3,0
không nên cho học sinh dùng điện thoại trong lớp học.,0
chị trang đâu roi tộc trưởng đi thả thính linh tinh kìa cj,0
"bản chất của nó thì ở đâu cũng vậy... cán bộ xã nhiều người không trình độ, chạy chức chạy quyền.. nhiều lúc làm việc còn quên mang não.",1
phương minn đúng rồi bạn chỉ nghe nổi nhạc của kây - atm thôi,0
phú đại gmtv cái này tao nói trc khi cô ra clip nhá thằng kia,0
cmn lag đúng chổ,1
nhìn rỗ cá thấy ngon quá. bao ký ức tuổi thơ ùa về giờ chỉ còn là kỷ niệm,0
thế giới động vật và cuộc chống sinh tồn cũng thật phong phú và thú vị!,0
vâng quan trọng là chị đã có lỗ chỉ dùng lực là tiền nó ra thôi,1
bình thường thì cũng có ny đâu mà hôm nay phải buồn?,0
những kẻ cướp ngày đang bênh vực tên trộm đêm :),1
được vai anh độ ạ emoji,1
nó trở thành quy luật rồi . thùng rỗng kêu to . những kẻ nổ nhiều đều thất bại,0
vâng ơn đoảng ơn boác xd,1
mô phật. cầu cho các cháu được siêu thoát. xin chia buồn cùng gia đình.,0
"cho em hỏi, bộ giáo dục thực hiện cải cách trong thời gian bao lâu nữa là xong? hay cải cách vĩnh viễn?",1
chú nói cả dân tộc việt nam cùng đồng lòng nhưng nhung thì không,1
nay toyy sẽ dắt ông già mình về quê chơi các bạn ạ tùng said,0
đm ad m óc cức lắm...đm người ta khổ chứ đéo rãnh lên đăng ba cái tào lao như m đâu...m cho người ta đc đồng xu cắt bạc nào chưa...ở đây xạo lồn...mẹ m sinh cái tay m ra trước hay sao m ngu v,1
lưu thị phương thảo trong nam cũng sợ quá đây cô :((,0
"doanh nghiệp và dân_ phần ưu ái luôn là bên dn,họ chi mạnh,có thế lực,nhiều khi là sân sau của quan chức,dân muốn tìm đồng minh thì cạch chính quyền ra,tránh xa con dao 2 lưỡi. dân luôn là kẻ thấp cổ bé họng,mà chính quyền là luật,luật là chính quyền.",1
vai quang ngọc trinh :)) màu da chẳng đúng vs tên gì hết :)),0
page sặc mùi phản động!!,1
bán dân để trá nợ,1
"giờ thì chỉ mong pen và đệm bóng cận thành thôi, tiền đạo đáy nhé",0
khi nào bác về bác nhận con làm đệ tử nha emoji emoji emoji,0
bữa xỉn tỏ tình bạn kia mà bị từ chối :)) như yến quá buồn moi_nguoi ạ,0
chị này chốt đơn là thật mọi người đừng làm như vậy nữa,0
có rất nhiều độ nhưng độ mixi của ae chỉ có 1 emoji_love,0
"tiền đạo thì nhiều mà cứ cố mua ông depay, barca ở 1 tầm rất khác",1
anh độ said: an lon roi cac ban oii,1
mua không được thì đi thuê ở. giá thuê rẻ thì chẳng tội gì cố gắng mua nhà,0
thân lăm bây giò lại căn buôi nhau,1
"american number one ! siêu cường số một thế giới ,",0
cũng giống mấy ct nam mỹ vs châu âu thôi mà có j căng,0
"đình quang đàn ông cũng giống con bò , mọc đủ sừng tất sẽ trưởng thành :))",0
mấy bạn chửi chị này bê đê này bê đê nọ bớt cái mõm lồn lại ngta bê đê hay khong bê đê khong cần phải đề cập đâu miễn sao họ đẹp hơn cgai mẹ mấy đứa cmt chửi này chửi nọ ok thích thì xem khong thích thì biến ngta có làm j m đâu mà vào cmt chửi còn về chị l,1
chưi cho nhiêu vô ơ đai loan nhiêu ngươi băc lăm đo con no đên cho may 1 trân khong cân quy lay đâu nha,1
khong ai là khong nỗ lực cả . chỉ là chưa đúng đường hoặc là sai cách đi thôi,0
"lại nhớ đến lâu đài tình ái do mr đàm hát rồi, cái gì mà em ơi lâu đài tình ái ái ái đó, chắc không... trần gian đâu",1
giờ này thì gọi grab ship hàng thui chứ ra đường chi nữa :((((,0
lạy ông. môi thằng tùng lớn lên chắc cũng như ông ))),0
nhìn quả đầu của cháu tùng em lại nghĩ đến đấng dì giây chip emoji,0
mini tae dơ vai,1
ông trần dần chữa bệnh covi ở việt nam mới về đó âm tính rồi chúc mừng chú,0
lưu khánh nhật vẫn phải đề phòng kh chủ quan emoji,0
"chuyện hài quá,hoàng đế la mã có kiểu tóc của thanh niên thế kỉ 21.",0
"học cách kiểm soát bộ não của mình đi, thích thì tiến tới, ghét thì bỏ qua",0
"bé 6 tuổi bắt đầu cắp sách đến trường rồi, hôm trước bé có được dự lễ khai trường không?. tội nghiệp bé quá, một thằng bố láo , cần xử nghiêm.",1
"có hiếu hay bất hiếu đó là 1 định nghĩa không rõ ràng, ví dụ 1 người con tháng nào cũng gửi 1 triệu về cho bố mẹ nhưng cuối năm thì bán đất của bố mẹ lấy vài tỷ thì gọi là có hiếu hay sao??",1
mẹ cháu đâu mà dể cháu bị bạo hành nhiều ngày đến gãy tay? tên khốn nạn này sẽ được nhận bản án nghiêm khắc cho tàng trữ ma tuý và bạo hành con để nhiều ngày đến gãy xương!,1
sao tầm giờ này còn ăn thế? trả lại cửa hàng được hoàn tiền cơ mà.,0
"dịch bệnh covid 19 hoành hành, việc làm không có tiền đâu mà chơi bài?",0
việt nam vô địch. ( tối ngày 10 12 2019) cầu bến thủy - vinh na,0
nguyễn jonh nói lý hay khong nói lý thì vẫn là tự do ngôn luận,0
vậy mà mình lại quên.,1
best cà khịa tụi chinazi hehe,1
nhiều khi khong muốn ki thị bon bê đê đâu nhưng nhìn bọn này khong ki thị cũng khong được.,1
và thế là từ đây e sẽ khong bh về đvi nữa emoji emoji emoji,0
má mắc nếtt,1
anh em bắc mà bớ được thì được đập mặt xây lại là ít,1
"tiêu chí đẹp của thế giới khác vn và tq. ở tg vòng 1,3 to vòng 2 nhỏ, chiều cao, nước da rám nắng sau cùng mới đến khuôn mặt mà khuôn mặt thì mỗi người thích 1 kiểu. vk các bạn thử tính lại xem đẹp hơn ở chỗ nào?",1
"nhốt xong ị ra lại thấy bò lổm ngổm, chú ếch trợn tròn mắt đầy nỗi sợ hãi như sợ ma :))",1
thực phẩm có màu đen đang được khá nhiều người tiêu dùng ưa chuộng vì chúng lạ mắt... những người đó nói chung là có nhiều tiền hơn người khác và họ ăn bằng mắt!,1
"kinh thật, chém người khong biết ai với ai.loại nên án cao nhất",1
tại sao lại có người mẹ và người cậu khốn nạn thế này. không còn gì để tả nổi với loại người này. thương các con quá. may mà các cháu đã thoát được loại khốn đó,1
"6-700 triệu tiền ship tháng, gì dữ z má, nói không sợ thụt lưỡi hả trời, ship hàng ra nước ngoài còn chưa tới cỡ đó, mầy ship ra sao diêm vương cho người ngòai hành tinh hay gì mà dữ z",1
lát try hard đi abe sẵn kể tụi em nghe luôn dấu bé 3,0
"quá nhiều em không theo kịp, con toi học trước 1 năm mà thấy đuối.",0
không đẹp bằng vợ mình :),1
:)) dit_me thối nát,1
nhìn có thẫm mỹ bắt mắt chút nào đâu mà thích !,1
đây là thầy giáo ba. đẹp trai vai . ý tau là thằng ở phía dưới góc phải đó,0
e chỉ có hàm răng khong đẹp có hỗ trợ khong a hjhj,0
con hóng gần chết luôn hay quá cô ơi con hóng phần 13 emoji,0
nhớ đóng kín cửa nha. chúc các bạn baker hít thở không khí trong l )))),1
"khong biết từ khi nào mình không màn chuyện chính trị nữa, chuyện gì đến thì kệ mẹ nó cứ làm việc mình đam mê",1
líp nào của nó moi người bấm vào lá cờ cho youtube phá tài khoản của nó đi,0
sau này lấy vợ né mấy bạn tên trang ra nhé các bạn nhé,0
nhìn cô minh hiếu nói chuyện dễ thương quá con yêu cô nhiều,0
ジェイ ホープ nghe thì vô phục nhưng lại cực kì lý thuyết cmnl :))))),0
dạy học sinh khong tốt này said : hiệu trưởng tiểu levi,0
lưu thị phương thảo cách ly luôn cô giáo emoji emoji emoji emoji emoji,0
night nay we eat beef leaf lốt nhé wife love emoji thảo ng,0
past trong câu thứ hai là từ loại gì vậy cô? hỏi cho biết thôi.,0
ad ăn phân con j mà ngu thế......????,1
mì xì mì xì gêm mìng nhạc này mà thay cho nhạc donate nhỉ,0
anh lân nghe một hồi nói chuyện cà lăm luôn :v 11:25,0
team refund này bắn chắc anh em đi rửa mắt hết anh à emoji,0
may ba nay la thanh chui chui hay lam va tao nghiep cung hay,0
đánh giá chương trình lớp 1 quá nặng quả thật là chưa đúng. phải nói quá phản khoa học thì đúng hơn,1
tôi ơ mỹ và tôi cũng xem ông như một chiến binh.ông hãy can đảm lên nhé!,0
hóng abe làm game thêm hard cho học sinh mãn nhãn,0
mẫu giáo và chương trình thpt khong dạy môn làm từ thiện nha.,0
"đó là điều tất yếu thôi, sau 5 năm nữa cũng khong còn căn hộ 1,5 tỷ",0
nguyễn trọng thái đợi cái lồn thêm 3 chữ địt chị mày nữa nhé emoji,1
quỳnh chị nhìn xem có quen khong? emoji emoji emoji,0
hôm nay sói sẽ đưa ông già đi ăn cua hoàng đế nhé mọi người,0
ý chí muốn được sống quá mạnh mẽ! đứa nào lì hơn đứa đó thắng!,0
vẫn kết quả tóc chào mào ngày xưa cuat tộc trưởng vlin emoji,0
luke nguyễn 88 bảng mặt nó khong bằng lông lồn của ngtrinh nữa kk,1
"ở việt nam mình cũng có, nhiều con họ gọi là nó tru như thế trong nhà gặp xui.",0
lủ chó,1
chi em ma chui lon ke cho nguoi ta nghe nguoi ta cuoi hay ho gi,0
đéo giống ai trên cái trái đất này,1
"toi hiểu rõ tình trạng, vì toi cũng đã từng bị 1 người đồng tính xàm sỡ và đòi quan hệ tình dục. không chịu cái nó như muốn giết mình vậy. ghê lắm",1
"thật kinh khủng,cơ bão covid làm thế giới khủng hoảng tệ nhất thời kì hiện đại",0
hh được luônn anh ơii tối em tỏ tình chết. cmnl emoji,0
để người khác làm rồi mới thấy mình đã bỏ mất quá nhiều cơ hội.,0
mấy đứa sinh viên này chắc bị biến đổi gien của hulk rồi mạnh thật,0
vàng ngọc cl đừng có xạo l nha condi mất dạy,1
ấu my fuckboi,1
cang sem cang tuc moi_nguoi oi phai su no moi duoc,1
đỗ thái thiên ngay từ đầu là cấp số nhân rồi emoji,0
"bích huyền chào bạn, người quên tag :))))) thật vui vì bạn đã thấy",0
"túm lại là mấy người sưa sườn (nhác đi chợ, lười biếng ...) sẽ lên ngôi",0
lần này thì ông xem nó như cúm mùa không nhé. mong ông khỏe,0
hà hùng vĩ hơn người vn mình nhiều nước nó phát triển nưac,0
"bởi méo coi phim vn, chán vai",1
quả bóng tròn tròn đúng vậy nhưng ông đấy xem thường tính mạng mình quá ý mà,0
chúc gia đình thầy ba 1 ngày 20.10. và cuối tuần vui vẻ,0
"công nghệ làm sạch môi trường của nhật cản trở tham nhũng của công chức búa liềm, đúng là chuyện hài nhà sản",1
mày nghỉ luôn cũng được. phát ngôn tào lao fan nó unfollow hết bây giờ,1
kệ tổ nhà chúng nó chứ mắc mớ gì thế,1
dì 3 vàng ngọc ơi cuu con voi con đang kho khăn lắm,0
đương nhiên nhiều đồng minh giờ cũng trở thành đối thủ thôi.,0
1 phò cho hay,1
trần thảo xin info bạn bên trái ạ mình cảm ơn :vv,0
"tôi thấy người việt bây h rất lười, không chịu tự nấu nhiêu như trước kia, toàn là ăn hàng ship và đồ đóng hộp.",1
"ngân quỹ dân đóng bị rút cạn roi, các bác phải tìm cách rút trực tiếp từ túi dân thôi.",1
ông này có vào ăn bao h khong nhìn quen quen lê lê thị kiều ngân,0
fan cứng tuần điểm danh :)) ad là con trai hay gái zay,0
sơn tùng chưa biết thế nào. về sớm thì đỡ bị cách ly 14n ))),0
e ở ngoài bắc e cũng hay xem kíp của chi e thấy chị vui vẻ tươi cười đẹp quá c,0
người ta có j người ta có đừng có tức mà nói người ta,0
"ansu fati ghi 2 bàn tạo 1 fen vậy mà bị cướp mất hattrick, buồn.",1
khong cần xử bắn. để từ từ khong chữa bệnh cho nó chết thấm với bệnh luôn,0
tài bọn ranh con riết cứ như armu chán ghê :))),1
nhi nhi bạn có vấn đề về quang học ak. con này là con mực nhé,1
phạm khắc thành chuyên gia tư vấn tâm lý ( huy hiệu fan cứng e đẹp khong a),0
"khi bạn thừa tiền, và khong biết làm gì cho ngầu ))))",0
không phải thứ gì mỹ cũng dẫn đầu. bớt cực đoan tí,1
đc cái xl là hay emoji,1
chưa cạo râu kìa con bóng lông xiên,1
what do you know about our old house in cornwall ?,0
mới sáng đọc được cái tiêu đề thôi mà cái bụng nó phẻ,0
"chắc đéo đến mức ntn, nhưng chuyện ngoáy đồ là có thật.",1
nắm tay nhau thật chặt. giữ tay nhau thật sâu. cho chắc ăn. dân sẽ mừng. cũng như mỹ xấu ăn thịt người. mà vc pháo kích thì cứ chạy tới mỹ và ngụy để được giúp chữa bệnh. làng mỹ lai.,1
khong ai cấm ổng : mà xąo múôn chết ông cư đi tự do kể cả nơi djch bệch già lẩm cẩm khong hiểu nguươì ta nói gì bíên,1
vn giờ rất nhiều ống xả phụt thẳng vào mặt người phía sau!,0
sau đẻ con ra kể cho nó nghe về 1 huyền thoại emoji_love,0
đồ khùng,1
có não thì nên sử dụng chứ cứ để nó đóng thành bê tông thì lại phí emoji,1
quần sịn nhưng tư cách đéo xịn,1
anh anh anh bả hk giống con ba vàng ngọc đâu mà gửi car haha,0
cái mặt đàn ông cái tiếng đàn bà bán nam bán nữ,1
nhà linh cá lóc ở hậu giang sao chị đi sài gòn làm gì ở trên,0
"bệnh viện chứ kp khách sạn, thích thì vào tù mà ngồi",1
dit_me m,1
"kẻ nào giỏi phá , ăn chơi , mất dạy , lưu manh , đều là bằng cấp lảnh đạo việt nam!",1
tien su no lam mom ?....,1
hòn ngọc viễn đông óc chó ạ :3,1
sấy auto mù mắt người xem :v anh đi cứu thương với bê đồ thì được :)))),0
ủng hộ thôi chứ cảm thấy bài này không hay bằng những bài trước..ý kiến riêng,0
quang nguyễn đức lây chắc còn hơn cô nhung 17 ý chứ,0
chưa bao giờ đọc cái gì mà nó buồn cười như thế này :)))),0
đeo hình phât trên ng ma khẩu nghiêp quá thât đáng thuog cho nhug ng nhu vây,0
"nam đặng đời nó là thế ,lồn mẹ dell thấy có cái lồn gì là vui cả",1
nghe vẻ yếu sinh lý nhưng thực ra yếu cả toán lý hóa :))),0
lấy búa liềm tq để treo nữa chứ :),1
hỏng bồi thường cũng từ tiền của dân ra hết đm phải bỏ tù nó nếu nó lộng quyền thì mới đúng,1
cảm ơn các chiến sỹ công an. xin hãy trấn áp bọn tội phạm ma túy mạnh hơn nữa,0
"an noi nhu cuc, mat nhu thu vat",1
giống cách sống của mình vc. chả muốn phải tranh đua với ai điều gì,0
nhỏ bạn em cũng vậy mua chai gu hi về sài nói thơm 8 tiếng 500k mà 10 phút là hết mùi mẹ roi,1
cái lon cát không.,1
cố gắng làm cán bộ.giết người khong sao nhé,1
chẳng hiểu tại sao họ văn minh kiểu gì mà không chịu cách ly để dập dịch.,0
"cầu mong cho ông ý nhanh khỏi ốm, cầu cho ông ý đắc cử 1 lần nữa 3",0
"có 20 tỷ nguồn vốn, cơ sở sản xuất chỉ 50 m2 xưởng bếp với vài cái máy hấp cũ kỹ. như vậy là đầu tư thấp, dư lượng tài chính lớn, mà giờ lại kêu nguồn lực hạn chế, quá sức.",1
ở thái lan vào xin giấy tờ mất mẹ nó 6000 bạt thai xin điểu,0
mình muốn nói một câu thôi : địt mẹ bọn sống ảo,1
sống tốt khong sợ ng hại . chỉ có ăn ở s bị trời hại mới khỏi cứu thôi,0
dù trong phim hay ra sao thì bố toi vẫn tạo tiếng cười cho đất nước emoji,0
bị mất chút đỉnh bị xin tiền thôi chứ mất hết sao được,0
thằng này nguồn gốc là công an cộng sản thì bản chất đểu cáng trơ trẽn là đúng rồi.,1
giờ mới thấy đẳng cấp cô hiếu nó ở tầng cao hơn nhiều :))),0
đào t trang mh còn đang nhiều tiền quá kbiet làm gì cho hết đây này emoji emoji,0
"ông có tuổi rùi! cố giữ gìn sức khỏe, thỉnh thoảng tấu hài bà con coi là zui rùi! mà giác ngộ vầy là tốt rùi, chứ nhìu ông già 3 cố chấp lắm",1
"vu tien dat mày tên đạt , ở nhà mẹ mày gọi mày là phát",0
toi cũng dùng khẩu trang made in vietnam. 60.750vnđ 1túi 50 chiếc :)),0
như quỳnh kiều trinh tết nay toi hong dề đc ràu emoji emoji,0
tao chịu status này đó ad tụi dlv nghe nhột khong tụi bây kaka,1
những điều xấu tệ nhất đều nằm ở những người con gái tên trang các ông ạ,0
"bài này không hay lắm, giai điệu đều đều, đoạn phối cuối bài rối quá",1
thay vì ở đây xàm lol,1
đồng nhung kb chị nhung phả lại có giàu hongg ta :,0
"không ăn thì bạn cũng không có quyền cấm và chửi người khác đâu ạ, thượng đẳng ít thôi",1
chị đẹp quá... khong nói khong bít chị là người chuyển giới......,0
da.n ban khong trung. de bua nao qua cali thu ? pho ?i ong tr d coi trung khong. co chem thi 1 nhat thi 8 tr d cung di doi thoi.,1
đang trong nhà xem hài hải ngoại là số một emoji emoji,0
"đừng mua đất hà nội lúc này,đợi năm sau nó đắt gấp 2 hay gấp 3 thì mua",0
cho nó cướp đê. mai mốt có gái tq để chịch. ngu vai vừa thôi.,1
ceo apple tim cook ông này nổi tiếng thế bạn kh biết à emoji,0
huế đêm trung thu em xách lồn đi chơi :v,1
nguyễn duy hùng quá nhanh quá nguy hiểm emoji emoji,0
"bê đe khong thăng nao xâu ma sao lôn như thăng cho bê đê nay, đu me tôi ngay lưa đao ngưoi, đu me đa kiêp nay lam bê đê rôi khong biêt tu thân kiep sao lam suc vât bê đê nưa cho no chêt me no",1
trung nút vàng bá dơ,1
hay ho con cặc j mà tối ngày đụ với chả địt,1
nói chuyện vô lý quá jack từng là g5r sqad đó em của anh jombie đó,0
chậm cái l nhanh chậm kệ mẹ ngta đi cmt lắm ăn l àaa emoji emoji,1
nhà văn nam cao h chuyển qua cả hội họa cơ đấy :v,0
xài cái này cần độ chính xác tuyệt đối do chỉ công phá bằng động năng.,0
quốc vinh mẹ e nói dịch về gần tới roi mà học j nữa :((,0
bao giờ nó lấy chụp ảnh vẫn chưa muộn mà. toàn nóii ở tương lai thế,0
cái này gọi là si đa mà xong pha đi hiến máu :)),1
thôi chết rồi ! mỹ chuyến này chắc tiu quá nam le,0
xử nghiêm thói côn đồ,1
"sau ma túy thì là thuốc lá, rượu nhập lậu. ủng hộ 1000 phần trăm.",0
hải yến bố cái con thái lọ,1
dạo này vào đồn ca về hay bị trúng gió thế ......!!!,1
6 chiếc giày vàng 6 quảng bóng vàng: điều đó nói lên tất cả.,0
moi tới lỗ mũi mà không hung dữ sao được,1
dù gì thì đó là ý thức tự giác cần khen ngợi chứ khong trốn tránh cách ly,0
thế đấy. làm j bọn nó. bọn nó có quyền nên làm j chả được :v,0
tranh cho va bong sa ban gai cung khong gai trai chan ra trai hahaha,1
"quá côn đồ.. coi thường pháp luật, coi thường mạng sống người khác. mong pháp luật sử thật nghiêm.",1
lucky lucky chị đó chốt đơn nhiều và nhanh là có tht nha,0
nó triết lý lắm nhưng từ ngữ lại ứ thể share được,0
chi noi chuyen ma nhe thich đo chi ba emoji emoji emoji,0
ơ tưởng thầy chơi gay emoji,1
nghệ sĩ yêu tú đức hoàn trong phim sao tháng tám...đóng vai mỵ..,0
người ieu cua ai bắt về dùm đi cảm ơn ...cho nó hút khí bot dien,0
sẽ mở tiệc thật hoành tráng nếu trumpt tái đắc cử.,0
biện minh cl,1
các đầu gấu đầu méo của việt nam đâu. hộ cái đi ....,0
from mixi bắc giang chúc bộ tộc nghỉ lễ an toàn vui vẻ,0
thế này chơi phi tiêu với bắn cung chuẩn phải biết,0
súc vật từ nhan sắc đến nhân cách súc phạm loài người quá đy,1
đhs nói ngu vai :))),1
huỳnh hữu vinh cô áo đen kéo khẩu trang xuống luôn,0
ai nhà ở mấy đường này sửa luôn hộ khẩu và chứng minh thư,0
chưa thấy công ty tq nào kiện mà toàn thấy người mỹ nhảy dựng hết lên thế nhỉ,0
dlv sủa hộ ?,1
con minh hiếu bêde già mất dạy,1
bữa nay có thêm chị trang đi lang thang từ 34 đen 38 rui và còn hơn nữa,0
chúc mừng đội tuyển pháp vô địch world cup emoji_love,0
dlv sẽ nói gì à?? : phản đôôộoong! - chỉ thế thôi nhé :v,1
sói bảo: tí mẹ trang cắt mẹ mồm ông già đi cho không ăn cơm được với cá luôn:),0
lê thu emoji emoji chúng cháu muốn hỏi là bao giờ đc nghỉ ạ,0
"con này nếu một ngày thằng đài loan nó đuổi, thì nó đi đâu",0
vì 1 người tên nhung mà hại bit bao nhiu người,1
nguyễn ngọc sơn dit_me chac may lam pr cho cai page nay chac,1
"lên núi làm hảo hán, cướp của quan tham chia cho dân nghèo. về đầu thú là tội chết.",1
"chung thì chung chứ có sao đâu, cùng lắm là về nhì vẫn vào vòng trong nha.",0
con bé này nên xuống địa ngục quá tởm,1
béo vừa thôi béo quá khác gì cái máy lu đường khong emoji,0
cây này hay gọi là hơi thở của quỷ mà. gây loạn thần ngộ độc...,0
"thông tin hay quá. cảm ơn bs, cảm ơn báo vnexpress",0
bánh mì đen này có nướng cháy thì nhìn qua cũng không phân biệt được. :)),0
nhiếp ảnh điện toán bờ po.n chụp phải cỡ như lày. emoji,0
"ra đường bọn nó đều có cặp có đôi, một đứa fa như t sao chịu nổi",0
đm đc vai )))),1
nguyễn hoạt xin hỏi bác làm j mà lương cao vậy. sau e còn hướng,0
mệt vì vừa sub vừa cười muốn lộn ruột luôn đó :)),0
"vừa nhận hàng từ anh shipper, tối cho thằng chồng dùng thử xem thế nào",0
"tôi thấy người lái xe hơi bấm còi mới là người rất lịch sự quá văn minh.đường xá là của chung,người cùng sử dụng kiên nhẫn cùng nhau dùng. bấm còi nháy đèn đòi ưu tiên tôi phải được đi trước. thật quá là anh đại mà.",1
cô xinh quá top 1 trending quá cô ơi iu cô i love you,0
bắt cái đầu mấy con cờ hó tung tin tào lao đập cho phát,1
thanh huyền bác be hôm đấy cũng đi qua thôi đấy. sợ quá,0
vào đây chỉ muốn nói là giọng các bạn nam miền nam ấm vai thôii 3,0
yêu cầu chị tạ bích loan lên chương trình động cơ bay ra đảo của su 30 là gì?,1
mikaela hyakuya chủ tịch cái vẹo gì tầm này... đinh la thăng còn hẹo... dăm ba thằng chủ tịch ghẻ,1
cây bút hình con cu à :,1
"sông cửu long thì bọn cẩu nó ngăn nước đầu nguồn , giờ miền trung thì xả chất độc :( chả có cái gì bọn cẩu này khong làm đc",1
chủ xe đã đc bảo hiểm đền nguyên con xe mới cóng roi nhé,0
đảng con bò,1
thầy t vẫn đẹp trai và phong độ như ngày nào chúng m nhỉ :v.,0
các huấn luyện viên của hagl đang vận hành kiểu thua ra - được vào .,0
hi vọng nhung mau khỏi và sớm đoàn tụ với tổ tiên !,1
chúc bé có cuộc sống tốt và có cuộc đời không bất hạnh như lúc sinh ra...,0
bác chần dần chà bá mà có mệnh hệ gì chắc con buồn lắm,0
rf có đc top 1 thêm bnhieu lần nữa thì toii vẫn ế,0
"thấy bảo hot năm nay cứ phải lát cốt, nhưng phải lồi mõm :))",0
đẹp quá !thật tuyệt vời !mình thích nhất bức vẽ ns văn cao !,0
tưởng dễ ăn với bà hả cháu ơi. giờ lòi thêm tội nữa!,0
"cô dễ thương,tập này cười muốn nội thương lun emoji emoji emoji",0
mày bảo ông quan nào vận động dc số tiền như thế đi. ngu mà còn diễn,1
con trai làm trưởng phòng kế toán nữa thì quả là một dân tộc hạnh fúck,1
sơn hoàng học hành đi má về nhà roi cày view nha ;),0
haha lua dao người ta rồi sợ chạy wa nước ngoài jo lên nói fet,0
tuy hơi ác nhưng tử hình mới dừa lòng t ý thức như b,1
cố lên em làm to rồi xem lúc về hưu e có những j xung quanh :)),0
"tuổi tre vn chỉ chờ cơ hội để loã thể , mất phẩm giá con người , tuổi trẻ vn bây giờ chỉ muốn làm thú , thờ ơ tất cả mọi thứ , nước mất nhà tan cho tụi bây tha hồ ở chuồng làm nô lệ cho tàu cộng , uổng công cha mẹ",1
kinh khủng... 1 con gần tấn mà bị húc bay tầm 10m.,0
may là rắn không có độc không thì cá gặp diêm vương rồi,0
coi phim hậu cung nhiều quá sản luôn emoji emoji emoji emoji emoji emoji,0
hình như thằng này là thằng muốn ăn gỏi mc phan anh đây mà :3,1
"cám ơn các đồng chí công an,chúc các anh nhiều sức khỏe và bình an!!!",0
tất cả vì mấy thằng bụng phệ óc mỡ quản lí thôi.,1
không hay lắm. kể cả ca khúc lẫn người hát. ca từ gượng gạo gò bó thiếu cảm xúc.,1
"coi thường mạng sống quá, đang bão lũ, có biển cấm vẫn liều mạng đi?",0
hiền nguyễn chỉ có người mua lầm chứ người bán rất ít khi lầm,0
1p vui tay của con mẹ mà con con nghỉ chơi tết )))),0
thời lồn nào rồi mà còn mị nhau như vậy,1
nguyễn thịnh như con đĩ quái thai. bổ xug thêm con cu nưa nhé. trứng hơi to emoji emoji emoji,1
"khấu mỹ ngọc, er chen, ngoc suong! emoji emoji emoji",0
"chị diễm my đẹp quá, à phải gọi là cô mới đúng :)",0
"cứ để thực tế chứng minh đi ông ơi, quan điểm của ông là thế, nhưng nó có phù hợp với số đông học sinh không thì còn phải đợi thời gian trả lời. ở các nước có nền giáo dục hàng đầu, bậc tiểu học họ để phát triển tự nhiên, nhẹ nhàng, với những bài học,",1
lan hoa tùng có dùng acc clone đi cmt đâu... dạo ??,0
trương q.huy ...trương chột dịch nầy trốn trong lùm nào rồi mà không thấy sủa nữa ta,1
đánh kẻ chạy đi khong ai đánh kẻ chạy lại thôi thì về việt nam cho vào showbiz,0
"nhà nói dóc, nhà ảo tưởng chứ biết con mẹ gì mà tiên tri emoji emoji emoji emoji emoji emoji emoji emoji emoji emoji",1
quần què là có thật,1
nguyễn tuấn văn thắng thì khong tia đâu mà thua là phải soi kk,0
định nghĩa chủ vs ceo nó khác nhau chứ emoji emoji,0
minh thông emoji emoji có thể kiêng bú cu chứ khong thể bớt chuyện cười đc,1
cô nói chuyện thật thà quá.. thương cô quá trời luôn emoji emoji,0
phàm :)) vlon thanh niên,1
bớt ảo tưỡng đi,1
biến tận dụng thách thức thành cơ hội sẽ thành công,0
"phá hoại hạnh phúc nhà ngta , đâu có ảnh hưởng miếng cơm manh áo nhà bạn mà bán báo",1
"xin lỗi :(( 10 năm trc bán hàng onl còn chưa dc phổ biến lắm :((, nói chi là có livestream lúc ấy :(( con này nó xạo vai :",1
nghe như đấm vào tai,1
"ngủ ngoài nhé,tối nay chúng ta sẽ khong thấy anh độ live",0
ơ vn cá lóc bị đập đầu bốp bốp nấu canh chua mỗi ngày...,0
"giống vai luôn, đm như 2 giọt nước",1
vừa thấy ảnh bên bộ tộc 4p trước thì qua bên page 3p trước kk,0
mấy thằg não cức,1
hết đề cử trump rồi lại tới biden. giải nobel hòa bình là cái mặt nạ à?,1
tập thể dục rất tốt nhưng cũng phải tuân thủ luật giao thông chứ,0
chị ba vàng ngọc có cây nọc giữa háng,1
thế xong ếch có ăn lại con bọ lần hai không? kaka,1
sợ vai đi lấy le vs gái chịu,1
bác dẩn rất vui vẻ chúc bác khỏe trẻ mãi không già,0
kinh nghiệm 5 năm học lớp 11 của sela emoji emoji emoji,0
quang nam ô nghe thấy khong hay đâu có nghĩa là bài đấy khong hay vs mọi ng,0
hoa ở hàn quốc chứ vn nghĩa khác emoji emoji emoji,0
sao ad cái gì cũng bit hay vay ??? chỉ cho e với đc khong ??,0
boac là cha là mẹ chúng nó !!!! . khổ cái boac là người khựa nên mới đau . tức là bây con hoang của khựa phải gọi khựa bằng ông nội ngoại,1
trần vinh :) về nhà mà giúp mẹ giúp cha ở đây thuyết phục cái mả cha nhà mày,1
coi lúc đầu vui lúc sao ngge cô kể chuyện buồn quá thw cô quá,0
ai đó tư vấn cho chú ấy đi làm bảo vệ vừa kinh tế vừa tốt cho sức khỏe hơn,0
nghe anh kể sợ quá! chắc phải nghe lại bài bắc kim thang cho đỡ sợ,0
giống abe vailon,1
ác quá.,1
con quỷ chuột,1
nói ý kiến của mình mà bị gọi là phản động.... xàm vai,1
tphcm có chợ nổi,1
mấy thằng già làm bộ trưởng này nọ mà đầu óc thua cả 1 bác nông dân,1
ai ngu thì uống rồi có ngày thấy cái j đó là lạ rồi lại 7 năm,0
hoài thu t phải làm trc hẳn 1 tháng và khong cho nó cắt mái emoji,0
hông kong chiếm 4 10 vị trí gia đình giầu nhất châu á,0
nhìn giả tạo vai,1
sao biết bọn bị loại là người tài đức vậy thằng ad ?,0
"hoàng phúc lê t củng đã cmt gì trên fb bả đâu mà bị chửi chỉ là đọc thấy khong thích ok, m khong đọc là t củng thích xem clip vì vui nhưng đọc cmt thì thấy nhiều cái quá đáng à chứ t chửi gì cô lan của m.",1
cảm ơn anh từ h em đã biết đeo khẩu trang đúng cách,0
ns cái quái j vậy trời ... tưởng mình là hoàng thân quốc thích của bên tàu bên mĩ j còn tồn tại hay sao ak... hay là coi mấy cái phim rồi lên cơn sản.người nhà đưa ra nước ngoài điều trị tâm thần..,1
"phải khai trừ. ngườ đảg viên mà toàn đi đâu cũng giả danh giữ chức vụ này chjwcs vụ kia, người đảng viên mà đi đánh một đứa trẻ 12tuôi rất hèn hạ. phải khai trừ và khong chấp nhận một cơ quan nào làm hết",1
thằng làm nghề giáo dục cuồng like .,1
tộc trưởng vừa đi đu bai chụp ảnh hoa với vợ về đó ae,0
"phim hay và ý nghĩa là công nhận. còn chuyện đạo diễn nói không vì doanh thu,khong vì lợi nhuận, nói chung không vì mục đích kinh doanh thì khó tin được, vài lời gửi đến đạo diễn, mong rằng đạo diễn nên chân thành và thực tế hơn...",1
z ng bac o nam ve lai mien bac het di..ng nam xin cam on,0
mình chạy xe lôi tích lũy mấy chục năm rồi mà sao không thấy có thống kê nhỉ,0
kakaka: chu cà mo có nghĩa là cho cà mu đó . ôi cưòi xỉu!,0
ăn mặc riết không ra gì,1
toi ma biet cong tu kinh doanh cai gi thi tay chay san pham do .that xau ho,1
bayern là đội bóng ăn may nhất lịch sử bóng đã khi giã cho barca 8-2.,0
ai là người bắc ở đài loan tìm tới nhà xử con này đánh cho cái mỏ nó sưng lên là nó hết chửi ah,1
phang mẹ nhau đi,1
cầu mong con được yêu thương che chở và lớn lên thật khoẻ mạnh con nhé,0
chị linh lốc chửi hay quá emoji_love emoji_love emoji_love emoji emoji emoji,0
phi phi nhưng không có gấp đôi như a emoji emoji emoji,0
đình quang ê đẹp trai vll ra bảo xấu đcm đây mới xàm l nàyy,1
đúng là 2 con quỷ đội lốt người.. kinh tởm,1
mùa này mà bơm cạn ao thì bơm đến khi nào mới cạn?,0
"z cho toi xin 20 trieu dj ,de toi dj cho tu thien ,sdt",0
diệp gia nghi đi tạo rồi ngta đòi rủ ra đâm tay đôi luôn đó,0
bóng khùng bóng điên,1
chi yêu đẹp quá. mong chi dây cho con linh bai hoc,0
"không biết tác giả bài viết cho con mình ở nhà dùng điện thoại thông minh quản lý con như thế nào,có thực sự hiệu quả hay không,thời gian và nội dung như thế nào.bạn thử hình dung 1 lớp học có 35-40 cháu thầy cô có quản lý được hết không?",1
đù,1
đọc tình tiết như 1 bộ phim. cái ác luôn bị phơi bày.,0
khi phim chiếu rạp cũng là hôm sinh nhật bồ em emoji,0
năm 2020 là một năm quá đặc biệt của thế giới.mọi sự biến động đều bắt nguồn từ con virus corona chủng mới.,1
"sắp trầm cảm cmnr , nhiều tâm sự cứ giữ mãi trong lòng và che dấu bằng nụ cười emoji",1
"từ thiện cái máu l gì kiểu này. có lòng sao đéo đến cái mái ấm, xóm nghèo, xóm lao động mà phát gạo tận tay. dit_me khoanh chân 1 chỗ bỏ 1 cục tiền mua 1 đống gạo xong vứt 1 đống xong ghi 3 cái chữ kiểu gạo free đây bu zo bu zo mỗi người 1 bịch :)",1
like và cm tụi nó ăn được hay sao mà ham hố vậy trời. lũ điên,1
"đúng là mạng của bọn nó là vàng còn với dân đen như cỏ rác, mong rằng trong đám thối nát sẽ xuất hiện 1vị bao thanh thiên tái sinh.",1
giống trường mình bắt học onl nhg học phí vẫn đóng đủ như học ở trường emoji,0
"đừng lấy lí do trời mưa nên khong stream đc nha anh già , anh trốn việc hơi lâu roi đấy )))) kệ con mẹ giải đi , mấy giải thái lan ai mà thèm , em chỉ thèm giải ao làng của anh thôi",1
ng hàn quốc sống thật có lòng tốt mà tốt chưa thấy đã...,0
khong phải con mình thì mình có đc khóc khong? mừng cho 2 bé quá,0
bây giờ anh trả lời cho tôi biết hoài là con nào?,0
không phải người,1
nguyễn kỳ phước tụi nước ngoài bắt nhịp chậm vại lòn emoji,1
nhà ai có người làm trong sân bay thì nhục phụ cái,1
mấy a dlv chúng mày đã làm j cho tổ quốc đâu rồi...??,0
mà công nhận cô này xấu ng mà xấu nết thiệt . ng ta gọi là xấu đều là đúng,1
trước khi nhập cảnh cần phải có giấy xét nghiệm âm tính trong vòng 72h,0
"đó là sự thật á , yoongi khiến army bấn loạn lắm luônn",0
nguyễn đức ánh lại thêm thằng ngu thíc sủa bậy..,1
loại này cho dựa cột thôi chứ độ thế nào,1
về nhà trông con đi còn đam mê làm ca sí nữa à anh ưii,0
khổ cho học sinh vn quá,1
coi cái này còn vui hơn coi hài trường giang trấn thành,0
cực kì cute có nhiều tài lẻ emoji nhất là cà khịa,0
tầm giá đó mua được i10 2016 nhập khẩu luôn bác chủ ạ bên e đang bán nè,0
"cộng sản là thế, muôn đời",1
thu thảoo binsaid cô là mẹ tôi hơi bị lâu roi đấy :)))),0
"kiến thức ngoại ngữ là khong giới hạn, dù đạt được ielts nhưng gặp phải những lĩnh vực chuyên nghành như xây dựng, y khoa này nọ thì chắc gì đã lưu loát và dùng từ đúng",1
nguyễn việt cường ơ thằng này ra tù rồi à,1
hi vọng bác không bị nhiễm phóng xạ như bác thanh.,1
quá tuyệt vì đẹp! kể cả đang sinh con sức tấn công vẫn kinh khủng,0
thang nay oc no co van de rui? du me o do ma no nhu thuoc no! di lua loc la gioi! may dung dai chu co ngoi dai dau,1
tài duy liu liu tài khong biết khánh phương ahihi,0
"đài bolsa đưa mấy ông nói năng như vậy làm giảm uy tín, tầm thường",0
"đm , đúng là mặc đồ như cái quanque thiệtt emoji emoji",1
78tr chứ 7 đến 8 triệu j anh tôi chỉ dc cái nói phét thôi,0
quen nữa nè cả nhà ơi ))) mai lê thu nguyễn linh nguyễn thị thuỳ linh,0
mé có cc hết được nghĩ gì vậy má emoji emoji,1
"nguyễn thị mỹ linh nhiều lúc tối khong nhìn thấy j luôn ý, kể cả con quái vật",0
tôi sẽ chạy bộ cùng em. kéo em chạy fullmaraton luôn,0
đản đản thứ nl hông,1
nó làm cái gì đấy chú.ỉa bậy à,1
chẳng phải thiên đường người ta di chuyển bằng cách cưỡi mây hay sao ? lẽ ra họ chỉ xây cầu bằng xốp thôi.... nhưng vì lương tâm của người kongsan nên họ cho vào thêm bê tông và ít cốt thép đấy !,1
chấp gì thằng thiểu năng đó trần ngọc giàu ơi,1
xung quanh anh toàn là người trưởng thành êii :)),0
nể nhất anh phóng viên! ngồi mặt tỉnh bơ khong biến sắc,0
đôi khi quảng cáo với cái đầu ngắn nên bị tổ trác. thay vì hòa đồng thì cứ thích tỏ vẻ bố thiên hạ. chán ông vin fet,1
chó cs bán nước hại dân.,1
1 câu nói của ông trần dần khong biết bao nhiêu câu tứt diên và ở đờ .,0
sự xuất hiện của bà đã khiến tên côn đồ kia bối rối thật sự!,0
"quăng mẹ xuống cho rồi , ông già nuôi tốn tiền bỉm sữa vai",1
những tay đại diện hay môi giới đều có kiểu nói trơ trẽn đến kỳ quặc.,0
an trường sếp ngta ch bao giờ làm mình thất vọng m emoji emoji,0
"ôi, người thầy khen mình cao tại asus đây mà ))))",0
tấc dziêng là cái qq gì dzạ moi_nguoi,1
độ yêu trang như khá bảnh yêu vinahouse :)) nhể ?,0
thật khó phân biệt...mà có phân biệt thì lúc ngà ngà thì càng khó hơn,0
"mình thờ ơ với nó, đến một ngày, nó sẽ đến tìm mình",0
"moi_nguoi ơi có ai có fb cô bảy miếng đất khong ạ, khong ai fb trên video ạ",0
"bộ phim này coi vui lắm, vui đây không phải phim hài mà cái vui nó nhẹ nhàng đến má tối toàn xem cải lương, coi phim này xong chuyển sang phim hàn luôn",1
cắt cái tóc đi thì đẹp hơn.,1
trần dần đã lộ thật thân thế là cảm tình viên của việt cộng,0
"lê lê đọc tus khong gì, đọc cmt cười ĩa :))) v là khong đc đâu nha",0
đéo còn gì để nói ;(,1
ở việt nam đk gọi là mắc dại emoji emoji emoji emoji emoji emoji,0
tỷ lệ phụ nữ trong qh vietnam cao hơn mỹ. know your fact right,0
con này hết thuốc chữa. động chậm vùng miền,1
khong biết cụ này xài kem đánh răng gì mà 83 năm răng còn tốt ghê...kk...,0
nguyễn đức thắng khiếp đọc cái cmt mà cười rớt nc mắt emoji,0
"dit_me trọng lắm chiêu, nhìu trò.eo lam đc cc gi",1
vì refund top 1 nên tối nay mình xin phép ea..blabla,0
abe về sg chưa để biết tối nay ra đơm abe nè. :)),0
đm khong tham xem có chết khong :v ai bắt thích đớp khong 500 :v lúc cầm tiền sao khong nghĩ đi :v,1
"phải có em ở đó , e liếm a châu cho chị ca thoải mái luôn",0
nhìn cái mặt là khong ưa roi vênh vênh váo váo,1
bắn bỏ đi thứ lắm tiền mà cặn bã xã hội,1
"quá tốt, vùng đất an lành. cầu mong đại dịch qua mau.",0
xem cái này chỉ muốn ỉa vào mặt mấy thằng cho xây tượng đài...,1
"vẫn cái điệp khúc: loại này ngon, nhiều dinh dưỡng....",0
tôi xem khánh phương từ 4 tuổi nha nam nay tôi mới 15 thôu,0
đúng tính cách a ấy luôn bây ơi. loài hợp quần,1
sắp đc liệt vào danh sách tuyệt chủng đến nơi rồi,0
abe mua áo như này là chet con di me sela rồi )),1
cúng cô hồn cho tụi nó đi roi xây tiếp,1
con này hết thuốt chửa rồi.,1
thuyết cc,1
"cặp đôi hoàn hảo là đây mà.thích mr lân phỏng vấn quắc xư trằn dắn,",0
"đi đúng luật rồi còn gì, chạy bên phải làn đường :v",0
dân có ai chọn chắc thần kinh có vấn đề,1
anh độ giờ nhìn còn đen hơn cả anh quang nữa emoji,0
mong nhiệm kỳ sau ptt làm chủ tịch nước hợp lý hơn,0
cuộc sống mưu sinh phải vậy thôi vì mỗi người mỗi hoàn cảnh mưu sinh khác nhau.,0
"đĩ mẹ nhung, lựa đi em",1
tội con. mong con mau khỏi. chỉ sợ con bị tâm lý sau này nữa chứ!,0
"mấy thằng thằng bóng lộn xàm lòn,",1
"mua 2 chiếc , về sử dụng chiếc nào ngon để lại chiếc nào dở thì bán",0
tạm biệt ông. tác phẩm phim ăn sâu vào lòng người,0
đứng thế lốp nó nổ nó bắn cho cái thì đéo còn bánh mỳ với nước lã mà uống,0
đoàn duy diện xin địa chỉ bro ưii emoji emoji emoji,0
chuẩn vai khong cố gắng thì nó cũng ở một lấc thôi không lên được,0
chuẩn bị có món cơm cháy khét đen sẽ thâm nhập thị trường.,0
lại hợp sâm clm đến v thì ff,1
"nhìn cưng nhỉ, giống mấy con quái thú trong pokemon",0
bị tâm thần vẫn có thể có học vị ts nhé. cám ơn ts vũ tiến lộc đã mang lại niềm tin cho cộng đồng bệnh nhân tâm thần.,1
"lỡ ng ta khong phải đi du lịch mà đi công việc, công tác xa thì sao má.",0
"du na chet bat thuong o trai tam giam,chu vo fai o benh vien deo dau ma toi bay dao boi ,soi moc, xoay sau vao lam cc j z",1
"bác sĩ trẻ ,đẹp trai ghê ! ngồi bên cạnh chị gái rất là xinh đẹp minh hiếu",0
cai miệng ba nay chua hêt nghiệp lai tao nghiệp nua roi.phu ni gì ma tho tức miệng co doi ma thui nua,1
từ bỏ thiên đường xhcnvn sang xứ tư bản giãy chết làm culi! emoji emoji emoji,0
lê hà thư khong hiểu c tôi nghĩ j mà làm quả đầu này emoji emoji emoji,0
sang năm tặng a cái đồng hồ báo thức với quyển lịch :))),0
quả đầu này mang ý nghĩa của amazon cách đây vài năm :)),0
phò cũng là 1 nghề chân chính đấy đm thằng ad,1
"chị này vừa đẹp lại giàu,thích thật nói nghe nhẹ nhàng...",0
biệt tài trả lời xong chẳng biết trần dần nói gì. vũ hoàng lân thiếu người để kiếm viu đi phỏng vấn người điên.,1
"nếu là trường đại học bình thường mà top 1.000 thì đó là điều đáng mừng, còn trường đại học quốc gia mà trong top 1.000 thì nên xem lại.",1
nguyễn hoàng sâm lol sâm nôn link :)),1
chưa thấy con đàn bà nào mà xấu như con linh lóc xấu mà còn bị khùng nữa,1
tao cười tao ỉa. mới hôm nào phán: mày nhắm mày chơi lợi chị em tao hông?,0
tưởng những quả bầm dập đem cúng bác hồ bác giáp....,0
"có nút vàng thì lì xì đi thầy, khong lì xì khong có tiền trả tiền học nữa emoji",0
nhìn anh như con cu ấy,1
trà my cô chơi freestyle nên cho muốn để sao để :))),0
nhìn thế này mới thấy a độ giống hệt sơn tùng khác mỗi cái mặt emoji,0
chỉ cần anh tích cực lên tiếng đám đông tự giác giải tán :)),0
"cái kết cho những kẻ thích thể hiện. nhịn được cái tức một lúc, tránh được mối lo trăm ngày, bài học không bao giờ thừa.",1
không biết dùng từ ngữ mạt hạng nào để nói về loại người làm mẹ và làm cậu này.,1
chờ cái lon emoji,1
ông là kẻ trơ trẽn nhất mọi thời đại.là vết dơ của của lịch sử barca nói riêng và thế giới bđ nói chung.!,1
cà khịa cực mạnh: chết cái tay vẫn cầm chiếc bánh mì :v,0
nhưng sao các công ty của các thành viên gia đình trump lại không chịu rời tq?,0
"chú tùng ơi, chú cho thằng cu độ nhà chú ngậm ít kẹo thôi không nó sâu răng đấy",0
mấy cái nhạc trong phim của bảnh toàn của khong-icm đệm nhạc đó :v,0
bú cu không thầy,1
đến cái tầm đấy thì con của nó cũng học cấp 2 rồi anh à :((((,0
abe bucu,1
"phim hay, nhưng kết khong có hậu, thương c kris của tao vai huhu",0
xem xong chóng hết cả mặt,1
chi ba bi ngao đa ha chi 3,1
nguyễn minh ngọc đéo hiểu sao t nhìn ảnh nào cx thấy chữ lồn,1
chi phi cong trinh bj bon no cat xen chia chat voi nhau het roi.tien lam cong trinh rat thap lam sao co chat luong.,1
"trần dần nói là mình cũng là yêu nước kìa, đã thay đổi tư tưởng đấy",0
rồi anh có định làm tour du lịch sang chảnh ở khu cách ly không,0
các cô chú phải cho tụi con nghỉ thêm 1-2 tuần nữa mới an tâm đến lớp học. :3,0
mà s bạn bik bạn kia cmt khong đàng hoàng mà bạn ý lại nói như thế,0
"mv mới của anh rất tuyệt, sẽ mãi ủng hộ anh emoji_love anh tùng m-tp emoji",0
nhà tiên tri nói sai tên tổng thống mỹ rồi khong phải là đônachung,0
chúng cháu tình nguyện nghỉ học ở nhà để các bác các chú yên tâm chống dịch,0
"mình không so sánh bảo là khập khiễng, nhưng con mình trước học tại pháp: lớp 1 và lớp 2 mới tập vẽ chữ, tập đọc nhưng cấp 1 đã biết làm bánh,ươm cây, mắc điện đơn giản mang về khoe bố mẹ;",1
"ngoài ra bắn bỏ mẹ những thằng đeo biết lon j cũng đăng lung tung , khoá mõm lại",1
"bọn này vào gặp ca chúng ngoan lắm, toàn khoanh tay với dạ thưa",0
trường hợp này ở địa phương khác kêu là gì khong biết còn địa phương mình gọi là khùng á,1
ra khỏi chỗ cách ly rồi lấy đốg gạch emoji emoji từ dư luận về xây biệt thự ở cho bớt ngột ngạt,1
"đã lấy vk bỏ nhau rùi còn làm vậy, người phụ nữ nuôi con vất vả, chồng cũ vô nhân tính quá, cầu mong 2 ng còn lại bình an qua khỏi, người chồng cũ đúng là cầm thú mong công an sớm truy bắt dược.",1
trend như con cật cũng đi đú,1
dit_me cmt bài viết của bố ăn lon ak cut,1
mình khong đồng tình với mụ này..nhưng mình lại kết cái câu b khong c đẽ... vì mình thấy bọn b khong đa phần sống rất chó..nên mình cũng rất ghét...xin lỗi những người ít ỏi b khong có đạo đức nhé...,1
"dao fati lại ăn mừng theo phong cách cr7, chắc là chán không muốn đá nữa rồi",0
"ờ kệ, dăm ba khong thịt heo. emoji emoji emoji emoji",0
lại mâu thuẫn vì nhậu. cái kết là cái chết vô nghĩa.,0
đây là chương trình thi đấu trí tuệ nhất việt nam.,0
thương con chó mà phải mang cái mặt của mày quá,1
idoi của toi đó.chúc bác và bà con ta vượt qua đc đợt dịch này,0
"cầm thú! lấy mẹ, hại cả 2 cô con gái nhỏ, dại khờ! lời cảnh báo cho các bà mẹ có con gái mà muốn đi bước nữa!",1
đình quang trưởng thành vì có vô chục cái sừng mà mình không biết :)),0
"ủa, chúng tôi còn lớp nào đâu mà đến đúng giờ??? ủa ?? alo ?",0
thần tượng của tôi về lối sống giản dị và gần gũi.,0
"tôi chỉ thắc mắc ở bài tập toán , nhiều câu hỏi rất dài các cháu chưa đọc được đề bài và khong hiểu gì thì các cháu làm kiểu gì vậy ?",1
cần xử lý nghiêm bọn người vô nhân tính này.,1
a tôi đấy các ông ạ ))) nhưng mà ở vũ trụ mr siro cơ ))),0
"bán nước rõ ràng rồi, các cháu dư luận viên còn gì để sủa khong?",1
toàn chó khong,1
sao báo không viết là nhiễm nước c2 nặng cho hay nhỉ?,0
việt nam quê hương tôi đó. tôi luôn tự hào về đất nước con người việt nam tôi,0
cho ông ít bánh kẹo đi mọi người. tội nghiệp ông nuốt nước bọt hoài.,0
nguyễn thuận clone sủa cc gì em,1
"n17 khai gian dối, lây lan cho người nhà, hại bao nhiêu ng việt nam bị cách ly nên bị mọi người chửi là đúng.",1
chắc bệnh này mấy người có tiền sẽ bị nhiều nhỉ ...ng nghèo lo trồng lúa nuôi bò tiền đâu mà bay để rồi mắc bệnh,1
"live spoon thì thấy có người tên là trần dần tham gia, bảo là ông 70 tuổi rồi",0
"xuân thắng trời nắng cũng mặc áo mưa, 5 lớp khẩu trang chở khách dùm emoji",0
"rất nhiều người còn ăn mặc đen thui, lù lù lúc 4h sáng... họ băng qua đường một cách ngạo mạn, xem thường bản thân... giữa mấy làn xe oto đamg phóng 70, 80km h.tôi thường xuyên chở khách lên sân bay tuyến này nên rõ mấy thành phần đạp xe vô ý thức này!",1
"hazardous là cấp cực kỳ nguy hiểm , thằng giáo toang nguyễn khắc ngọc đâu, vô sủa mấy câu tao coi",1
"để bọn trẻ ăn hatrick thì tuyệt, ai lại ăn hoii lấy thống kê bàn thắng vậy.",1
1 con chó điên đã vào sủa và cắn....,1
nguyễn kim sale mà nhìn chiếc ảnh tưởng thầy sale 50 ạ :)),0
ba toi có 2 cái quần mà mặc như này là giống i anh tiệp luôn,0
:)) cái gì nữa đây ! sao tao vẫn chưa thấy ai quan ngại :)),0
hoa hậu dành cho đại giangười mà chân ngắn mới là vợ em,0
bụng như con heo vậy mà bài đặt bán thuốc giảm cân. uống đi rồi chết.,1
em thấy lủ chó viêt tân là có thwn thái nhất. tiếc là nó đã lưu vog,1
sao lon dung la mieng cho khong the moc nga voi,1
"bé không học, tối không lo ôn đi lớn lên ngu như thầy ba đấy chứ anh tao thì cm biết đấy :)))",1
thảo my trước kia tục thật nhưng chửi hay còn bây giờ thì khong đc vậy. với lại mình củng thích chị này thật nên hay vào fb xem vs like hình nhưng nhiều cái thấy bả quá đáng lắm.,1
"anh vứt cho nó đi em chỉ thích làm ca sĩ thôi, cười từ hôm qua đến giờ ))))))))",0
thật ra anh ấy phải cám ơn các mạnh thường quân rất nhiều.,0
"khong can thì ôm bé vào lòng cũng dc mà, chuyện con nít nó mới 2 tuổi hiểu cái j mà đánh nó. đàn ông j chỉ biết bắt nạt con nít!",1
:)) t bên này t còn dell giám dùng tien mà s chj 3 xaolol vay nhà toàn trã góp sūa cl :))),1
hàn quốc không có dãy trường sơn và các láng giềng chết tiệt đó là một may mắn cho nam hàn! nếu không thì nam hàn đã bị bắc hàn thôn tính và cùng trở thành cộng hòa xã hội chủ nghĩa trung hoa!,1
"án mạng rồi thì có chạy đàng trời, mau tự thú cho nhẹ tội.",0
"2 người em yêu quý nhất team sbtc , chỉ sau cô linh dolce",0
hồng sơn nguyễn ông ơi cho toi xin video dc khong ông,0
dễ thương quá cô yêuu ơii. ai lớp du chu cà mo emoji_love emoji_love emoji_love,0
cái này nhà chức trách phải ra tay chứ không người dân lại bị lừa.,0
pé mụp nguyễn my nguyễn hiền summer summer ước gì,0
cứ vios mà múc bác. toyota number one. rất đẳng cấp.,0
dám hó hé đéo,1
"may quá, mình tốt nghiệp rồi, không thì chả có tiền mà học đâu.",0
phan hoài nhân quả này cam đéo có mà flash thì to tổ bố :)))),0
xem mấy thằng chym ngắn thượng đẳng cà khịa chúng ta mấy hôm nay thấy thế nào nhỉ,1
chắc ad bị nó tóm ngồi sau xe chụp đây.. tội ad ghê!!!,0
thà bây giờ câm mẹ cho rồi. càng nói càng lộ cái ngu bị dân chửi thêm chứ làm được gì,1
phải giống bố lương 7-8tr nhưng vẫn có oto chạy và mua cua hoàng đế ăn nhé :)),0
cường nguyễn bọn nó còn lấy cái ngón chỏ xỏ vào làm gì ý.mà xỏ xong cả lũ cười.đéo hiểu,1
thầy thì kinh rồi ráng làm giáo án popy sách phép là ok,0
dit_me éo học thì làm cc gì biết chữ,1
quan kiểu này chém chết,1
vậy thì chỉ cần 1 con thôi là đủ ăn cả đời nhỉ xd,0
"các bạn phải biết rằng tq có lịch sử 5000 năm, họ cũng có khoa học của riêng họ",0
chửi cái l linh cá lon,1
thanh thùy chắc bệnh đa nhân cách là từ đây :)))),0
"kệ mẹ người ta đi, ăn mã cha của mày hả page lồn.",1
mat day,1
toi nghĩ con má đó nếu có hết bệnh thì nó cx phải xứng đáng là nhận án tử hình,1
ở nhà mấy người lớn trông 1 đứa trẻ còn vật vã. chả hiểu sao lại bắt 1 cô trông tầm 27 cháu bé khoảng 2 tuổi trong cả ngày?hoàn thành được nhiệm vụ thì đúng là thiên tài,1
"trong cuộc sống của con người, tôi cũng rất ghét những đứa con to xác nhưng luôn lười biếng và ăn bám trên thân xác những cha mẹ gầy guộc.",1
bê lol chạy là có thật,1
sub lại kênh cho thầy nha moi_nguoi và nhớ là kênh mới là kênh kĩ năng nha,0
hy vọng rằng bé trai đó biết việc của mình làm là sai.,0
"cho mình hỏi tập này thánh nào edit vậy ạ, coi cười rớt cả hàm kk",0
con cháu bec và đảng cộng sản quang vinh muôn năm... emoji emoji emoji,1
đọc tên bài thấy vui nên chỉ vào để comment quá tuyệt vời việt nam ơi!,0
nó tới đây để giết ng chứ có phải kinh doanh mẹ j. mấy thằng bù nhìn nhận tiền ngập bản họng cỏng rắn cắn gà nhà. cả lũ cũng khong có kết cục j tốt dc,1
"dit_me...thèng assmin này...hỏi ngu méo chịu được...mày làm như muốn tập trận chung với qdndvn dễ lắm vậy...mày hỏi 4 thằng đó ( mĩ,úc,nhật,phi ) coi tụi nó biết nói tiếng việt không mà tập chung...",1
riêng lần này tao cười vào mặt cả lò nhà diva haha,1
tuổi đó mà làm lãnh đạo ở vn thì chắc chắn là rau sạch của sếp.... emoji,1
đcm tướng mà giờ chơi loto để hy vọng. vãi cả ...,1
"cuộc đua xếp hàng mà không ai muốn dẫn đầu, sợ quá. mong sao sớm ngăn chặn được",0
như cl,1
thực ra lấy cũng dc nhưng khong nên pót lên mạng :v,0
thanh hoá mixi with love....chúc anh chị bà cu sói có ngày lễ vui vẻ nhé...,0
giết người sẽ bị đền tội,1
"cncs là quái thai của nhân loại, nó có sức mạnh không thế lực nào có thể tiêu diệt được, trừ chính nó ! câu nói của một người nổi tiếng và đã được lịch sử xác định",1
chắc tiệp nghĩ tiệp là hạng thượng đẳng :)),1
nói gì thì nhiệm kỳ tới trump vẫn hoàn hảo nhất để làm tổng thống mỹ!,0
nhìn cái mặt thớt đã biết tại sao thớt nói cmt như vậy. ae thông cảm người khuyết tật tí đê,1
"lít xăng, cây kẹo, gạo, nước uống ... mày đang đống thế cả đấy thằng trẩu nhi ! nói chuyện mở mồm đéo, đm, ngứa háng - văn hóa lắm cơ.",1
khong muốn có trộm chó nữa thì làm ơn mọi ng đừng ăn thịt chó nữa.,0
"đánh vào tâm lý ham của rẻ, đứng ở góc độ người bán thì trừ khi làm từ thiện hoặc bán tháo chuyển nghề chứ trên đời bây giờ làm gì có cái gì ngon, bổ mà lại rẻ !",1
ai đi ngang qua vào wall em like avt mới dùm em ạ. em cảm ơn nhiều emoji emoji,0
"tôi thì không thể nhịn được cười với ảnh cuối, nhà thiết kế rất vui tính.",0
mấy chị này hồi xưa làm trong hội bánh trán emoji emoji emoji emoji emoji emoji,0
bảo khoe mới khoe chứ không phải cố tình đâu nhé emoji,0
"cô ấy chạy sát lề phía tay phải rồi mà, sao lại trách người ta như vậy",0
"nguyễn jonh thật ra mỹ chỉ chống học thuyết cộng sản nói riêng và những nước gây bất ổn cho thế giới, chứ mỹ khong xem độc tài như kẻ thù bất cộng đái thiên nếu loại độc tài đó chỉ làm khổ dân nước đó mà khong ảnh hưởng đến dân nước mỹ.",1
"từ đó dùng khó vậy! dịch máy móc như vậy, không ai hiểu cả đâu? sao không dùng từ: put me aside hả vậy??",1
"cám ơn vnexpress đã đưa tin rất cập nhật,chính xác và khách quan.",0
"hoàn toàn ủng hộ fadil. chắc chắn, mạnh mẽ và an toàn khi vận hành.",0
chỉ 3 vàng ngọc như con heo nọc nhà e,1
mình đang ở quận hải châu luôn á emoji emoji emoji emoji emoji,0
"cứ con nào nhiều option, giá ngon, nhiều ưu đãi thì cưới về thôi",0
"thằng áp dê ngon thì nói cho thiên hạ biết đi, hay đi làm thông ngôn cmn đi",1
bắc kỳ theo cs đánh chiếm miền nam ))),1
bây giờ nước mỹ toang. khong thấy bọn 3 nổ và chém nữa ta.,1
trung hieu pham a thấy e vừa khen hôm trước xog nè emoji,0
ngọc diệp èn yến lương hình cánh hoa nhé các chị yêu,0
noi. cho. nhieu di. chu. mai. mot. gia. nam ia day. 1 cho. luc. do. muon. noi. cg. khong noi. dc. hi,1
cũng là do tự mình chuốc lấy.cà khịa người ta làm j giờ ngồi khóc,0
"đang vi phạm thì im re, xong xuôi rồi thì mới rà soát, sau đó thay đổi pháp lý để chính thức công nhận vi phạm, hỏi sao khong xử lý kịp thời thì nhân đc câu trl là khong hay biết, lực lượng mỏng, cần thời gian kiểm tra...",1
người việt nhưng phát âm lớ lớ như người nước ngoài. nghe cứ tưởng nhạc nước ngoài. chán không thèm nghe.,1
chỉ mong chị nhung nhanh khỏi bệnh để sớm nhận hình phạt của pháp luật. emoji,0
"cô mình hiếu giỏi quá đi,phải học hỏi cô minh hiếu",0
"đơn giản cậu ta kà messi, người mà bất cứ cầu thủ nào cũng được đem ra so sánh!",0
con này bị thần kinh năng rồi moi người ơi.,1
thì thầm em nói nhỏ việt nam never die emoji emoji_love,0
uống nước rửa bát xong ngồi đợi đ chết,1
"các bé cũng là một con người đấy, sao lại có những kẻ nhẫn tâm như vậy. cảm ơn những bạn trẻ có tấm lòng tốt. xin chúc mọi người niềm vui, sức khỏe. các bạn chính là cứu tinh của những mảnh đời không được may mắn.",1
nguyễn trọng hiệp oder được đôi này giờ chắc cũng phải vài nghìn đô emoji,0
"vâng, lần sau mời ông ấy thử đè ngạt thở con cá sấu xem sao.",0
"khong mua hai xe này, mitsu actra, hoặc kia soluto hay hơn.",0
gặp mình dọn ra ngoài nhậu cho oách xong đi taxi về kk,0
ry noah ủa đi làm thấy bà chứ ở đó mà ở không emoji emoji emoji,0
vu thuy bich vy cai nết ia md ne ))),1
ban dung nen lam video nua dơ ban ban sat dan toc minh het ban,0
con tôi học lớp 8 ở wisconsin không cho sử dụng điện thoại trong giờ học.,0
bv quận 2 hân hạnh đồng hành cùng chương trình nài,0
thang ngu khong biet do la co gi a,1
trang nay bi bon viet tan mua dut roi. bay gio chi thay mui thoi khong ah,0
nc ngoai trc khj toi diem camera ban toc do tam 500 met co bjen bao nhe,0
thượng tá tình báo quân đội nhân dân việt nam trần dần,0
tặng anh vì bài viết mang tính chà đạp lên nổi đau của ngk emoji emoji,0
"toi thấy lãnh đạo vn nên câm mẹ nó mồm đi cho xong, đã lỡ tham nhũng rồi thì ở nhà luôn đi, mỗi tháng chuyển tiền cho nó, khỏi làm... đó là cách tốt nhất để nhân dân ấm no",1
chat chan tay la xong.khong can lgi het.thang nao danh nguoi giet nguoi cu chat chan cat gan tay,1
bản full hôm nay ra mắt nha mọi người ! đón chờ tại đây,0
địt mẹ m óc cức lắm...đm cho cũng chửi đéo cho cũng chửi...đm.tay nhanh hơn não à...đéo đc bố mẹ cho đi học à...thua con chó,1
tội nghiệp cho cô đeo vàng này quá... tưởng vậy là cô ấy hay lắm...,0
hy vọng bác khong bị chết đột ngột như bác thanh :v,1
mặc dù vẫn nghe nhạc của thằng jack ma này nhưng vẫn thích dislike vì fan nó,0
europa league chỉ hấp dẫn từ vòng hai khi mấy đội ở c1 rớt xuống.,0
muốn mua xe ít hỏng vặt thì đừng mua xe hàn là ok.,0
bê đê mà,1
đứa trẻ bất hạnh.,1
huy phan chưa biết chức vụ đó của bác trần dần à emoji .,0
haizz. .. emoji,1
nứng qá abe ơi :)),1
từ thành phố huế xuống đô đô có xa không nhỉ emoji,0
trường hợp cai éo ji con này.dit_me nc éo có logic cc ji bị cả cộng đồng nó chửi cho sml cho cm may lun nghiệp,1
nhìn khong ưa miếng nào,1
minh hiếu hi minh hiếu ngày càng xinh đẹp ra phết emoji,0
"anh độ đáng yêu, mình còn đáng yêu hơn anh độ nhiều:)",0
nguyễn bảo chấn clm,1
"rap việt chẳng qua đang mới lạ sau khi khán giả đã quá nhàm chán với các chương trình cũ nên bỗng trở nên thu hút, đã vậy mùa đầu tiên lúc nào cũng là mùa thu hút nhiều nhân tài nhất,",1
"mày có biết là cái lòi cầm thú chống chọi zs bão lụt mà khong ai quan tâm tới là cái loại gì khong , loại xúc zật nó làm cho có chứ chống chọi con mẹ gì tụi nó ăn của dân quá nên bây h phải chịu trách nhiệm đứng ra chóng chọi cho có thôi con chó ak ,",1
j vẫn hợp nhạc emoji emoji hơn. mặc dù hoaprox đẳng cấp,0
"sản phẩm chất lượng để phục vụ một lũ cực kỳ thuyết phục bị di căn giai đoạn cuối quả phí phạm. toàn bọn bại não, thoái hoá văn hoá. cứ tưởng thế là hay ho.",1
"đem bom mà rải thảm cho rồi chứ bọn này nát lắm rồi, nó có phân biệt được những người phụ nữ như mẹ nó nữa đâu, ái zà",1
cay vai emoji,1
minh mẫn vai,1
cô bà vàng ngọc cho con xin thẻ cào viettel 500k gửi về qua,0
trần diên dưỡng sang kênh của ông bán bánh mỳ nhâ :))),0
nút thắt cổ chai đoạn cầu bình điền quốc lộ 1a về miền tây và đường nối đại lộ đông tây với cao tốc tphcm trung lương 10 năm hơn chưa làm xong,1
"mẹc đi bộ vuốt râu là có thật, ăn hôi pen là có thật luôn.",1
nhà tiên tri già lẫn rồi nói tào lao rồi nước mỹ hiện giờ đã chết hơn 10000 người rồi.,1
nguyễn long vlin thật lun á bọn vô ý thức,1
chủ quan quá hậu quả đáng tiếc,1
con cá nầy ăn luôn con vịt và cần câu khỏi câu luôn,0
dế mèn phiêu lưu kí- làm tôi bỗng dưng hoài niệm về ông.,0
chuyên gia dạy chó chuan men kk,1
chị 3 vàng ngọc là số 1 e rất yêu chị 3 e tên thiện thiện 34t ở đồng tháp,0
tôi thấy thật hạnh phúc vì đc sinh ta tại việt nam,0
yêu cái db tốt nhất khong yêu,1
xao lon,1
chống tham nhũng ở viêtnam như kiểu con mèo ăn miếng mỡ thì bắt được còn còn cọp ăn con hươu thì đeoa bắt đc,1
thuỷ tiênn thế thì nó lại gãy e nhò emoji emoji emoji,0
cua nhỏ khong dám ăn ăn mấy con cua thế này cho đỡ tốn tiền,0
"nên chọn đúng vợ mà cưới , nếu chọn sai thì nên buông bỏ và lấy vợ mới",0
clip hay nhất tạo nên tên tuổi của cô ba vàng ngọc.hh,0
không có nên chửi người ta là bắt ky! hồn láo toét miệng lưỡi quá! khẩu nghiệp quả báo sớm lắm,1
hello minh hieu de thuong noi chuyen nghe hay hay giong hy vui,0
tôi thích chú p. anh giúp đỡ cho nhiều người ngèo. còn dmcs. đéo làm được con cặc gì hết toàn là làm mầu thôi,1
vấn đề là cần thời gian ủ bệnh và phải chờ 14 ngày để biết rằng có bệnh không !,0
làm đường sắc ngoài bắc thì người ngoài bắc gánh mà trả đi nhé :),1
khẩu trang này ở việt nam có cách đây 10 năm rồi. các bạn phương tây đi chậm xu hướng quá,1
cụ này mắt mới cắt mý sao ta kk đấy vnch đấy oai chưa nhìn hoành cháng nhì,0
"chú toàn ơi ,video con còn nha con ác phủ vậy chết luôn đi cho đỡ kẹp đất emoji emoji emoji",1
vải lờ thầy emoji emoji emoji,1
nghe rất khoa học nhưng thực ra là rất tự nhiên :)),0
nguyễn hải đăng gớm anh có khi nguy hiểm hơn em đấy,0
dinh hong ngoc vắt chanh vắt quất cho sảng khoái thơm tho,0
cho con trùng đi nhuộm lông màu mèo tom để sói vần anh ơi! :3,0
con này nó chửi cho đã rồi lên khóc lóc xin lỗi sao như bánh tráng mặt lật dữ vậy ta,1
"nít ranh gì,nghe 2 củ 1 trận là ông nghĩ đến có tiền mua bỉm sữa",0
nững chất thải này là an toàn và đã được cấp phép rồi nhé :v,0
"đụ má tao ghét cây ghét đắng mấy thằng dư luận viên vai , tụi bây ăn cái lồn què gì mà đi bợ đít vai vậy , bợ đít tụi nó vậy ông bà già tụi bây chắc tự hào lắm",1
"nail là 1 nghề như nhiều nghành nghề lương thiện khác nhưng dưới bàn tay đen đúa của tuyên giáo nó thành 1 cái nghề thấp kém, hạ đẳng. nghề nào cũng để kiếm sống, nuôi sống gia đình, phục vụ xã hội cộng đồng không phân biệt giàu sang hay thấp hèn.",1
như quỳnh rủ boà trinh cho đủ tay :))))) ra nhà t ở. khong lo chi hết :)))),0
"xin lỗi ad chứ nếu ad ở ngoài sáng không thì làm sao ad biết được trong bóng tối đó có cái gì? trừ khi ad đã nằm trong tối hay có người trong tối đó thì ad mới nắm được tình hình. và khi chỉ cần thí vài con tốt ad sẽ lên cấp bậc vù vù, lợi cả đôi bên.",1
tôi là tôi đíu tin chuyện yêu xa các ông có giống tôi kh ?,0
tuyệt vời trí tuệ việt nam! xin chúc mừng các nhà khoa học đhbk hn và cộng sự!,0
ôi thật là tàn nhẫn! :(,1
đinhh thị hoàii thuu ngủ mẹ m đi,1
nói dân trí thấp lại tự ái emoji cái ý thức còn kém hơn kiến thức lý của mình nữa emoji,1
thứ thần kinh,1
mong bác khỏe mạnh để cho ae xem cho vui khong thì mùa dịch này buồn lắm,0
con lon giả,1
đã gọi nó là cá lóc rui thi mỏ cá lóc nó làm sao đẹp được,0
"như này thì thế giới theo kịp thế éo nào được. tía nhà nó biện minh cho hành động đạp con mái là do say rượu, chắc còn con mái kia say cặc",1
"mặc dù có thể cô không biết, nhưng cô đã vận dụng rất tốt luật hấp dẫn.",0
sao câu nao no cung chưi băc ky vây công an đâu gô cô no lai chư,1
đm ads phản động nhé !! các bạn cơm sườn đói là thích các bạn ấy làm thôi :3,1
quê mình cái này kiêu tên ngộ lắm emoji emoji emoji,0
nguyễn đức thắng may có khánh nó mới nổi mấy bài hot,0
các hãng nổi tiếng calvin gucci chanel đều bên nước ngoài mắc gì đem về vn cho nhỏ đó tri ân tri nghĩa....có ăn qq quá ai nói gì cũng tin biết cuộc đời sài chai nước hoa chính hãng chưa nữa,1
đeo khẩu trang mà để hở mũi ...,1
bố m cũng đến chịu cách ăn mac khác người của nó !,1
chj đang có vicorona sao chị đi chúc chị đi vui vẻ,0
thương quá! hết cây rồi đến tường đổ chết học sinh.,0
khi mày muốn mặc quần tây nhưng thằng stylist lại đưa size nhỏ emoji,0
"ta ước gì có một lão hitler tái sinh trên đất nước này, làm sạch hết lũ cặn bã dơ bẩn",1
món cá đồng kho ăn vào mùa mưa lạnh ngon hết sẩy.,0
có ai để ý rằng cái mẫu hình làm logo đại diện cho băng đảng của thằng vin vượn nó có nét tương đồng với cờ của đám giặc cộng sản trung quốc không? :v éo biết team designer tụi nó nghĩ cl gì nữa :3,1
mình đứng thứ nhất trong danh sách mà người ta lại quên tên thế chứ lị,0
ông già tôi với con mèo đi ăn đám cưới con mèo nhà hàng xóm rồi các ông ợ,0
điểm chung của những người này là ít học.,1
may mà được ông làm tóc có tâm. đến tết mái có dài cũng quyết không cắt emoji,0
mở miệng ra là bắc nam. thua bạn rồi :d. rất sắc sảo và trí thức.,0
"sống đáng sống với đúng chính mình, mãn nguyện ông nhỉ!",0
dit_me cạn lời với bọn này,1
link em gái ngon ngọt nước nè bao phê luôn,1
nghĩ đến chuyện không giặt vì sợ phai mà chỉ phơi nắng vài lần trong năm rồi ướp thơm trong hộp kín thì bốc mùi ớn quá nhỉ?,1
việc trồng cây bảo vệ rừng nên đặt lên hàng ưu tiên,0
lê luân đừng so sánh lương. mà hãy so sánh quyền lực và lợi ích. làm cty tư nhân là người lao động không có quyền lực . còn làm nhà nước là con cháu các quan chức có quyền lực và nắm trong tay nguồn lực của địa phương vả quốc gia.,1
ai muốn lấy lại fb bị khoá hoạc quên mk liên hệ mình,0
xóa kênh đi ông giáo êi. quân tử nhất ngôn chứ. )),0
lúc khó khăn mới biết chỉ có tổ quốc luôn cưu mang mình emoji,0
đi cách li chứ đi nghỉ mát ở khách sạn đ đâu mà đòi hỏi bố thằng điên,1
"không thể hiểu được?!!! hành vi như vậy, làm chết 2 mạng người mà chỉ 30 tháng tù : :",1
nhà mình ở quê chắc bằng tiền xây cái cổng này,1
m ngu qquua m chết mẹ m đi i ad,1
di cách ly là nghĩa vụ cho cộng dồng dừng nói là bắt buộc phát biểu vô ý thức,0
hanh viet hết cái bọn cực kì thuyết phục bây giờ lại đến bọn : ở nhà giúp mẹ giúp cha.... xàm lol như nhau cả thôi,1
chật chội ghê mấy con kiến muốn tranh chỗ ở còn khong đc á emoji emoji,0
sau này tao sẽ lấy nhiều vợ để có nhiều lời khuyên.,0
duy khánh thế cứ đàn bà thì mới không biết đúng sai à ?? emoji ??,0
hình sự cho chừa. lớn mà đánh con nít.,1
thối nát quá roi!!!!!!!!!!!!,1
"ông thấy đấy ông ad ạ. nó cướp rồi cắt cổ, mình đi. nó cướp mình bắt nó không chế mà nó bị thương thì mình đi tù :)) nchung luật pháp buồn cười lắm.",1
"việc to biến tháng nhỏ,việc nhỏ thành không có gì.xong lại còn đánh lạc hướng dư luận sang hướng anh nhà báo.một bàn tháng lớn cho bộ máy tuyên truyền",1
trong một diễn biến khác. lại có cờ mẫu quốc phấp phới đâu đây,1
"tạm đình chỉ, chờ cấp phép rồi xey dựng lủ ngu ạ. với lại có 1 số hạng mục xây dựng ngoài thiết kế. thằng chó nào mạnh miệng bảo dừng xây dựng luôn khong??",1
giật đ trượt phát nào đến từ vị trí của độ tày,1
con điên có gan nói mà khong có gan mở cmt cho người ta. bình luận,1
già mất nết,1
phạm thùy dương hâhhahha. mong ai đó sẽ hiểu lòng chúng em,0
huyền khánh phùng lương tháng có 7-8 tr emoji emoji,0
"ôi dòi ad não phẳng muốn phản động nhưng khong ai bênh mà, chỉ dùng vài bức ảnh, sử dụng pts chèn chữ vào thôi, thật là lạc hậu quá, ad là tg nhà quê.",1
thi đéo làm được bài mà nhìn mặt lão độ đéo nhịn cười được. ae ai như t khong,0
"đã qua mỹ du học thì cần gì phải thi ielt dành giật số điểm để làm gì, anh văn chỉ là công cụ làm việc chứ không phải cái nghề cái nghiệp",1
anh peww thời trẻ trâu nhìn là biết mai này chủ vài tiệm bánh mì rồi,0
chả mong mơ ước gì hơnchỉ mong đất nước giang sơn yên bình !,0
phuk cho mụ tiến về làm trưởng ban chăm sóc sức khỏe cho cán bộ. ahihi,1
nam nữ giong nhau. đàn ông khong bjo nhịn bủm ah?,0
con này cũng xàm lồn lên chửi qua chửi lại chủ yếu nó ăn tiền nhà mạng . con khùng thúi,1
trông thầy giống bê đê vai :))),1
trang này thật đúng là trang phản động -_- vì ad toàn nói đúng,1
thật là vãi lol a ơi,1
phương minn nhìu đứa nó lạ lon vậy á.. dở thì ng ta chê.. thật sự đéo thể nào nge nổi nhạc jack .. tụi mày cứ khen nó hoài nó chả thể nào tốt lên dc đâu,1
xin chúc mừng em đã đem vinh quang trí tuệ về cho tổ quốc;,0
"nghe mà thấy nhục nhã, ăn nói vô học",1
trần bình trọng vừa xog 1k like :) các bác sống nhanh vai :),1
"1 quốc gia không có đường để đi, số bot thật chóng mặt",1
từ nay anh em khong được gọi bà gà nữa nhé kêu ba pro nhé )),0
hiếu lư cmm,1
con này nếu mà ăn đu đủ thì nó phải ăn chiều ngang mới vừa mồm,0
"khốn nạn quá, mỗi lần đọc mấy tin như thế này tức điên người. trên đời này sao lại có loại người như thế tồn tại chứ",1
hay... bs thú y có ý tưởng ra đời bánh có hơi....,0
phan anh emoji rồi đến lúc bame gia đình chúng nó bị xem có cười đc khong,0
"có một điều hết sức quan trọng mà các nhà quản lý giáo dục có lẽ đã bỏ quên, đó là trong một tiết học, ngoài việc truyền đạt kiến thức sách vở, người giáo viên còn cần phải có thời gian để uốn nắn hành vi đối với các em học sinh.",1
cơm sườn là thứ súc vật nên tiếp tục sinh ra những con người có suy nghĩ của súc vật.,1
"ăn chán chưa từng thấy, thua cả con hàu, thua xa bào ngư việt nam.",0
vler. cái bọn này mà. khong làm cái này thì tụi nó cũng kiếm ăn bằng cái khác thôi.,1
nhũng bài hay của nó bị ngta lấy roi giờ biết sao đây,0
xã hội bồng bềnh.,1
"nguy hiểm quá, chắc nhà kinh doanh này tới số",1
hướng dương cái đấy thì chịu :)) . btw bài who ft với lauv nghe hay lắm emoji,0
bã nc thô nhưng vui mà lại có thật tình.thấy cảm giác dễ chịu.,0
cháu vừa cmt xong chú ơi cháu lên fan cứng luân emoji emoji,0
vitamin nhung cđ m chứ ai nữa emoji emoji,1
"hôm rồi xem phỏng vấn, toi lại sợ ông đi trên mây ấy chứ",0
có ai để ý chữ ở biển xanh xoay tròn kia ghi tương lai chung ngồi nhà :)),0
ông trời tạo ra địa chấn và cách bơi của sấu là điểm nhấn,0
lớn vậy rồi chứ không phải rầu nha đũy ơi )))),1
anh ở giữa nhìn là biết sau này chủ của mấy đầm tôm kk,0
khong biết các tội này khung hình phạt cao nhất như thế nào. nhìn mặt 2 người này thấy ghê gợn,1
"hien tran ngoc bich, hiep tranhoa xem có bó tay không nè trời.",1
dạ xin thưa a theo trường hợp này như a nói thì là 2 năm tù thì phải,0
nguyễn ngọc linh đâu phải rãnh để xét nghiệm corona đâu,0
vios mt 2020 lăn bánh 486 tr cháu nhà tôi vừa mang về hôm qua,0
có đứa nào đến đoạn cu tùng hắt xì nói cơm muối như toi khong?,0
trên đời này sao có cái loại con người như con nhỏ này....đúng là khẩu nghiệp,1
nếu năm nay mà trao quả bóng vàng thì neuer hoàn toàn xong đáng,0
goi người ta chui người ta người ta chui lại là hue ..... kk,0
nguyễn tài koi cc bn,1
vay cho con cháu du học xây nhà mà :v,1
đvh hát bolero nghe nhức đầu.,1
ý thức không bằng cả huấn râu gì. chán,1
xin lỗi rồi chữi tiếp bó tay con emoji emoji emoji emoji emoji,0
đéo còn nời lào để lói,1
chưa vk chưa ny uống vào khong biết có động dục khong nhỉ emoji,0
"trời ơi, mấy cái chương trình lớp 1 hay tiểu học có gì mà nặng với nhọc khong biết nữa, đơn giản quá mà ta. như cháu toi giờ lên tới lớp 3,4 vẫn cho tự học hết, khong phải đi học thêm nếm bên ngoài chi phí khong đáng,",1
"mày coi chừng tao nghe mày , tao về là tịch thu ngay dàn pc lại nghe chưa con",0
ví anh làm kiểu gì mà trong ví lúc nào cx nhiều tiền vậy ?,0
từ lúc mấy bro cmt cực kì cl gì đấy là rất khó để ngó được cái cmt hay buồn thực sự emoji,1
trông như hai tên cô hồn.,1
"e vừa lên fan cứng còn nhiều bỡ ngỡ,mong các fan cứng đi trc chỉ dạy emoji",0
đào mạnh an chưa đọc bài post mà tay nhanh hơn não vô cmt hả :(,1
"họ đã chọn nhà máy môi trường, con người, tôm cá đã thua nhé",0
"công nhận , hồi lúc mới phẫu thuật khong đẹp . giờ phải công nhận đẹp dã man .",0
đm hcm : đường mòn hồ chí minh :v,1
đừng có phá idol của tao nha mậy. mạo danh là khong được à nghen,0
có mang về việt nam cũng khó bay vì dây điện như màng nhện...,0
- giờ chuyện đó là bt chó giờ nhiều lắm 19,1
nhạc jack nghe nhiều lần mới cảm nhận được.. bài bày hay mà.,0
đm may tien cho qa mỹ ma giut no cô minh hiếu 100 may truc triệu,1
nhìn cái mặt đã đủ hiểu rồi,1
"không biết giờ này mẹ và các em ra răng, thương về quê mẹ miền trung quá!",0
"cầu xin thượng đế, hồn thiêng sông núi phù hộ cho tran dan. amen",0
hoàng thanh thảo cầu giấy là gần bắc ninh emoji emoji,0
"độ mixi : 2 viên ốp rồi bô ơi , yếu vãi lon rồi em ơi",0
bọn kia đi đập chết mẹ dân rồi nhé,1
thế chắc nó mới đi hút cần với mấy con mèo hàng xóm đấy anh ))),0
toàn a chị giàu sang..khong bao giờ nghe bóng này nói nó có cc gì hết,1
bạn nên mua lexus hoặc sendona hoặc mấy con xe cao cấp chạy dịch vụ mới có ăn,0
kk...iu nhau là phải có đụ..,1
trần phong tôi đang nói dựa trên sự cà khịa của khắc việt ok,0
bác sĩ như vậy thì sẽ được danh hiệu anh hùng liệt sĩ mới đúng,0
thời buổi nào rồi mà còn yêu đương. ăn học khong lo. yêu yêu cl,1
tộc trưởng nói nghe xàm cặc. nhưng em thích ))),1
v abe là con đỹ à,1
thầy làm như vậy là chết cdm tụi em ròi,1
"đừng có gửi bản fax đòi ra đi miễn phí khi còn 1 năm hợp đồng nhé. tôi không muốn xem kịch nữa đâu, xung quanh đã có quá nhiều kịch rồi.",1
"toyota wigo đáp ứng đầy đủ tiêu chí bền bỉ, tiết kiệm, rộng rãi, lành...",0
đụma chất vãi lòn há há há,1
ủa thầy có nói lộn hk e thấy thầy mới là người hk làm đc gì mà ???,0
thằng ad lại sủa.,1
tết nhất là phải có tóc đẹp để vuốt vuốy nha mấy cô chú,0
"nó làm cái cửa hậu thừa ra tí để che mưa cho chắc hơn nước đỡ hắt thôi mà cũng ầm lên, khong thích thì lấy máy mài mà mài đi để nâng cao tinh thần bắc bó.",1
lợi bất cập hại nếu cho học sinh được mang dùng điện thoại trong giờ học.,0
ns hà chương phổ nhạc và trình bày ca khúc quá hay,0
1 ty ma khong bang mieng vai chui lon con nguoi an noi biet la do vo học khong co dao dục thu do se bi qua bao se chẹt tham ...,1
ủng hộ ngài trump. còn ông binden nay nói gì là việc của ông.,1
chưa viết thành mê cung là khá rồi. mà cái thằng soạn thư này chắc cũng không biết mê công là cái thứ gì. thằng ký thì cứ ký!,1
chỉ là đứng chỗ mát thui mà.các bác nghĩ xa quá.0,0
"mấy bác phi hành gia lên mặt trăng rồi về vẫn khỏe mạnh đấy thôi, có sao đâu.!",0
thằng zô zăn hoá,1
thằng nào mạnh chẳng muốn ăn thằng khác. vn lúc có quân đội mạnh tí nữa thì nuốt đc thằng cam kìa :)),1
"tinh thần thể thao thì có, mà ý thức tham gia giao thông an toàn thì không có. các anh nghĩ gì nếu lỡ ma men đang lái xe hơi, hoặc một anh tài xế mệt mỏi và buồn ngủ đang lái xe vào giờ này?",1
nhìn ông chủ tiệm bánh mì có tố chất doanh nhân từ nhỏ :)),0
"góp ý rất hay , có cơ sở hợp lý ! hoàn toàn ủng hộ",0
tiệp nguyễn trend mới hình cánh hoa đây e emoji oke haha emoji,0
ý mà d.trump nằm trong danh sách người lớn tuổi cũng căng nha,0
"nhạc hay , nhưng mà moi_nguoi có nghe đk lời bài hát khong",0
phải chi nhật có một vị cha già dân tộc như ông hồ thì giờ đã phát triển ngang ngữa đông lào cmnr ! tội nghiệp,1
tôi sẽ tiếp tục đeo khẩu trang cho dù không thích. đả đảo ncov!,0
chúng mày điên hết rồii,1
con ruồi đàn bà đây à :))))),1
ôi thơm tho j. khong co quan hệ thì vào lam cung bị đào thải. mấy nghanh ma dân thuong vn khong bao gio vao đx. cong an. quan đội. ngan hang nha nc. hang không. đừng mơ mà vào. nếu vao đc cung lam cu li sai vat cho toi no. đm,1
em của phùng thanh độ thất lạc bấy lâu nay phùng sơn,0
nta xạo lồn hay khong kệ mẹ đi. nghe vui vui giải trí là dc roi. còn vào khẩu nghiệp lri cho tội con cháu,1
thôi rồi đời con đời cháu mình trả cũng khong hết nợ,0
"hô ng việt dùng hàng việt đâu hết rồi, làm mẫu đi chứ",0
tất khủng long mắt lồi hân hạnh được tài trợ bức ảnh này!!,0
vai sam,1
đéo có gì để nói về cái đất nước này,1
nói cái gì vậy mà cứ nghe đụ má đụ cha vs vàng,1
"mình cũng có con đang học lớp 1. chưa bao giờ vào vnexpress comment, nhưng lần này phải ý kiến. cải cách kiểu gì mà trẻ học toát mồ hôi đến hơn 4 tuần chưa thể đọc được và nhận biết được chữ cái.",1
ma cây xn lần 1 xong vẫn phải theo dõi cách ly nữa ý ạ. roi xn tiếp ạ.,0
trân trọng lúc còn nhỏ được ăn tết bên gia đình emoji_love emoji,0
hai con súc vật này trước kia đội nhau lên đầu bây giờ quay lại cắn nhau hả,1
không hiểu thế nào mà mua cái loại đó mà ăn được,1
quốc sư phải khỏe để lãnh đạo 3 chứ khong thì 3 biết đi đâu về đâu emoji emoji,0
không hiểu clg đang sảy ra emoji,1
"tự kiểm điểm, có cái éo đó cứ làm hoài",1
"có lẽ ai muốn hiểu rõ về phim cần google trước về số đề. đối với một người khong hiểu cách chơi số đề như mình thì không thể thẩm thấu 100 nội dung phim được. bên cạnh chất đời mà phim phản ánh,",1
không biết nên vui hay buồn. chắc có lẽ buồn nhiều hơn : (,0
ông cao gần đây phát biểu to hen!!! mà thường nói to hay lộ mình dở lắm...,0
nhân dân mỹ thừa sáng suốt để chọn người điều hành đất nước mình.,0
mấy thằng cứ cực kì thuyết phục khong chán à hay là khong có não vậy !!!,1
diện trần có con rồi mà như thằng trẩu :)),1
"mình đang chạy dịch vụ vios 2019 mt, cảm thấy hài lòng. chi phí bảo dưỡng rẻ.",0
nói chung là đi thái zìa mà hong có vlog là ở bển luôn đi :)),0
"có cái cá nhân mình thấy không đúng nhưng đa phần đều là thực trạng, sâu sắc :(",0
"hẳn là thi công khong chuẩn )) cười vỡ cmn bụng, cái đcm chúng mày lắm nữa nhiều lí do vai.",1
"đình quang đm anh đẹp trai vai, anh vậy mà xấu thì đéo đứa nào dám ra ngoài roi anh ạ",1
"đúng rồi, nhìn có ria mép , với mặt giống đàn ông vai :v",0
đất nước thối nát,1
"biết tham nhũng bn, 10 phần nộp lại 2-3 là.cùng, tính cả roi",0
hoàng thị hoài linh kỉ yếu cùng corona thật roi emoji,0
rõ khổ ngày đầu đi học.xin chia buồn cùng gia đình,0
bảo hiểm thì nước đ nào chả phải nộp :v tai nạn ra ai thanh toán :v bóp cái tít cũng ngu :v,1
bán mẹ nước rồi còn đâu.,1
"hậu quả cuộc nhồi sọ kinh khủng lắm, sẽ có những thành phần bay vào đây cắn ad đấy )), mình cũng đã bị nhồi như thế và cũng may gia đình mình là miền nam rặt nên mình dễ dàng thoát ra được nên mình hiểu.",1
vâng....là dân địa phương :v xác minh là có thật :v,0
"ngta thấy khong hay thì kệ ngta, cứ bắt ngta phải thấy hay mới được à :)",0
dung la do khung dien gi dau,1
công nhận giông nhau lắm a độ ạ chỉ có khác mỗi cái mặt thôi,0
bọn dâm loạn viên đc dạy nói xuôi nói ngược mà lại,1
người du lịch khong muốn quay lại. đi 1 lần là muốn chửi thề rồi.,1
làm đek gì có lê văn tám nên chậm là đúng rồi. :v,1
hoan hô nkyn và ngô tường an! you are doing a great work! keep at it! emoji,0
"phobolsatv :bien me đi,phỏng vấn tao lao,may về phong van gia đình mày đi.nhin may nguoi gia ma con khong tha,phobolsa rất sam",1
em chào chị ba!! chị tốt bụng quá.lần đầu em xem clip này.rất vui đc biết chị..,0
"tran nhu con goi cua pho bolsa, kieu gi lam do haha",0
"hiếu ơi hiện có kênh con lisao chửi cả dân tộc việt nam ngu vì ăn mắm thúi , em lên dạy dỗ cho nó bài học đi em, bức xúc quá.cảm ơn em.",1
đông lào thì sơn nữa xe phía sau là xe tăng ! 2 bên hông ghi rất to hàng chữ người có uy tín để bà con né cho xa !,1
nghe loáng thoáng...nó buồn ngủ rồi đó mày dẫn nó đi đụ đi,1
cô dễ thương thiệt thà chất phác quá trời lun thương cô thích cô quáaa,0
kb đẹp ở chỗ nào mà phanh ra :((,1
"kính gửi barack ,ngài nên học cách sống đế vương như bọn anh đây.. khaa. khaa",1
xe trung quốc bây giờ vượt trội xe đức âu hàn về trang bị công nghệ. tq lại làm chủ chuỗi cung ứng và là thị trường oto lớn của đức âu. các hãng xe tq còn là chủ của các hãng xe đức âu.xe tq bây giờ hơn xe đức âu hàn.,1
"thích nhất tâm văn cao, nhìn rất đẹp và nghệ thuật. 3",0
trong vài năm gần đây barca như một sân khấu hài,1
"chúc mừng 2 bé và gia đình. cám ơn đội ngũ bác sĩ việt nam, thật là giỏi.",0
chiều nay có mang vali tiền đi mua giải không anh ?,0
báo viết tiếu thấy moẹ ! 2 thằng kia nó không bỏ phong bì 1tr usd cho mấy thằng duyệt thầu thì đúng hơn ! làm việc với mấy thằng đuỹ xứ lừa mà thiếu bôi trơn là không thông được chúng nó đâu !,1
anh độ dễ như phò ấy :3,1
tĩnh que còn hát cho nhau nghe đc thì dăm ba cái chúc thấm đ gì nhỉ,1
lẽ ra ngay từ đầu nó đéo nên về thì hơn,1
"kiểu như pokedex trong pokemon á hả,thu thập tjn tức :v",0
trong phim đóng tình cảm thế.. ngoài đời lại khong thể hiện đc tình cảm như vậy.. giữ mái ấm gia đình cho con,1
"messi tịt ngòi thì khong đúng, khong có messi thì barca chỉ có 1 bàn thôi",0
"nhà nước vn là một lũ cặn bả, chó má nhất vũ trụ",1
mấy con cá đấy gọi chung là quân đội và cớm :v,1
ý thức của chị nhung còn thua điểm lí của em,1
trần thị ngọc anh nếu ngược lại thì sao con mặt lòn.nếu nó biết bị bệnh rồi đi hiến thì sao. emoji,1
"lão già này đã mở được mắt rôi à, năm 2022 quoay đầu về bờ , đúng là đồ dở hết đường đi. võ ông đánh gà khong tụt lông.",1
thiếu tiền cj hiếu dell trả bớt xạo l đi m,1
cái tập đoàn dacosan rước giặc đây mà,1
thấy mặc quần dậy ai ngờ vào quay mặc quần đuồi bần dễ sợ bần,0
akon giờ béo ú,1
chúc hiệp và hiền hạnh phúc và vượt qua thắng trầm của cuộc sống nhé :)),0
chúng nó soi mói từ ca si đi đái..ngủ gật..lộ vếu..còn tin quan trọng thì đéo dám đưa tin..truyền thông toàn bọn báo lá cải,1
chi 3 có lồng đâu mà chùi,1
đéo thích thì thôi cút mẹ đi )),1
bọn bò đỏ ngu hết thuốc chữa! gdp của vc phải 15 năm nữa mới bằng thái lan !,1
:))) thôi đéo thấy gì là tốt nhất,1
vậy cho hỏi lương ông nhiêu? và ông có mấy chục căn hộ?,0
"hổ ca nhìn là thấy kết rồi , nhưng hổ ca tỉnh hẳn chưa",0
67 nhìn mặt như 97 và sức thì hơn 27,1
cặc,1
nguyễn trọng thái thế m đi tìm cái khối người tốt của m đi,0
quỳnhh hoa bị ngu à t vẫn mang quốc tịch vn và vẫn nói ngôn ngữ vn chữa trị ở đây vn chưa cấm m lên tiếng làm g ? ai chê vn nghèo nàn suy bụng ta ra bụng người à? lo chuyện bao đồng,1
"sủa như chó đc 3 củ còn đ đủ ăn cơm, bọn kia đ làm gì vẫn đc đi định cư :v đúng là kiếp con bò",1
nguyễn thuận ý kiến cá nhân thôi mà thử sáng tác cái mã bố nhà m à ?,1
bảo vệ thì ăn chia rồi. còn lãnh đạo trường thì đang cố giấu!,0
đit mẹ thua cái thể loại này,1
chi ba noi chuyện có duyên wa ah.cho e kết bạn facebook đi chi,0
thích đáng!,1
hội chứng tự hào bở ảo tưởng,1
"mấy hãng trên phù hợp với ăn nhanh, ăn nhẹ, ăn no thì 100k mới đủ.",0
yeah. rất yomost. thà môt phút huy hoàng rồi vụt tắt,0
chui nua di co cho bo tat ngua,1
nhìn đôi mắt và khuôn mặt là biết con người rồi,1
đoàn trung hiếu vãi loinmm,1
định hợp tác sản xuất âm nhạc hay gì v thầy emoji,0
ngu gia truyền,1
nho shee thành trương tâm quốc làm giàu không khó :)),0
thu ha con chó bằng bưởi là của bố bạn à :)))))))),0
"meghan không phải người anh nên việc kỳ vọng cô ấy có thể làm gì cho nước anh, người dân anh hay hoàng gia anh là điều không thực tế.",1
nước trong thì không có cá mà người tốt quá thì không ai chơi,0
tội cho anh ấy tới bước đường cùng rồi sao mà khổ vậy,0
thật khó để tin đây là sự thật. sao có người nhẫn tâm bỏ rơi một sự sống đang tồn tại? chúc con mau bình phục. kính chúc đội thiện nguyên luôn tràn đầy sức khỏe và nhiệt huyết.,1
vi phạm thương hiệu hay phát minh sáng chế là tội rất nặng,0
thăng đần phát biểu,1
không biết anh tuân có ngy chưa nữa emoji emoji mê ảnh quá,0
"đã ăn chay thì cứ ăn thực vật, rau củ quả hạt ... mắc gì cứ chả lụa, pate ...",0
không sợ địch mạnh sợ đồng đội thiếu suy nghĩ emoji emoji emoji,0
linh cẩu,1
bị khùng roi emoji emoji nói tiền nhiều mà giựt tiền cô minh hiếu emoji emoji,1
ước gì hình của đức phật thích ca được phục dựng để thế giới chiêm ngưỡng.,0
"ông khác với các vị tù khác ở chỗ là ông chẳng khổ như họ ở tù, quan chức ở tù cũng sướng.. có trà bưng nước rót, ở phòng riêng, người nhà vô chơi thoải mái..",1
"đoạn đầu nghe chả rõ gì , chắc do mình già roi :))",0
"mọi người quá lịch sự với tên khốn này rồi , cha đứa bé bị đánh nên ra tay cho nó thành tật đi đừng hi vọng nhiều ở luật pháp.",1
hôm nào anh lân hỏi cụ dần có hát được quốc ca chxhcnvn không?,0
đume lấy tiền đô đi đường quyền nó cô emoji emoji emoji,1
trông hơi lúa,1
về 572 gia định mà đòi đất ....kk..già mà ngu vai,1
chưa xem đc tập nào:)) chỉ toàn xem mấy ảnh spoil:)),0
à thì ra vì muốn ăn 150 tĩ nên bán cái lương tâm vốn đã rách rưới để chê khoa học gia nhật !,1
mớ để ý kỉ a mc đẹp trai vừa gì emoji cười cái muốn rụng tim luôn emoji_love,0
đặc biệt là y 1 ng tính trẻ con thì cần phải cố gắng emoji,0
không đeo khẩu trang nhưng tay ông ta vẫn sờ vào mặt ngoài khẩu trang.,0
hi vọng hagl sớm tìm được hlv đủ tầm để dẫn dắt các em.,0
dung la con linh dien dien vua thoi chang qua nt goi de choc my dien thoi con ng nhu linh dien thi ai them,1
biết thế thì im cmm mồm đi. lại còn đòi dân chủ hóa. đm thg tàu nó mà bóp thì chỉ có chết. biết điều nó còn tha cho. bật nó hỏi xem có thg dân chủ nào ở cạnh mà cầu cứu khong. toàn mấy thg xàm,1
vì thế vn bây giờ thua cả campuchia,1
sản phẩm của 1 nền giáo dục thối nát,1
nguyen ong trao giải cho abe là abe vui vẻ hổng qạo liền :))))),0
chị vàng ngọc ít mất dạy hơn chị ba,1
chỉ là chuyển từ không công khai thành công khai thôi :v,0
"cảm ơn các bạn, các bạn đã lan tỏa việc bảo vệ môi trường tới nhiều người.",0
địt cụ chúng nó muốn người dân chở về thời đồ đá mất rồi? như thế này đỡ phải sử dụng phương tiện? địt mẹ thằng nào nghĩ ra cái luật lồn này,1
sao lại không điều tra các mỗi quan hệ tình cảm của nạn nhân ngay từ đầu nhỉ?,0
má c để lại cho c 100 cây vàng c giàu luôn emoji emoji,0
nghèo bày dạt nỏ.bién di me oi,1
vào đây kiếm thóc nè các trò của abe . liên hệ mình để nhận ưu đãi 3tr nè,0
nguyễn huy hanh bảnh không biết bọn icm này sớm hơn,0
14:10 thần quyền môn súng bắn không trúng nha mạ ngừ )),0
mục đích tranh luận là cho cử tri thấy những điều họ sẽ làm cho lợi ích quốc gia chứ đâu phải nói nhau như thế này,1
chắc là quảng cáo sự kiện liên quân như năm nào chứ làm del phải táo quan thatk,0
"bọn chó sư khởi nghiệp này, chúng lợi dụng sự thiếu hiểu biết và tư duy kém cỏi của tầng lớp lao động phổ thông, kém tri thức để trục lợi",1
trời! đọc mà không tin đó là cha của bé! thương con quá trời thương...,0
hô hào tuyên truyền quyết tâm phòng dịch nhiều rồi một số người vẫn cố tình kô tuân thủ cách li ô phải dùng tới nắm đấm thôi.....,1
cho hỏi nhận 1 cái 2 lần thì dc thêm cái j khong ?,0
phải cho tên ác độc này vào tù để làm gương cho những tên khác.,1
chuẩn bị có luật di ỉa nhiều lần phát vì o nhiễm moi trường,0
không níu kéo được đâu. cái cổ nhăn sẽ tố cáo tuổi già.,0
"bởi vậy cái sự bị bịt đủ thứ ở cái đầu của người dân nó làm cho ngu đi như con ngựa bị che bớt mắt để chỉ đi đường thẳng con bò bị tròng cổ để dể dắc đi con trâu bị xỏ mủi để dể điều khiển ,",1
cũng khong ảnh hưởng gì đến ai . dzui mà bạn . emoji,0
mình học theo dị nha hai sấy an diamond hien ma cu pon,0
"chị em nhà này là loại cầm thú bất nhân, yêu cầu cơ quan chức năng xử lý thật mạnh tay để làm gương cho những ai có ý định xấu xa giống vậy.",1
"trường hợp này tôi thấy đi nên được giảm án . pháp luật đúng nhưng quá cứng nhắc . một người cầm súng tới nhà mình tìm 2 lần , người này đáng phải chết .",1
"ông bà mình dạy đâu có sai,thùng rỗng thì khua to quả khong sai",0
tối nay khả năng cao anh độ ngủ ngoài đường emoji,0
mình khong bao h quan tâm đến bầu cử mỹ. mà lần này trump làm quá tốt.,0
thúi nát.,1
"thôi ông ạ. sancho chỉ mới 19 tuổi thôi và tôi hỏi ông 1 cầu thủ trẻ cần gì? cần được ra sân và thi đấu để phát triển, bvb hay mu thì cậu ta vẫn có được điêu đó vì cánh phải mu chả có ai ra hồn.",1
"vừa xấu vừa ác, súc vật bé còn loạn luân với hai cháu. tha thiết mong bản án cao nhất đối với hai con thú này, đồng thời giúp các bé có cuộc sống an toàn hơn. cũng rất mong luật pháp sẽ theo dõi những hoạt động chăn dắt để tránh những tình cảnh đáng tiếc.",1
dong di troi danh khanh dam xe dung be dau . no banh xac . do thu khau nghiep,1
và họ nói rằng đây chỉ là những con sâu nhỏ ..... :v,0
stupid cực mạnh,1
"nói đạo nhái mà đến giờ vẫn đéo lòi ra một đơn kiện. chỉ có các thiên tài âm nhạc các bạn phán đạo thôi, lmao.",1
các nước lớn luôn lập kỉ lục người nhiễm ... quá nguy hiểm .,0
"làm chủ tịch thành phố dễ vậy sao, chắc các cháu tiểu học cũng làm được",1
nh e là đời lên đéo cần e,1
con mẹ mày giàu con mẹ mày... khinh thường ng ta,1
tôi chẳng hiểu gì cả .!!! có lẽ đó là câu ... nói thật đầu tiên trong cuộc đời của chúng .!!!,1
"mịa, bao nhiều đời đéo dẹp được, ông thăng lên được mấy tháng thì dẹp thế đéo nào ngay được, nói ngu vai",1
nghe ô này nói quá lãng phí thời gian. ông tự xưng là nhà tiên tri!?,0
nam triều tiên sắp mất top miss hoa hậu covid-19 rồii,0
"mỹ mà ... lúc có lợi thì họ dung hết xài rồi vứt,",1
"dkm, chan vai",1
"đi soluto nhìn thì có vẻ oai, vui bên ngoài nhưng khóc bên trong . thôi thì chọn attrage cho vui nhà vui cửa chứ rước mấy cái xe hàn về thì khóc hết nước mắt sau một thời gian ngắn . thân ái !",1
bin bin sếp nhà người ta khong làm mình thất vọng emoji emoji emoji,0
xem bực mình thêm,1
việc đéo gì phải nhường nhịn quyền lợi của mình bị xâm phạm mà,1
bệnh dịch vừa xong lại bão. thương lắm miền trung quê tôi.,0
con chó này bêde ah mọi người,1
"đã giải hạn mà khong thoát, chỉ có thể tại thầy !?",0
nhìn mà học tập nguyễn gia bảo cầu thủ hơn tỉ của thầy đấy,0
điz mé thanh niên,1
bèo khùng,1
nimo thông báo thế này moi_nguoi ạ emoji emoji emoji,0
"tại sao có nhiều người, không phải chê mà là chửi :",0
sinh ư nghệ. tử ư nghệ. sống vì nghề mà chết cũng vì nghề. trân trọng lắm.,0
gom hết dòng họ mày lại chưa chắc trả được tiền thợ hồ chứ cất khách sạn,0
nền quân chủ rất quan trọng nhưng gia đình hạnh phúc quan trọng hơn,0
càng ngày càng nguy hiểm không hồi kết ..........,0
có ekip xin đấy hình ảnh đẹp nhưng nhảy như trên nền nhạc bolero,0
quan chuc nha nc lam gi co tien ung ho..chj co tien chon duoi dat thoi...khong gjam gui ngan hang so bj lô. emoji emoji,1
trịnh nam long :)) phát biểu 1 câu cả làng vào chửi,0
đả cẩu bổng pháp của tổng chủ đang triển khai vô cùng lợi hại emoji,0
thêm địa điểm ăn nhậu sau cuộc họp và cách diễn nữa chứ. kakaa,0
"người miền tây lúc nào cũng thiệt tình, dễ thương vậy đó",0
chị ba vàng ngọc là má mày mà chưởi gi chị ba về việt nam! em có bảy miếng đất em cho chi một miếng mà con đĩ hiếu ngu,1
ông già đi thái rồi tối nay talkshow tí nhé anh em ơi:)),0
sao họ khong làm giả giấy tờ để đi vay tín dụng đen nhỉ?,0
cảm thấy chửi lđao là 1 thú vui xả stress do bọn nó quá ngu và nguy hiểm :))),1
biết bao nhiêu vụ chết người bị ém khong thể tả nổi..ở vn khủng bố khong phải là đánh bom mà là giết ng giấu tay,1
đã phát hiện ra nguyên nhân.... gây ô nhiễm là đây,0
trời ơi ! cái con này kêu giang hồ tìm nó đánh cho nó tet mo nó . thấy nó chửi mà ủa gan,1
thế ngày xưa ông nội thằng ad khong mua dâm mẹ nó. thì đâu đẻ ra thằng ad như ngày nay dc :))))),1
sạo lol quá,1
sao khong lấy tên là linh láo lồn nhỉ ae ??,1
chết cho bớt chặt đất.ăn học mà nói ngu như con bò. mà nghỉ tội cho con bò,1
tiến quyết ngọc hiền sang năm gặp nhau ôn lại nhé e emoji,0
tây nó đơn giản lắm.chết vài người có sao đâu. dân chủ vai mà.,1
thật sự mà nói vn mình rất giỏi emoji emoji emoji,0
hết thời xuống núi lấy thun búng l n :v,1
rồi rốt cuộc thì mục đích của người đàn ông này là gì? muốn được ngồi tù? loại giết hại động vật khong có khả năng phản kháng là hèn hạ nhất!,1
mong sao cho gặp lại bayer để trả lại ác mộng vừa rồi không thôi lai quên mất,0
ăn mì gói nhiều có hại cho sức khỏe đấy bác dần ơi,0
v: ai đó giải thích cho em cái gì ló ra đằng sau kia,0
cay vai nhỉ kk,1
tình ngộ chưa ông dần ? ông dẹp lá cờ đi nhục lắm và nói với bọn chống cộng ngu muội rằng quê hương việt nam là số 1 của thế giới nhé.,1
i10 chắc chắn hơn. fadil đẹp hơn. tùy vào nhu cầu của bác,0
thiet la dau dau nghe va nhin canh nuoi vietnam hach sach voi nhau,0
cô nghỉ livestream 3 ngày là biết cô nhìn thấy gì rồi luôn :)),0
tết tây ăn tạm bánh trưng chay vậy cố gắng tết âm emoji,0
tú ông ngu suẩn nhìn mặt và thái độ sặc mùi âm hộ,1
mang cây atm-cao lãnh ra đây cháu đg thiếu sữa )),0
tiki xin hân hành chương trình chân thối của hiếu mập,0
"seltos đi bạn, thời trang, trẻ trung, cá tính. kona như siêu nhân ấy.",0
xong nó bán nước ta cho trung quốc rồi!,1
"lắng xuống là vì báo đài khong đưa tin nữa, chứ nóng thì vẫn nóng nào giờ :(",0
chẳng ra gì?,1
lại nữa àh.... tụi thân cộng nó như sói đói... luôn luôn rình rập,1
chi ba noi dung cho em cai vietheo 200 nha di ba so,0
phong đan ôi xem mv thấy lúc ổng mở cái hủ ra kh vậy bạn êi!!!,0
200.000 hộp thuốc giết người.,1
chúc bác trần dần sức khỏe chứ bác có gì là tụi con buồn lắm đó hahaha,0
theo mình thì treo cổ lên chứ đừng nguyền rủa......,1
ghi ta zô group này rồi sớm muộn cũng bỏ học emoji,0
và nhìn mãi không thấy nốt ruồi huyền thoại ở đâu emoji,0
"cùng ngành và bao che cho nhau,sao biết nó lạm quyền mà xử lý?tôi ở tỉnh xa,đi đến đây bị cảnh sát của ông trưng dụng phương tiện.rồi đợi ông trả xe ở đâu?mất mát đồ đạc,tài sản,xe bị đâm đụng hỏng hóc,biết đâu mà bồi thường?tôi sẽ tiếp tục hành trình,",1
giàu có như thế còn tham.,1
yêu mẹ emoji_love emoji_love emoji_love i love u chu cà mo,0
"đm ad, mày ngon kéo ra đó mà bve ngồi sủa phỏng có ích gì",1
"tuyệt vời, cảm ơn anh vì những gì đã làm đc cho nhân dân, đất nước!",0
duma xem ghê hết cả người emoji emoji,1
trường mk ở mai dịch cầu giấy hn gần đây ựa emoji,0
ông nên từ chức nên để người khác thay thế có thể sẽ hợp lý hơn.,0
đ hiểu kiểu gì :))) sờ tai như cc,1
cần lắm 1 buổi xem phim trước tết b ơi nguyễn trung phim này,0
tổ chức đám tang . toang rồi .,1
cũng hỏi trước khi quay lại rồi đấy chứ emoji tuổi trẻ mà emoji cs tối chỉ vậy,0
phương chân của cụ là : chết cả đống còn hơn sống một mình,0
con nay het thuoc chua roi,1
"khi non nước thanh bình, ta sẽ dệt mộng yêu đương ...",0
trần dần có chết có liên quang gì thế giới vũ hoàng lân phỏng vấn tào lao,1
tẩy cmn chay ngay và luôn cái dn khốn nạn và bọn toà án ăn hùa,1
không quản lý tốt đồ ăn thức uống thì hậu quả khôn lường.,0
"phạm tuong không có cái gì cũng tự dưng lôi anh tao vào , cái thứ dòng đỗn lì , không khịa anh tao thì m bị ngứa tay à emoji",1
cô nói chuyện cười muốn banh bộ đồ lòng dậy đó emoji emoji emoji,0
quá rẻ cho 2 mạng người,1
thằng chó,1
lời cả triệu usd chứ chẳng vừa. làm ăn phải như bát ca chứ.,0
khiếp cái quả mồm của ông đấy chắc huyền thoại cmnr emoji emoji,1
đọc nội quy đéo buồn cười tới cái tên phun mẹ nó nước miếng emoji,0
"tết thủ sẵn 10 cốc dingtea tủ lạnh, đi đâu mà phải diện",0
dit_me việc gì rồi cũng đến tay tao - sói said,1
ở vietnnam tụi nó ăn tiền bồi thường ô nhiễm của người dân. ở việt nam! tụi nó ăn tiền để làm ngơ formosa gây ô nhiễm.,1
chai sting vô đầu nhá thầy cô lập cl à,1
hát dỡ mà hát hoài đuỹ khùng vàbg mã,1
vn net sắp sập mất hoy. dám viết bài phản động ak,0
"xin thưa là chương trình quá nặng so với các cháu lớp 1. đi học cả ngày về rồi mà tối vẫn phải kèm học hơn 2 tiếng ạ. còn đâu thời gian cho các cháu chơi,... con chúng tôi không phải là thiên tài...",1
nguoi ta co xau hay tot thi moi_nguoi biet. neu co hieu khong tot sao moi_nguoi thich. dan ba gi ma cai mieng xau nhu vay cung co nguoi lay.,1
mình lên fc lâu roi mà nó lại gửi tb fc tuần này là như nào??,0
chính phủ nhật xin vái đcs vn 1 vái dài vãi đái :))),1
khong phải chê gì chứ khả năng win của sbtc quá cao. sela kidz clear vs petland toàn những thanh niên chuyên nghiệp try hard vai sao những ông già bên kia chơi lại. còn thầy lồn thì t xin mạng phép bỏ qua khong nói tới coi như sbtc 4 đánh 6,1
"kéo chuột vãi lồn luôn, nó yếu lắm rồi :d",1
"nói xin lỗi chứ chắc năm nay đ c không có con học lớp 1. chứ đc có con học lớp 1 xem đ c có phát biểu kiểu đó không. tôi thách đ c dạy con mà không áp lực đấy, xem con nó tiếp thu khó hay dễ.",1
tphcm trong tương lai sẽ là thủ đô thì phải. vì người ngu sẽ bỏ hết thủ đô hn quá,1
huyền khánh phùng ơ chị mặt nhiều lớp thế emoji,1
không có anh bọn em xem sờ trym làm saoo emoji emoji emoji,0
khong-atm có phải ca sĩ méo đâu mà cho vào đây emoji,1
vỹ an lạc : được quyền trưng dụng....... theo quy định của pháp luật,0
nhin mat con mu nay giong lu tau khua,1
dit_me! qua đợt dịch này thì thằng sống ích kỷ này chắc sớm gia nhập juventuts,1
lâu rồi mới gặp idol chúc idol nhiều sức khoe vượt qua đại dịch,0
một chiếc xe đẳng cấp mang thương hiệu nổi tiếng của đức bmw chẳng có cái gì để chê được.mong rằng các antifan âu mỹ đang cuồng toy hãy thức tỉnh mà cố gắng tuyển em này về mà hưởng thụ để còn biết mà nói chuyện với đời.,1
"có lẽ mình không có cảm nhận tốt về điển ảnh, nhưng thật sự mình thấy phim không nhiều nội dung, không nhiều tình tiết ngoài 1 nội dung bế tắc mà cuối cùng dường như không có 1 kết. phim có vẻ hơi cường điệu hóa,",1
m nói láo chứ ai,1
thống kê sao được hết thực tế có thể gấp nhiều lần,0
tại sao những đứa như này lại tồn tại trong khi những người tốt thì lại bị tan nạn mất mạng vì lũ lụt mà méo do thiên tai gây ra nhể ???,1
những thằng luôn bảo khong quan tâm chính trị thì đây...cái này là chính trị đấy...có bệnh thì chữa bệnh giả...ôm bệnh về người...rồi lúc phát bệnh nặng thì chúng nó đổ lỗi sao khong đi xét nghiệm sớm..giai đoạn cuối roi....gia đình fai nhọc công chăm sóc..,1
trần linh trend của e ... dễ bị cách li lắm emoji,0
vũ hậu ui khỏi ăn luôn vì nhìn em khong biết con nào là con nào :)),0
quan điểm như con cặc!!,1
con này nó làm mất hết hình tượng người phu nữ vn .cảm thấy buồn,0
yêu chi emoji_love emoji_love emoji_love maria veria,0
thả icon sớm cũng bị nói thế giới này thật kỳ lạ :),0
đúng rạch mồm nó,1
"đinh bá trung ơi nếu không có ai đồng ý với ý kiến của mày thì mày nên xem lại đi,1 người cũng đéo có mà cứ cãi. mày hút thuốc trên xe thì tao xịt thẳng vào mõm mày trước khi lên xe chứ đợi mày gây cháy xe nữa à. mượn lời ad tý nhé( thằng lỏng bao)",1
"nghịch dại và thiếu kiến thức cộng đồng cũng như các kỹ năng mềm.đào tạo, giáo dục phải từ những điều như thế này.",1
cháu đang còn nhỏ mà cô chú làm hư cháu quá emoji,0
nay toàn lấy cơ chơi lễ trung thu để đi địt nhau thôi anh ạ :))),1
e cảm thấy rất bất công khi nhận được danh hiệu fan cứng mà khong làm gì cả,0
"sao a ý không dùng lựu đạn nhỉ, tiếc quá, hảo hán chưa thỏa căm hờn",0
"hỡi những con bò hãy cày và nuôi lũ này, mọi chuyện cứ để nhà nước lo emoji",1
có cái db bố mày tin ấy,1
cháu cũng làm con cặc j.,1
"dạy và học đồng bộ, cần đào tạo từ cái gốc đại học và sau đại học",0
mặt trời lạnh - dòngsông băng - đan trường - kỷ niệm,0
đm tao cừ tao ỉa emoji emoji,1
"đại gia đình tôi đang ở mỹ , chắc chắn sẽ có 28 phiếu bầu cho trump!",0
emoji emoji mạng mẽo như cức chỗ các bác có v không,0
ba nay rah wa luc nao thay chui ng ta hoai khug,1
"thấy xong xỉu, xỉu 3 ngày tỉnh dậy thấy xong xỉu xuống ))",0
tú tý tởn cười cái qq à bạn :((,1
hi chui chi vay chi toi cai mieng chi oi au chui minh minh cuoi tru di chi,0
suy nghĩ của e bgiờ :có nên vì tiền mà phá bỏ tất cả... emoji emoji,0
trong các mỹ nhân trên thì diểm my trông già dặn hơn nhiều.,0
liệu có thu hồi được hết tài sản phi pháp không ??,0
sale cc,1
:v thế ông rapper chưa xem bao màn sấy vào mắt bản làng rồi,0
nể mấy đứa cmt kêu ghép : ghép ghép cl nekk chứ ghép,1
me.bon tu ban chua duoi di.no ma duoi ve cut khong co ma an,1
sống chậm lại để yêu thương nào các bạn emoji emoji emoji,0
"ông là anh hùng bảo vệ tổ quốc nhưng là thần chết cho đối phương, nể!",0
tàn nhẫn khong còn chỗ nói,1
xin thành kính phân ưu cùng gia quyến. cầu thầy sớm vân du tiên cảnh .,0
cương đặng con này là con tôm hùm mà thịt chó đâu ra,0
"cho khong mat duoc nga voi,nhung chi 3 an cuc duoc do nha chi 3",1
"không sợ cr không chấp nhận , chỉ sợ nó cười vào mặt mình ý :)",0
"về với tập,ăn banh bao thịt người nhe ha ha h a",1
"hổ dữ còn không ăn thịt con...đồ khốn nạn, không phải con người...đứa bé có 6 tuổi mà đánh bé tàn nhẫn như vậy...",1
thế e thích làm phù thuỷ roi bạn nam phải làm s đây a nhỉ emoji,0
vậy thì luật này vẫn chưa có sức dăn đeđã là luật thì sao không thực hiện đúng.dù đó là ai? và có thế nào thì cũng phải chịu chứ. nếu giam nó 6 tháng rồi tháng thứ ba lại vờ vĩnh bị ốm yếu thế là xong à .,1
khong đáng bao nhiêu mà nhục cho sinh viên việt nam bị nó khinh!,0
le dat tr tr khi mình muốn tán mà có đứa thả thính gắt hơn hahah,0
hãy nghĩ theo hướng tích cực mà bạn ấy muốn truyền tải,0
bản tin rau muống cho hay tham nhũng đã được chặn khong cho dân phát hiện nữa emoji emoji emoji,1
"ừ, thế sao tôi chẳng thấy chưx thiên đường nào thế nhỉ. hay tôi bị mù chữ",0
tâm ngô e khong thích ăn con này. nướng lên ăn có mùi khét khét khong ngon,0
hoàng thu hà táo quân năm nay có idol của ca luôn,0
tnao thiếu iot thế bạn huy minh lương. bạn về nhà hỏi lại con bà già nhà bạn ra ngoài chợ nhặt đc tiền về có khoe loạn nhà hay khong. hay mang tới c.a tôi nhặt đc 20k 50k khong biết của ai tôi mang ra trình các đồng chí.,1
giống mấy thằng biến thái tụt quần show hàng đi lung tung trong xóm,1
bao giờ a nghèo thì a mới biết chứ giờ a giầu a ns cái đéo jk chả đúng,0
"bị thằng nào chơi ác, hack face xong đổi tên face luôn. đáng lẽ phải là s0aj ca",0
tien tri cau tieu,1
"giấy chủ quyền bỏ trong tụng, câu nói chân chất miền tây",0
khúc hương giang dẹp mẹ đi ra tết ai chơi :) để coi tết được dô chơi zới m,0
mình cũng bị lừa vì thấy cmt mua nhìu quá nên mua theo,0
không có từ nào khác để viết ngoài hai chử tuyệt vời,0
"khoan nói chuyện xây cái cổng nhưng thằng add óc chó quá, người nghèo mà mày cái đéo gì cũng lấy ra làm chuẩn để khong đc làm cái này cái khác. bây giờ là cho người nghèo cái cần chứ khong phải bỏ tiền vào mồm người nghèo, khong là nghèo bền vững đấy.",1
nguyễn văn tường nghe nhiều mà t cũng thuộc mẹ nó luốn emoji emoji emoji,0
"nhnn lại có việc , thằng son đổi usd số lượng lớn ra tiền việt kìa . dân đổi 100usd thì nó đè ra phạt 90tr , thằng cán bộ đổi mấy triệu usd có khi xe chở tiền nó lùi vào tận cửa phòng khách ... pháp luật phân biệt đối xử vai",1
ảnh thì đm vô lý mà cáp lại thuyết phục vai anh ưii,0
tường vi rủ xong là khuya roi đó ngủ luôn đi :)))),0
"chúng nó bỏ chạy thế còn hơn nó quay lại đàn áp. trên sách vở lý thuyết thì chúng nó nghĩ chúng nó đang làm việc cao cả và kẻ trước mặt là bọn phản động , nhưng thực tế phũ phàng là trước mặt chúng nó toàn là bà con nông dân thử hỏi làm gì còn nhuệ khí mà",1
ngu,1
tưởng gì - bắt chước trend của mình hồi nhỏ 1 ngàn 9 trăm hồi đó,0
không xâm lược mà giờ hoàng sa không còn là của việt nam :v,0
pen vô thưởng vô phạt có được tính là bàn thắng không fan hề bám hi hi,0
tiên sư trần dần .hỏi 2022 có về vn khong thì cứ nói liên thiên,0
em tìm con linh chửi cho nó 1 trận đánh cho nó bể mặt đi nó hách lối lắm ai nấy đều nhiều người nghét con linh nầy,1
khùng quá chuỵ ba ơi,1
ra ngoài thả hóa học. nước đỏi màu .... lý do quá hay,0
tức nước vỡ bờ. cả một lũ chó hại dân,1
a hihi lũ chó lợn thích thủ dâm ở đây nhỉ,1
trần sang viết đúng chính tả đi rồi nói chuyện heng emoji,0
trần thị ngọc anh hơn giống loài tỏ ra thượng đẳng trong khi chả biết củ lìn gì.,1
tập thể dục mà quên tập ý thức,1
chac chan coronaviruswuhan qua di thi the gioi se khong de yen trung cong .,1
dme 500like còn dc chứ 100 hơi ít a ơi :v,1
and dlv come in 3...2...,1
khùng quá trời khùng.,1
kiếm bạn nữ hợp tác mà chưa thấy mụ nào xuất hiện emoji,0
chết với cộng sản thôu,1
vấn đề là cho tiền ng nghèo thỳ lấy đâu ra tiền cho các bạn ý đút túi emoji emoji,1
"đoàn anh thư dìa quê cũng khong yên, cẩn thận nha cô bé",0
tốt nhất không nên du nhập vào việt nam chúng ta phải giữ lấy thuần phong mỹ tục emoji tôi thiết nghĩ nên chế tạo ra vòng đeo cho cái bọn không chửi bậy mà nhân cách sống như lon ý,1
yêu xa chỉ cần tin tưởng nhau là đủ : oiimeoii mấy má nói dễ quá haa .-.,0
chưa bao giờ đánh giá cao biem. mec thì còn được.,1
sinh sống ở nơi văn minh mà vẫn phải về vn để chữa cơ à :))),0
vai a ưi,1
cai dit_me,1
loại này thả nó và khu bảo tồn thiên nhiên cho về với giống loài của nó chứ ng việt nam ta có cùng giống loài vời hắn dc đâu emoji,1
"myanh tran haha t khong có nha, t khong chặt ai hết",0
trước mê mẩn cô ca sĩ này. đúng thời gian trôi nhanh,0
"dân ở thế dưới vì sao ? vì không dám hành động nên mới ở thế dưới , dân đồng lòng cùng hành động thì mới ở thế trên được bạn ạ , vn mình 1 đảng không như các nước tư bản đa đảng khác ,",1
tủn 3k lấy vd chanel bleu đi giá thị trường 2tr livestream nó bán 200k 300k nhiều lúc tặng thêm chai nửa....bán lần cả lố bây nghĩ đi của ong nội nó đổ ra cho ha gì. lấy cái não dùng đi,1
cô này có xuống 8 tầng địa ngục cũng khong ai tha thứ đâu các bạn ạ,1
dkm chửi hết bọn chó vàng made in vietnam,1
bà khùng điên nang lắm rồi,1
ý thức như l dị đó,1
"giết quách được phát ra từ miệng 1 người đại diện cho pháp luật vn,hỏi đạo đức,trách nhiệm của ông ở đâu?hay ông là loài đv máu lạnh?",1
thầy ngu như chó emoji,1
trường giang ụa . bả biết bả nhiễm s bả đ chịu khai báo cách ly đi . chị bả nhiễm nguy cơ lay cho bả là rất cao . hành khánh trên chuyến bay đó cũg bị nhiễm theo . lớn roi chứ phải con nít con noi,1
chuẩn bị lấy đà tăng giá. tháng tăng 3 lần thì chua quá,1
a ơi a đi chơi chỗ nào hạ long. cho e đến xin kiểu ảnh được không a,0
ghê vãi,1
không nghi nguồn của cô ls tuê hoan à !? hoành hữu hồ,0
đéo phải tiền bọn nó nên nó mới kinh doanh ngu như chó thế. tiền của nó thì nó đã khác,1
thang bong gia ngao da cai lay mieng may nhu cai cau tieu vay do,1
rất tiếc là không đủ số phiếu để luận tội bà carie lam.,0
lợi nhuận quá cao so với nghề phụ hồ như mình,1
ba noi oi ng ta lay ba ra lam tro he.cho ba khau nghiep.tuog dau ba hay lam ha.,1
mẩn phan đọc xong động lực trôi ngược mẹ hết ráo,1
đoạn đó đã đi vào lịch sử! thế hệ ngày nay thấy vẫn tuyệt phẩm ...ok!,0
"phim hợp thời với phong trào chống phân biệt người da đen, nhưng lại phóng đại quá mức chỉ làm cho hận thù giữa hai màu da sâu sắc thêm, không giúp ích gì cả.",1
"lolz mắc cười, toàn 1 lủ ở vùng xa vùng xôi ở ... nói chung là chỉ biết và thờ cái ba đình, đéo làm được gì thì ngậm cái mổm ăn c..c lại, khong nói, khong ai nói miệng thối đâu mấy con chó dlv ạh",1
"chỉ cần chặn từ bức tường vt 17 ,nam bắc phân ranh sẽ trả lời ngay ai cần ai ????? để bk khong phải nuôi nk như bọn chúng từng lếu láo .hiện tại nk đang bị đô hộ bởi bk ,",1
dit_me nhìn thằng thẩm phán nó cười đểu kìa,1
phúc báo làm kiểu ta đây giàu đi chơi du lịch qua mấy vùng dịch chơi ấy mà,1
"dùng tiền ém nhẹm cu ơi. từ nguyên đơn thành bị đơn thôi, 1 người khong thể chống cả tập đoàn được",1
bàn tay em đẹp quá. nhìn chị là đàn bà mà xấu quá..,1
đam mê làm cướp ngân hàng thì tài chính bao nhiêu là đủ nhỉ emoji,0
ba dung toi bac ky la ba toi so rui nhe,1
"thật đê hèn. những tưởng lấy dc 1 tấm chồng để nương tựa, sẻ chia. ai dè lấy nhầm quỷ dữ hại đời 2 đứa con thơ dại. giờ thêm đứa nữa và đứa cháu (con). khong biết rồi sẽ ra sao.",1
đẹp trai tài năng tư duy đỉnh cả đỉnh thầy dell có nha các em và thầy rất tỉnh,0
thật ra bình cứu hỏa china là dùng để xịt mấy thằng hút thuốc lá trên xe. vừa tắt thuốc vừa chống hôi xe nữa . đmcs,1
"đang họp nhưng kín, éo cho phóng viên vào. đm.",1
suốt ngày đi làm ô xin như con chó bên mỹ mà bị đá dập mu 2 lần rồi nên đi đái cũng khó sợ nó nhức,1
chắc các em đầu gấu này cũng muốn nghỉ học lâu rồi... chứ đâu phải chờ đến bây giờ. thật là tiện lợi quá!,1
sạo lol hổng có gì vui nên chúng ta đừng nên sạo lol emoji,1
"ổng tư tưởng tiến bộ lên rồi, hết 3 que roi",1
chạy đâu cho thoát tên đồ tể,1
đm thiên tai cũng đổ do cộng sản ))),1
ông giám đốc này chắc là sản phẩm của cắt đôi bcs,1
"lúc trước thích angelina jolie lắm, nhưng từ sau những lùm xùm về vụ ly hôn thì không thích cô ấy nữa... hết duyên rồi nên chia tay trong êm thắm, sao cứ muốn gây khó khăn cho brad pitt.?! chỉ khổ tội cho mấy đứa nhỏ thôi. :",1
"cho cách ly trong tù đi , giám đốc mà ý thức như ...",0
17 18 trung niên... hết thời thanh xuân! cái giá cho bản tính trẻ trâu và côn đồ!,1
"quang vinh le bọn cẩu tham quan mới có triệu đô bu càng,chứ đám bò đỏ có vẹo gì để bu đâu cụ ngoại bị nhồi sọ tẩy não",1
liệu quan hệ trước khi làm người yêu có heodat và balenciaga không?,0
chuyện tâm linh địt lỗ đít từ ba gà,1
"dương trần cm thế thì tiền thuốc men lại đổ xuống sông xuống bể, lại còn tặng thêm tin cho lũ phản động xuyên tạc",1
nguyễn bảo nguyên z là lâu nay mik bắt kịp trend emoji emoji,0
khiem huynh đọc cmt của bác mà đéo nhịn dc cười emoji,0
"vài cái vở này cứ diễn đi diễn lại thấy nhàm quá, dân nghe nhiều thấy tởm",1
cưỡng hiếp trẻ e ma chi có 6 tháng tù thôi à?,1
"từ khi đâu việt nam thành cái ổ chứa dịch của bọn rich kid ,việt kiều vậy ủa khi còn khỏe có tiền thì sống nước này, nước kia,quốc tịch này quốc tịch kia, rồi tới khi bị gì lại quay về việt nam, kiểu như việt nam là chổ tạm trú á ,",1
đeo hieu kieu gi,1
chua soi hay sao mà con chui túc tiêu qua tay chay luon di moi xl do vua xong la chui nua dung la ngua quen dương cu,1
bạn bị phạt khi chê lãnh đạo kênh kiệu ngu cùi bắp ... không phải vì bạn xúc phạm họ mà vì bạn đã lộ bí mật quốc gia.,1
sao hk tẩy trang rồi nói . tẩy trang tắm rữa rồi live cũng dk mà emoji,0
thăng đit lao nên lam quan chăng thê.cho va cho,1
chó hùa kìa,1
"gi ghe wa vay troi,khong tuong tuong luon emoji emoji emoji",0
phạt nặng là thế nào . bắn bỏ mẹ nó đi . xem chừng nó có âm mưu đó !,1
rồi người đo cũng phải trat giá cho hành động ác độc là vứt bỏ thai nhi,1
em thấy sự hi sinh của cô nhưng chưa thấy đc thành công của thầy,0
chắc các em xơi nốt toán cao cấp bậc đh luôn quá!,0
"chưa có kết quả bọn khong hiểu gì phát ngôn ngông cuồng , giờ có kết quả quả rồi sao bọn nó câm hay trốn đâu hết rồi",1
chán đéo muốn nói luôn á emoji emoji,1
anh lên anh đấy mai anh tính xiên nunu thế nào cho xịn chứ nunu edit vai lắm :)),1
"thượng bất chính hạ tắc loạn. đạo đức xuống cấp trước hết phải đánh giá vai trò của chính quyền trong quản lý, giáo dục yếu kém khong hiệu quả. đéo làm tốt đc thì lui xuống để người có năng lực lên thay thế.",1
"chúc mừng bệnh nhân, chúc mừng y bác sĩ bv chợ rẫy",0
đau ốm bên nước ngoài được dùng thẻ bảo hiểm xh việt nam à,0
thực ra abe chỉ ngồi chỉ đạo thôi bàn phím vs chuột đều là do cường 7 núi cầm,0
châu minh đặng tâm thần có hệ thống,1
quản lý fanpage có đc coi là fan cứng khong anh ui :v,0
chí bảo tên tôi ông eii cảm giác như mình là tội đồ haha,0
mai facebook thầy khong còn 1 đứa bạn nào nữa luôn :v,0
tôi mong đảng và chính phủ sẽ trừng trị nhưng trường hợp vi phạm tôi cảm ơn,0
"ông xạo quá đi ông ơi, nói chuyện tào lao, già rồi sao mà xạo dữ vậy trời?",1
đừng ăn bạn mình...biết bao giờ nước ta mới cấm ăn thịt chó đây,0
"đàn cá mòi quá ngon, trở thành bữa tiệc của biển cả.:vn:",0
chi 3 oi e muon lam nguc giong nhu chi bao nhieu tien vay chi de e biet,0
phú đại gmtv vậy mày vô đây sủa làm cc gì tml,1
"xe tắng thiết giáp đáp lồn má mấy thằng ở trên,cmt ngu vai",1
anh ước gì anh là con gái để đc đi nghĩ vụ quân sự,0
phạm xuân huy không có ý gì nhưng cái nào nhìn cũng trẩu vai emoji emoji,1
lê hà thư cái lol j đây,1
"đúng rồi, thế giới này chỗ nào cũng núp để bắn hết đấy",0
nghỉ phép dc lương đâu khong thế? này là bị nghỉ chứ khong phải xin nghỉ.,0
"khi chế độ cs trung cộng sụp đổ ( điều này đang đến gần bằng chứng là làn gió độc của các cuộc biểu tình ở hongkong đang lan vào đại lục điển hình là thượng hải vào ngày 04-12-2019 ,vũ hán - hồ bắc tháng 07-2019, thị trấn văn lầu- quảng đông 28-11-2019...",1
võ công hoàng cái lon má,1
mình 30tnghiện nước ngọt nặng1 ngày ít phải 4 lon.,0
đi vài bữa rã họng rồi lại lết về thôi mà.loại mất dậy ...,1
"vẽ ai cũng giống nhất là thanh lan và nc tín ,trừ thái thanh.",0
bố m đéo sợ ok,1
"chào anh eng, nay mình cho ông già mình ăn thử kẹo mà mình vừa mua",0
"mulan không đạt được độ chín và kì vọng của người xem. vì đa phần người xem, đều biết mulan sau trở thành huyền thoại có lẽ là tướng nữ lừng danh ở tq cổ xưa, vì vậy hành động võ thuật ở phim chưa đủ sự thu hút. phim bị ngấp nghé giữa hư cấu và lịch sử,",1
bộ giáo dục thì bảo cấm không cho trẻ lớp lá học chữ trước nhưng thử hỏi không học trước mà vô lớp 1 học theo kịp các bạn toi khen thiên tài. nghĩ sao mới học tuần 4 thôi mà đã phải đọc 1 đoạn văn về bài su su 22 chữ rồi?.,1
"thuốc mê thì gây mê , thầy thì gây nứng emoji",1
chi có tim đươc linh loc nhơ đanh nhỏ đó dum em 1 cái nhé,0
con thần kinh,1
còn ban sáng họp giao ban của cục cức,1
nhà con nhung đầu heo rất giàu hãy bắt phạt nó bồi thường thiệt hại..khong để yên dc đâu,1
"lúc đó chị công đức vô lượng ,, trời sẽ phù hộ cho chị",0
vậy hằng năm thuế của dân đóng ngập mặt bọn bụng phệ trong qh nn kìa sao đám quan khong giỏi lấy đó ra quyên góp đi.,1
"chống cự cảnh sát thì hậu quả như vậy thôi, cứ theo lệnh thì làm gì có rắc rối",0
2022về?!?!hài cốt có đc chưa chứ nói gì đến td xuong thịt.,0
"quả thật buồn vì đây là ngày đi học đầu tiên của các cháu, buồn hơn là người lớn chúng ta nếu chịu khó quan tâm kiểm tra thì sẽ hạn chế các tai nạn kiểu này!",1
không lẽ t lại li dị chồng t vì quả đầu ổng tự cắt cho con t à!!!,0
chị ba còn trinh có cây đinh chính giữa,1
chào em ! hôm nay em đẹp lắm luôn . bọn chị ủng hộ em ! em hãy dùng văn hóa chửi - chửi đau chửi đớn con chó linh em nhé . chào em .,1
minh hoàng lần này bọn thái vẽ bo vc ra. lúc nào cũng tâm bo. emoji,1
nè ní. m sai m cố chấp jo m xl à. đào đất ngủ đi roi nhận sự tha thứ,1
tôi mệt đến nỗi ai muốn hiểu sao cũng đk chẳng buồn giải thích nữa,0
biết đâu đây lại là một lý do tuyệt vời của sự thất bại?,0
hy vọng ông chóng khoẻ và khong xem thường đại dịch nữa.,0
tao hỏi thật trang này phải phản động khong tao theo vs emoji emoji emoji,0
bao binh mấy người hay nói đạo lý thường sống lỗi phải không bạn? :,1
"t thề là t rất ghét bọn dân quân trật tự. trật tự thì ít, hạch sách thì nhiều",0
cụ đã tiêng chi cho cụ khi nào về với tổ tiên chưa để con cháu nó chuẩn bị,0
bài này mà mix với cái beat của bài này thì tuyệt phẩm,0
"địt mẹ, kiểm tra nội bộ emoji . giống như dùng tay sục c c vậy ad nhỉ.",1
bậy rồi.. ad đăng bài v nhiều cháu bò lại sồn lên.. phải có liềm tin tuyệt đối vào đường nối chính sách của đoảng trung khựa.. cứ đăng bài kiểu này là mấy cháu bò hoang mang lắm :)),1
"lê tấn tài thế là cày view à , ngu lồn á mày",1
chết mẹ nó rồi,1
chi phí cách ly không là vấn đề lớn với người vn thực sự muốn về.,0
có cái loa phương hữu ích tuyên truyền đến tận bà nội trợ đâu rồi,0
"dân đen ăn lồn hết rồi, đkm :d",1
"tuyên dương a csgt này nữa. đm nhà a, bài bạc gái gú cái đầu bùi gì a cũng biết",1
số ca nhiễm bệnh dịch ncov chưa đạt 20tr thì chưa dừng lại,0
ô thế thằng thớt chưa nghe vụ:chạy 30 tỷ để làm đbqh ah?,0
"phí vai lin ra, thgian bố đợi có khi tán đổ con khác mẹ roii ))",1
thời trang mà dell ra gì.,1
cay vai lew lew,1
rất dễ thương nhưng không dễ thương bằng tùng sói emoji,0
"bán vậy thà bán m10 giá tầm 150tr cầu thủ không ngon lành hơn sao. níu kéo làm gì khi tình cảm bị sứt mẻ, fan m10.",1
"đậu mạ! vịt nôm cái méo gì cũng có thể xảy ra. trốn truy nã tại địa phương 26 năm, làm chánh văn phòng tại địa phương. tất cả là nhờ sự lãnh đạo tài tình của đảng và nhà nước. dân ta cứ yên tâm mà chết dần chết mòn đi",1
nguyễn trọng hiệp rồi sau này mà gật đầu thì xe đâu ra nữa bác :,0
thầy hỏi ba thầy xem hồi còn trẻ có làm gì có lỗi với má thầy khong,0
đừng có đụng tới cô minh hiếu đụng tới cô minh hiếu là fan biết rồi đó emoji,0
trương triều vỹ có gì vui để cười emoji emoji emoji,0
tiktok official mới đầu ai biết ai tự nhiên nhắc ...chó gì ở đây emoji,0
"lương có 7-8tr, không quảng cáo không có sữa uống , cười cái nào:))",0
cũng già rồi mà toàn bị làm gác chân cho vợ ngủ với chỗ sờ ty cho con :)))),0
bạn ba còn gạ bạn thơ vô to lét nữa :))),1
"dịt mẹ đéo báo cong an bắt mẹ đi họp bàn cái lồng,mẹ đi xe buyt mà éo bảo vệ dc khách hàng",1
ae cho phím 1 đuổi abe để cô dolce quay trở lại nào emoji,0
đúng là sói. giống a độ từ mặt tiền đến cả suy nghĩ.,0
hi. đúng chất anh độ có khác. jo e toàn nói điệu giống anh vđái,0
chui e la chjnh xac rui e oi..e nô banh nha xac.khoc gja tao.,1
biết là cái đó đắt nhưng có ai nói cho toi biết nó đẹp chỗ nào khong,0
"ờ thảo nào cứ cán bộ, công an là bụng phệ.!!! 15tỷ usd bay đâu khong thấy.",1
"thích bị hôn chuẩn,nghe thật chứ chưa đc nữa bài tắt luôn,",0
nguyễn phương cánh hoa nhé emoji emoji emoji emoji,0
"electra thiết kế tối giản nhưng vô cùng đẹp đẽ và mạnh mẽ.thay cho nhà toy, alphard thiết kế cho người ngoài hành tinh",1
"óc của thằng ad dc cấu tạo từ cức các loại động vật....bởi ngta chửi ngu như cức...,",1
chuẩn giáo án cặc to,1
điên .,1
"cách đây khoảng 50 năm mình cũng như thế này, nhớ quá",0
cocc không thể bằng cc,1
vietnam thắng giặt thì nhất định phải thắng dịch.,0
nhac nghe chan vai,1
năm nay sẽ trắng tay và bắt đầu thời kỳ đen tối và 20 năm nữa mới quay lại,0
tác hại của việc nói triết lí quá nhiều đấy anh em ạ )),0
địt mẹ mày thằng ngu lồn,1
nguyễn uyên người có tầm nhìn xa và sâu vai. bạn tôi đc của ló đấy,0
"a hi hi , muốn đóng thêm phí đường thủy ! emoji emoji",0
và đây là những đứa đéo có não :),1
"mặc quần short, dép lào bắn súng bắt ma tuý, ca việt nam đỉnh thực sự!!!",0
"không tin trên đời này lại có những người mẹ nhẫn tâm thế này. nhìn bản mặt hai người này chắc không còn khả năng cải tạo, có thể hòa nhập với cộng đồng được nữa. pháp luật nên xử thật nặng để không còn phải đọc những bài tương tự nữa",1
"tôi nghĩ rằng, ở tuổi các cháu mỗi ngày đến trường là một ngày vui , còn cách ông thái văn tài nói ở đây là mục đích giúp các em đọc thông viết thạo sớm, thưa với ông rằng là đến thời điểm hiện tại, tỉ lệ mù chữ nước ta là rất ít,",1
"danh nguyễn cố lên a ơi,chúc a may mắn,em ở hà nội cũng sợ lắm a ạ",0
đm bọn thuyết phục xl,1
vũ thanh tùng chồng con roi tán cẩn thận gãy răng :)). mà bạn ấy chưa j đã vào sủa phun toàn cứt kiếc thì ai dám tán :)),1
chi 3 nói rat dúng. vi chi 3 toan di lua gat nguoi ta de lay tien.kk.,0
phục cái lồn mẹ chúng mày ý,1
"mũi cao, mắt to và sáng, đầu trọc đích thị là tùng sói rồi emoji",0
hy vọng 476 hũ còn lại sớm được tìm thấy người thân.,0
bấp bênh vai thế,1
con này bán nước hoa dỡm t mua 1lan tỡn luôn cỡ 10p bay mẹ. t cho cháu tao luôn,0
"quá xuất sắc, mong tương lai sẽ rộng mở với em đi theo chuyên ngành toán học.",0
nam hoàng chị mình ở bển cẩn thận nha c )) rượu chè ít thui he,0
tuần sau mời dô tiếp đi chương trình. tập của cô zui nhất từ đó tới jo kk,0
cha gì cái hạng này.,1
trẻ trâu việt nam lúc này:,1
vo tuan anh đéo hiểu kiểu gì,1
"cái qq, đem clip đi kt liền",1
thanglon nào cũng từng như thế cacban ạ emoji emoji emoji,1
minh hoàng nó lại top ms ghê vai,1
"cuốn sách này còn không mọi người, mình muốn mua về đọc :))",0
cc ne chu tich. phạt tao đi.,1
nieu mấy bà này sống thật thì phải có đạo đức! mấy bà này khong có đạo đức nói chuyện nghề khong có lót lỗ tai cái đồ quốc gia chế độ cũ bị lật đổ,1
chib3 nay chet khong co nham mat,1
robot mà di chuyển nhanh lại linh hoạt. xem ghê người.,0
quán karaoke này không dẹp thì còn tội phạm dài dài,0
huy hoàng có emoji xuất hiện với tần suất khá dàu,0
vài hôm sau hoài linh lại mất công đăng đàn chửi lều báo thôi -_-,0
càng tới dịp lễ tết hay gì đó là càng muốn về nhà chơi với ba mẹ :((,0
trần dần nói tro sướng cái lỗ mồm .hắn này về vn .thì phải tro ngay vào thường tín hà tây,1
"đây chính là họ giàu, di chuyển và xài đồ thật (chẳng những thế phiên bản giới hạn)! trong khi đó showbiz đâu đấy, toàn nổ, nhưng e rằng chẳng thật! buồn thay, vài ý.",1
vc,1
cuối năm xem gặp nhau cuối năm rồi. tình hình tham nhũng ở mức ổn định emoji emoji emoji emoji emoji emoji,1
lý do 1 đứa con gái chấp nhận yêu xa là thằng kia nó giàu vailou. hết.....!!!!,1
"tin vui ,đang công san vn bi nhiêm virus corona chêt gân hêt rôi hahaha emoji emoji emoji emoji emoji emoji emoji emoji",1
"cái này là truy sát đến cùng rồi, lại không hề có mâu thuẫn từ trước. nhiều tình tiết tăng nặng lắm, tội nặng lắm.tất cả chỉ để thõa mãn bản ngã lúc chém giết, chẳng biết sau ngày ngồi biệt giam chơ ngày thi hành án có cảm thấy đáng không.",1
cô dễ thương quá cô ơi chân thật quá ai lớp du chu cờ mo.,0
nhìn 2 bé đáng yêu quá chúc các con luôn mạnh khoẻ vui vẻ và vượt qua khó khăn,0
ác quỷ,1
moi_nguoi đừng ns này ns nọ chị ấy. khẩu nghiệp mag ts tụi bây quả báo đấy con ạ.,1
tôi bỏ phiếu phản đối cho học sinh dùng điện thoại di động sớm.,0
cương đặng đây là thịt chuột mà nhỉ emoji emoji emoji,0
"nói thì hay, n lúc thực hiện thì chán vãi lồng.",1
ăn sương sương chậu mì tôm vs vài ba con cua hoàng đế thôi :)),0
"1 năm sau đọc cmt của bạn, vẫn còn mắc cười chị 3 ))))",0
quá đau buồn ... mong các cháu bé được yên nghỉ .,0
mẹ bảo mẹ cắt tóc đẹp ăn tết cho vui emoji emoji emoji,0
cứ tưởng tượng đang bưng tô mì ăn mà bão cát ập đến với như xong phim luôn,0
đũng là đ có trải nghiệm riêng nên rất khó emoji,1
"đúng rồi, ngu đeo vàng nó chặt tay thì chết chứ còn gì nữa. dạo này thời tiết xấu, trúng gió độc chết là bình thường mà. cs nghèo chỉ có tiền ăn bánh mì, khong có tiền làm tường chắn gió, dễ trúng phong lắm. mà quan có bao h tham nhũng,",1
xong rồi sao,1
sung ban không trung dao chat khong dut ma tron so covid,0
"bá ý khẩu nghiệp nặng lắm nha,đầu thai ch hết khẩu nghiệp nx",1
cmt nhớ mang theo não nha : (,1
tàu khựa tào lao,1
đã ngu còn hay phát biểu,1
"các tên côn đồ này nên xử kịch khung mới có tính răn đe, xã hội mới an lành được.",1
lai chim ma ơ ngoai đương khong chưng to la khong co nha chi minh hiêu noi đung,0
thiết nghĩ trong nội đô cũng phải làm bến xe chung chuyển khách ra chứ nhỉ...,0
bạn đúng là người cha tốt..thấy hình ảnh và bạn lo cho bé thấy nó vui vui. .,0
"dịch bệnh sao mấy người cứ thích đi du hí, làm tâm điểm của ánh nhìn vậy!!",0
"vâng! xin giới thiệu vs các bạn, đây là ông cao thất đức!",1
anh 3 oi.anh lam gi co lon ma chui.hahaha,1
"đây là 2 con quỷ chứ không phải người. cơ mà quỷ cũng không hút máu con ,cháu ruột của mình thì phải",1
"đau lòng, thương các con quá. nam mô a di đà phật.",0
"trẻ em sinh ra là để yêu thương, chăm sóc và bảo vệ. .",0
toàn vạch đứt thì làm gì có lỗi sai làn,1
giàu quá trời mà nhà cha mẹ anh chị em ở vn khong có lành lặn con cháu nghèo mạt đi làm kiếm từng đồng từng cắt nghe mất ói quá con bóng nổ banh xác,1
"mình cũng đang đứng ngồi khong yên như bạn nè !! bữa bị bắn tốc độ ,",0
"kỹ luật mấy cô cũng tội,tình huống xảy ra quá bất ngờ,ai mà nghĩ được người lớn mà làm chuyện ấy.chung quy nên xử thật nặng ông bố tầm bậy này.",1
từ ngày bác thanh ra đi đà nẵng loạn xì ngầu còn hơn cái bồn cầu giật nước,0
"hoàng công hiếu lỗi thì chưa chắc nhưng đa số sống như lol, đa số thôi",1
xe i10 có cốp sau để đồ và có thương hiệu ở thị trường việt nam lâu rồi,0
a độ có cỗ phần iphone. mà cỗ phần quan trọng nên ms lấy cảm hứng.,0
"thôi xong, nợ càng chồng chất rồi.",1
huyền khánh phùng chị đã nói đúng lại còn nói to emoji emoji emoji,0
nội địa nó lột cái quần xì làm đéo j :)),1
"nhìn cái mặt ông thấy ghen tỵ quá, bực bội không nghe được gì cả. ông làm ơn già đi chút cho a e chúng tôi đỡ tủi cái coi ông bo....",1
"nói gì thì nói nhung khong cố ý , còn hành vi này cố ý lại khác",0
sao đéo quỳ xuống cho nó dẫm lên lưng,1
tưởng tưởng cc. tưởng nhớ để sống lại à. đm,1
"về lý thuyết ông nói rất đúng,nhưng thực hiện ông lại làm rất tồi.",0
bạn bè bên nhau đau ốm đều chia sẽ cùng nhau thì mới là bb,0
3-4tr bán còn 300k đến 400k ... nói xạo nói ngu còn nói cho to ... lên mặt dạy đời bán hàng dễ thương :))) mồm mày ngày thường ăn phải gai tre nên giờ tối lại xộn lào ak :v,1
"nhóm hay quá ,cầu an bình luôn đến với các bạn và may mắn cho các bé",0
page dây gì với cô lê na kính mến thế emoji emoji emoji emoji emoji emoji,0
đào mạnh an bên đó cho tự cách ly và không xét nghiệm nhé,0
ông trần dần tiên đoán khi nào vn sang giải phóng bắc kinh?,0
thằng cây atm hack chứ ai,1
dieu anh do còn việt nam thì cho nhân viên đi thay )),0
"tao mới đọc cm gì xong vậy, tao chưa có chồng mà emoji emoji emoji",0
thật biết lợi dụng người tiêu dùng. hy vọng là khách hàng không mù quáng mua cho họ,1
lại sủa,1
"khong biết năm nay roland garros bốc thăm ra sao. khong hiểu sao rất nhiều lần bốc thăm giải này thì nole luôn vào nhánh đánh sau, rồi vào bán kết đánh sau dẫn tới đánh bán kết 2 ngày, kết quả là chỉ nghỉ có 1 ngày trc khi đánh ck và thua dễ ở ck.",1
"e làm thẩm mỹ đẹp trai quá,muốn làm quen với em ấy!",0
ae cẩn thận đừng lái máy cày sau khi uống rượu nhá,0
mua ertiga hoặc xl7. trường xe dễ lái. tiết kiệm xăng. đa dụng.,0
ca thứ 34 ở phan thiết bình thuận nhé mọi người . sợ quá rồi,0
em cầm cái này phang vào sự chu đáo của anh ba ))),0
lương dân xứ này rất cảm ơn bộ thương mại hoa kì! emoji emoji emoji,0
chậm cái đầu buồi. nhai như gia súc khong biết nhục à ? hả thành phần cặn bã xã hội,1
bạy bạ à nghen úc mới là nơi ung thư nhât thế giới. nói có sách mách co chứng,0
iu nhau khong liếm l...nửa emoji emoji,1
cả thế giới chỉ có cuốc sư là nói con di trùng chứ ai cũng nói con vi rút hết,0
phải công nhận a độ nhà mình lời thoại nhiều thật sự,0
mày im chứ sao làm lại ik đường quyền của cô minh hiếu,0
xe bồn chạy như thể cố ý giết người. giờ ra đường chung với mấy ông này chẳng khác gì đánh đu mạng sống.,1
hư cả một thế hệ..,1
lên youtube mà coi mọi người. thật là tàn ác,1
xa bờ cũng chết ... gần bờ cũng không xong ! chắc lên bàn thờ quá hic,0
9x5 35 vẫn đỗ bách khoa thì các bạn 2k1 không lên lo lắng,0
nguyen hoang quoc bao đoan trinh hình cánh hoa nhe,0
"thật thương tâm, ai là người chịu trách nhiệm?",1
cực kì khuyết tật,1
lý do hôm qua g2 bị sấp mặt và cũng là dự báo cho vòng 16 tuần sau emoji,0
minh nhật chuẩn cmnr. jack tuổi j so dislike :))) haha. khong atm là ca sĩ duy nhất trên thế giới mà khong cần hát mà,1
mình khong hiểu đc đó lại là bánh trung thu,1
"nkyn đừng promote mấy cái này quá, trẻ, phụ nữ , nghe có vẻ hay, bình đẳng, nhưng thực ra khong phải như vậy. quản trị quốc gia cần người có tầm nhìn, có phẩm chất vac năng lực, chứ khong phải thấy trẻ, phụ nữ,",1
chua bao giờ người lại rẽ như bây giờ...!!,1
"trộm vía các con đáng yêu quá, luôn khỏe mạnh và vui tươi thế này nhé",0
tình hình đã tạm ổn. hết mưa hết gió. pv turbo thường trú tại huế.,0
đến cức tôi còn nhìn lần cuối rồi xả nước chứ như bọn hàn quắc đéo bh xem phim,1
ncc,1
nó chuẩn bị dizz thầy thật roi thầy ba ơii ))),1
vai cô 3 vàng ngọc giới tính gì vậy,1
cụ này vừa bị lẫn vừa bị hoang tưởng rồi....,1
cái đ.m idol của e mà a mang ra cợt nhả vậy à : e thấy 2 thằng này mới giôbgs nhau nè :,1
tập come out vui vẻ và tươi tắn nhất mà tôi từng xem,0
bao giờ virus mới về đến nam định đây hồi hộp quá emoji emoji emoji,0
người cao bằng đẹp trai là thế đấy các bạn ạ emoji,0
ngày sinh nhật tệ nhất,1
"nhìn bảng thành tích đồ sộ thế kia, lại còn vượt xa 7 múi nữa chứ!, chẳng trách được fan cuồng múi ghen tức nên anti một cách điên cuồng,.., đẳng cấp vĩ đại như messi thì chắc chắn cậu ấy sẽ còn gúp barca kiếm thêm một vài cái cúp nữa,",1
"mấy con đĩ chửi chị này có tìm hiểu không vậy? bả chửi người ta bả sai nhưng trước đó bà 3 vàng mã thiếu nợ bả, kêu bả chửi người ta, khong chửi thì khong trả tiền. bày đặt kêu khẩu nghiệp, mấy con đĩ hay kêu khẩu nghiệp là mấy con sống chó nhất ấy :)))",1
thật sự rất ý nghĩa . cảm ơn gia đình ông rất nhiều !,0
dụ má,1
nhìn thấy quái đản không đẹp chúc nào .,1
"vừa giỏi vừa đẹp trai, cháu mới 21 thôi mà yêu chú luôn ý",0
"đù cái bọn dlv lại được dịp vào như này mà đòi biểu tình đòi cá . cái dit_me bọn này éo thấy nhục x2 thì thôi chứ, éo thể nào tả được :))",1
nứng chưa ae,1
ôi: đúng là cách sử lý chánh ô nhiễm môi trường của việt nam. các lãnh đạo tài giỏi và tin cậy của nhân dân có cách sử lý ô nhiễm thật khoa học đã giúp pômôsa giải tỏa những núi chất thải mà không ô nhiễm không ảnh hưởng đến sức khỏe và đời sống của nhân d,1
"chúc các anh các chị không phải đi bụi nhé ,hihi,sang năm em mới thi",0
người ta đi vào chỗ nổi tiếng chứ ai giam đi vào mấy chống này,0
lê kiều sương lê diễm tơia bình thuận roi chế ơi emoji emoji emoji,0
thật sự là chị này rất giống con gái... xinh và rất nữ tính,0
"manh động thật. nên án nặng nhất, xử lý kịch khung. chứ khong lại con tôi ở nhà ngoan lắm rồi do bia rượu...",1
"cơ mà cũng phải nể mấy ông cầm cờ thật, dù rất dở hơi nhưng cũng phải nể vì đã tạo nên hình ảnh gây mâu thuẫn tới cấp độ quốc gia (khủng bố chống khủng bố, rốt cục đéo biết đâu là khủng bố thực sự)",1
bán nam bán nữ,1
trời ơi trời ngạc nhiên chưa ông mười nầy ổng quánh người chết bằng tiếng nói của ổng đó ui trời ngạc nhiên chưa ông mười nầy quảng cáo rất rất là nhanh trời trời tám bà chửi khong lại ông ta đó nhé,1
nhìn giống con cặc à nhầm con cua,1
có biết vì sao cnxh xếp sau cùng trong các hình thái kinh tế của thế giới không? vì nước nào áp dụng nó sẽ bị diệt vong cmnr còn tồn tại đâu mà áp dụng hình thái kinh tế khác.,1
đm dlv bơi hết vào đây,1
đây là ở mỹ. còn ở việt nam thì bs nào cũng vất vả,0
đưa về vn bằng máy bay riêng thì nó ở cái tầmm :)))),0
có những người muốn là gã bám mà không ai cho bám thế mới hay chứ,0
i love du chu cà mo. cô ba trả tiền cho cô hiếu đi,0
em thì thích nhất môn này của thầy mong thầy ra khoá mới để em học tập thêm ạ,0
"phải phạt thật nặng bọn trộm chó, bọn này rất manh động và liều lĩnh, sẵn sàng tấn công người dân nếu bị phát hiện!",1
thật đáng buồn cho cách đối xử với các cô giáo,1
rồi f1 có thành auth được khong :))) nói chuyện sai chính tả là bực rồi :)),0
bich miu thợ có tâm vai đó :))) dit_me thợ của t chán đ muốn nói còn kêu tóc hỏng phải cắt hết,1
con nay no khung con hon con linh ca loc nua,1
dờ.... đéo phải đờ nghe chưa thằng hl :3,1
mọi người cho em hỏi cách vẽ như này là cách vẽ gì vậy ạ ?,0
mai tao xin đi làm dân quân xong t đi tìm ra mày giết mày ad ạ đồ phản động :v dlv dạo này hoạt động ghê lm,1
đinh phước cmt trên thì khong thấy chửi ))) mà cmt này lại quay ra chửi ))) chắc là thấy gái nên nứng hết cả buồi nên khong dám chửi bác ạ )))))),1
"coi cai miêng con nho linh loc ,giong nhu cai l bi sung kia ,co minh hiêu chui cho no chú đi",1
lon tuoi roi kok co net gi het kok so dau voi gia dinh sui gia cuoi ha ma,0
"bao nhiêu gia đình tan nát vì cờ bạc, tác hại không thua gì ma túy đâu.",0
cũng thích thật ý nhưng nhug chưa c ai hợp tác a ạ,0
phương noble s sao hk để tóc đen cho đẹp. nhuộm chi vậy trơid emoji emoji emoji,0
cường quyền ác bá !,1
emoji emoji emoji nhìn tội vai emoji emoji emoji an nguyen,0
"ừ, tập trận nhiều vào, khi nào nhờ quân mỹ lấy đc bãi cạn thì post lên nhé",0
"trâu bò chứ khong phải người mà. emoji sức chịu đựng của dân thủ đô thật đáng ngưỡng mộ. hàng ngày họ hít thủy ngân, bụi mịn ô nhiễm, uống nước thải qua đường ống làm bằng vật liệu phế thải trung quốc (ống nước bể mấy chục lần),",1
trời ơi!không biết nói gì hơn!tội nghiệp các cháu!ngày đầu đi học!,0
ba nay choi da qua bi hoang tuong,1
hanh viet tất cả những lập luận viết sai chính tả đều như l,1
hôm trước đi xem mà ghê thật đấy. nhưng mà phim hay cực emoji,0
trông đẹp thế mà khong mang ra thử... bỏ đó phơi nắng à...,0
sợ khong chết vì covid 19 mà chết vì nói khong kịp thở emoji emoji emoji,0
về bờ thôi ae ơi - vì tết có bánh chưng nhân thịt !!!,0
các cậu khong đọc stt à. tôi thấy chửi đúng mà. các cậu thử nghĩ xem đang đi đường có mấy thằng chọi con áo xanh đỏ tím vàng các kiểu cả xăm cái hình to như cái mả bố nó ấy rồi cởi trần đi lạng lách đãnh võng bênh mẹ cả đầu xe lên thì có đáng đút con mẹ ng,1
thu boo xuất sắc ...nhưng em lại làm mấy bạn kia buồn thêm emoji emoji emoji,0
nhiều người cứ nghĩ đạp xe là văn minh. haizz,1
nguyễn trọng thái xạo lol vừa thôi,1
nguoi dan ba dai loan dau co hoi han gi.vua dut nghiep phan to quoc.xong lai di khau chien tren mang xa hoi.tinh nao tat nay.dung rac cua xa hoi.nhin cai mo chui cua co ta nhu cai dit vit.qua ghe tom nguoi dan ba dai loan.dung nen lay quoc tich vn nua .,1
"đ m, thầy giáo cũng sống ảo",1
hay là mình tag sếp vào nhỉ diệu lê thuy nga quỳnh quỳnh,0
"mình là người sống trên trục đường phạm văn đồng và mình rất bức xúc với cách di chuyển của những người đi xe đạp này. mình tin trong số những người đạp xe này sẽ đọc được bài này. và cũng không phải lần đầu báo chí phản ảnh. xin lỗi các bạn,",1
hoài phong sinh ra cái miệng để ăn để nói lời hay khong nói nói cái gì ngộ gke,0
mày ngu vừa thôi ad :)),1
"moá, quái thai",1
loạn hết cmn rồi . hazz .,1
dit_me vòng 800 vòng mới ra vđề mk kêu khong thjx vòng vo. chăk khong thjx vòng it,1
tàu hủ bản lĩnh lấy nick chính ra sủa nữa đừng lấy nick face clmm,1
vừa xem xong and ông độ vẫn cứ là giải trí hhahahah,0
năm nay chương trình tấu hài táo quân dẹp tiệm ! nói về diễn hài chỉ đáng xách dép quan chức việt !,1
nhìn mặt con mụ này hãm khong chịu dc,1
"quốc sư trần dần đổi màu quay về với cộng sản việt nam rồi ! ông đã nhìn ra sự thật vì chính nghĩa khong thuộc về cờ vàng ba que, họ là quân cờ của người mỹ thôi. độc đảng nó có cái hay của nó chứ ! mỹ xoá ván cờ bỏ rơi vnch thì phải ráng chịu thôi !",1
hu hu nhìn mình cứ tưởng quên kéo khoá.hoá ra là kiểu quần như thế,0
mình tín tưởng ở đang va nhà nước mình yên tâm lắm nhưng chỉ sợ những người vô ý thức óc xi măng thôi,1
nguyên tắc bất di bất dịch của nhân dân ta khi tham gia giao thông:,0
"nhìn ảnh khá là vô lý , dòng cap cũng khá là thuyết phục",0
"đm trang này phản động mọi người ạ. thp là doanh nghiệp nhà nước làm gì có chuyện sai trái bao giờ, bọn nó đào bùn lấy cặn đấy.",1
sờ sờ tai cc j đây,1
"em mới đi đường quyền , cái đạp zo miệng thằng bn lun",0
ma mày đau ma mày đau bóp cu ba may sung con cười muốn chết luôn co kim oi,1
bác sỹ việt nam rất giỏi ! xin chúc mừng đến bệnh nhân,0
đây là những con người xứng đáng nhất với giải thưởng này!,0
cứ lấy tỷ lệ comment ủng hộ ở đây là biết tt trump tái đắc cử rồi,0
"nhung những đứa làm kế toán, be like emoji emoji emoji",0
con linh này nói tục khong có duyên đồ mất nết emoji,1
đéo hiểu kiểu j emoji,1
a lại viết sai chính tả rồi phải bỏ dấu - đi chứ emoji emoji (78t),0
ngực nhỏ quá đi,1
trần thu huyền mong là không ai tử vong còn đẩy lùi thì từ từ chị nhé,0
bút thì chả cần bỏ mẹ ra :)),1
oi troi oi cai mo ba xau nhu quy,1
"lũ hại dân rồi sẽ chẳng có gì xẩy ra với chúng còn dân thì vẫn mãi bị đàn áp, đm lũ tham quan",1
vé máy bay giảm moi_nguoi đi du lịch châu âu nhiều nhỉ :))),0
rõ ràng basa mạnh hơn schalke khi 2 lần chọc thủng lưới bayern.,0
năm 2020 2021 hy vọng nha sẽ có nhà tân vô địch!!!,0
và thằng cha bảo: mày xuống xe ngay. mất dạy,1
khong hèn thì lấy cứt nuôi bụng bầu ah?,1
bình nguyễn tối nay tranh thủ đi mai tao lên rồi . bao tao để dưới gối nhé,0
xem phố bolsa chỉ vì nhà tiên tri zũ trụ trần dần,0
"thằng ad phản động chỉ giỏi xuyên tạc đường nối chính sách của đãng và nhà lước, bôi nhọ các anh hùng nực nượng vũ trang nhân dân . hết đặt mìn xe đò thì đặt mìn bưu điện, ném lựu đạn vào chợ vào rạp hát,",1
kim phượng thế con ngu ở hà nội p nó cũng nhảy bông nhông khắp nơi đó p,1
ngủ cung phai ngồi đây nữa ..... kk nc cung ghê emoji emoji emoji,0
"fan anh, nhưng có 1 ước mơ nhỏ nhoi là để kiểu tóc của anh mà méo được",0
gần chết rồi mà nô bo sa hêt người phỏng vấn tê quá,0
khon nan lu tham nhung,1
đợi đợi đợi con cặc thích câu này v l emoji,1
bts cc,1
hình như là nhiều người khong có ý thức nhỉ emoji,0
trương thị ngọc hân ỏ emoji crush mình như củ cải nhờ,0
bắn bỏ nó đê,1
kris nai đéo mẹ )))))),1
các nước phát triển và văn minh họ rất yêu quý bảo vệ động vật,0
"chửi một lần nữa, yêu cầu ad kiểm tra lại cách đưa tin của mình:",1
đầu 2 thứ tóc rồi mà còn bị trẻ trâu levi lừa. emoji,0
chị ba à chị ở bên mỹ chị chửi thì ngt không hiểu chứ ở việt nam là chị chết mẹ chị rồi,1
đu lại có cớ xây sb long thành đây mà. thôi đạp bỏ sb tsn đi. xay long thanh,0
mấy đứa antifan lại bảo anh tao ghép ảnh đi emoji,0
lữ văn thánh như 1 con bò emoji thuyết phục clmm,1
"nhà thì xây rất nhanh, nhưng rừng thì rất lâu mới có đc.",0
mấy người này khong đọc báo hay coi thời sự hả ta,0
hết phượng đổ đến cổng trường : (thương các cháu : (,0
nguyễn thanh phạm hoàng yến khanh thuy pham trang ck ai zayy,0
"nguyễn thị hương bảo sao thuê hẳn chuyên cơ riêng, hoá ra em chồng :))))",0
chắc các tỷ phú dự đoán là ông trump thắng cử nên e dè.,0
có đc mua bút theo size mà giống sixe thật khong ??,0
thùy trang cố nghe hết xem có đoạn nào hay khong ? thất vọng luôn,0
vãi thật :)) lạy luôn emoji emoji,1
"coi như xong các cầu thủ không nên vui mừng quá sớm không khéo lại xôi hỏng bỏng không (lũ chúng nó tiền của nạn nhân chất độc da cam,trẻ em tàn tật,đồng bào lũ lụt,tiền trợ cấp xh",1
đừng có mà tiếp tay cho gian thương đầu cơ tích trữ,0
trần bình an vậy không biết bạn trai của ổng thế nào ha??tò mò thật,0
sao lon,1
cuong quoc toi vẫn dẫn đầu nha toi vs thi thi đc ăn free nha moi_nguoi ơi,0
bơm tiền nhiều hơn đâu chắc đã thắng mà.như 4 năm trước hillary gây được nguồn tài trợ khổng lồ từ nhóm tài phiệt công nghệ tài chính mà vẫn thua thê thảm đó thôi,1
"trước người ta hay sợ ăn cái gì đen đen cháy cháy vì sợ ung thư, giờ thì nó lại cực hot. đúng là hài.",1
mong cho chúng lãnh án phạt cao nhất mới đủ sức răn đe.,0
ủa sao không thấy tỷ phú nào của trung quốc và nhật bản nhỉ,0
fast food về việt nam thành slow food. nhiều lúc chờ chiên gà lâu kinh khủng. _,0
thối nát,1
chủ hàng nghìn hecta team up tôm hùm cực mạnh :))),0
"tầm này mới nói thì còn đéo gì nữa, bọn nó bây giờ đã chết trên sông hương hết rồi. số còn lại may mắn sống sót thì đến chiều nay bị đẳng thức và tích phân đè chết. đm idol",1
tran dan này nhìn hai vai hoi 3 này trần dan phong độ nhất,0
"tôi fan liver đối với tôi: bale, terling, aderbeyor, keppa, pogba vứt.",0
"cầu cho khúc ruột miền trung được tai qua, nạn khỏi.",0
nó lại được vãi lòn,1
hạng mục cầu thủ hay nhất sao lại thiếu m82? trận nào fan cũng dẫn chứng là được whoscored gì đó bôi son môi cơ mà? thật là quá bất công.,1
làm sao cá rời khỏi mặt nước 30 phút mà còn sống được?,0
nói chuyện yêu ghê đó trời.... emoji emoji emoji emoji,0
ghê tởm con bóng già emoji emoji,1
"đặng quốc bìng ý thức như loằn cx chửi, có ý thức cũng kêu sợ bị chửi nên mới v",0
lmcs,1
con chó còn có ý thức....,1
tối nay tầng 7 của gaming house có người ở rồi :))),0
hihihi muốn làm dẹp mà khong có tiền hiếu ơi. chúc em luôn vui vẻ hp xinh dẹp.,0
bố đéo rảnh tiếp chuyện vs acc clone,1
lần nào cũng đưa con robot này lên bìa mặt báo :)),0
3 có một đệ nhất quốc sư như vầy làm sao mà không hẹn nhau tấc nhiêng là đến mùa chuối sẽ cùng nhau về phụt cuốc!?,1
hollywood mau tận dụng cảnh này đóng phim khỏi dựng cảnh.,0
má nứng quá aiu ơi,1
cđ châu md quá tr roi emoji emoji,1
"hoan hô ông trần dần, lần nảy thấy ông khỏe vui ghê.",0
cần lắm tiếng nói của 1 dâm loạn viên,1
đem đưa lên cơ sơ xo thẩm quyền thp bốc phân mà ăn :),1
đúng là đang bị quá tải ở hs lớp 1 . học gấp quá . cần giảm tải cho hs bắt kịp,0
trăm năm kiều vẫn là kiều. đu càng qua mỹ xao lol vẫn hay,1
kay vai đang ngon bỗng nhớ lại mấy chuyện sân si suýt cười ỉa )))))) triệu huy tú,1
"ở xứ thiên đường an sinh xã hội như cc nên nghèo đói bệnh tật cũng phải lết đi làm đủ thứ nghề kiếm cơm khong thì chết đói, trách ông này nhưng cũng đừng đổ hết trách nhiệm lên ng ta như vậy.",1
"1995 2019 vẫn đang dùng đường sắt của thực dân pháp để lại ,",0
có vẻ thuyết phục nhưng rất vô lí vì phụ nữ cần tiền,0
tập này có cô mik hiếu hài quá trời hài... vui ơi là vui.... thương cô ghê,0
ấn tượng sâu đậm nhất về keanu reeves là trong phim ma trận.,0
chẳng biết nổi tiếng đến đâu .nhưng ý thức đối với cộng đồng quá kém.,0
ngô thị hoàng an ngày nào cũng suy nghĩ đắn đo )),0
"thật sự xin lỗi các bạn, con chó tên là thành lê nhà mình xổng chuồng lên đây cắn càn, để mình nhốt nó vào chuồng :( thật sự xin lỗi",1
tại dân thích làm nô lệ .chưa thích làm người .ông trời cho tự do quyết định .tại sao không chịu làm người mà làm chó giữ chế độ csvn,1
hãy giữ nguyên môi trường tự nhiên mà ngày nào côn đảo đã có.,0
"há miệng chờ sung cũng không khó lắm, vấn đề là phải kiên nhẫn.",0
mấy bà bđ khỏe khoang khoác lác,1
cụ nói mỹ xóa ván cờ. vnch chỉ là con cờ trong tay mỹ thôi. cụ điên khùng là bước chuyển giao trước khi đầu hàng cộng sản.,1
không phù hợp. học sinh sẽ khôg biết hệ thốg kiến thức,0
nguyễn thành công thầy cố tình vậy để đỡ mất công biến về đấy,0
acridin lê thu sương nhuận huệ cánh hoa cúc đó nghe )))),0
hot trend nha ce mình khuê huỳnh riyo babie an emoji emoji,0
ba bá dơ :)),1
biết rằng giết người là trái pháp luật. nhưng cái cảnh bật đèn pha ( nhiều khi là đèn ánh sáng trắng ) tôi cũng bức xúc và cũng nổi cơn khi bị ánh đèn chiếu thẳng và mặt. sao không thấy phạt những người này....!?,1
một nam diễn viên hầu như không scandal nhưng lại có một cuộc đời buồn hơn chữ buồn.,1
các bạn cứ mạnh dạn tỏ tình đi. biết đâu lại thành người dưng thì sao :))))),0
"từ trước đến nay, không có cơn bão nào đi theo đường thẳng như thế này cả!",0
"chữ đánh máy một kiểu, chữ viết tay một kiểu. làm khó cho các cháu rồi.",1
hèn gì chúng nó chỉ dám nói là khong có liên quan. cái địt mẹ mấy thằng lớn,1
"bac hai nay tang cho no con virus chinh phu my bot di tien cua lunatic man nay , nguoi dan viet nam luu vong do ho then",1
thanh tú hay thì chắc nhiều đứa ý bị ngắn lưỡi ))),0
đùa chứ nhiều lúc không hiểu nổi cảm xúc hiện tại của mk ra sao luôn,0
tao định chúc mừng sn nó cho đến khi xem vd này emoji,0
nhỏ meo cái đà mất dạy dài hạn thì làm gì. thời cơ tới rồi emoji emoji,0
trời ơi miệng dì mà như cá lóc chùi đít vậy oe,1
"nguoi nay khong con giao duc nua ..khong lien si .khong dao duc ,,",0
văn thủy đây xem cái này đi nghe ổn đấy đổi cảm giác lạ emoji emoji,0
nó bóng mà sao đẻ đc bạn,1
thôi dit_me khỏi làm đi. để dân bọn tao đi ô tô khách cũng dc.,0
gu thời trang gạ địt à emoji,1
nấu nổi canh chua như cái bả lồn vậy ai dám ăn. tao nói hả cái mặt của mày nhìn như trái hủ qua,1
nguyễn đức ánh khôn hơn cả họ nhà m.,1
tôi 100 không tin trump thắng lần 2 nhưng tôi ủng hộ ông.,0
mới có anh công an vuốt tóc chị bán hàng rong mà bê bết máu luôn ấy chứ!,1
be de khung,1
với sức gió hơn 100km h. tôi nghĩ bão sẽ vào đất liền nhanh hơn dự báo !,0
cũng nhờ có quan chúng bây mới khong là 1tỉnh của tàu khựa or làm chó ngoan của mỹ,1
"like avt dùm tớ ạ, tớ trả. cám ơn moi_nguoi. xin phép ad",0
chuyên gia tâm lí giành cho các chàng trai mới lớn emoji,0
tùng sói không phải khá bảnh nên tùng sói quá pảnh ;)),0
báo chí đã khuyến cáo ngừng sử dụng rồi mà chắc họ không biết nên vẫn cứ ăn.,0
lon me no,1
dân đánh trộm đi tù oan quá tự tử.,1
vay toàn lảnh đạo ăn hết cmnr đến lúc hoàn nợ thì đè dân ra đón thuế,0
thích bị hôn trang điểm thì quá đậm. nhìn nữ tính tđn ấy,0
"doanh nghiệp nó sai thì nó bị phạt, còn thằng này thích tống tiền doanh nghiệp thì nó cũng đéo đúng đâu mà gào mồm ăn vạ :)) tưởng ăn đc tiền của ngkhác dễ à",1
"đinh tuyết nhung xúc động quá m ơi, hay hơn học lịch sử nữa",0
người ta là người tình trên chiến trận ở đâu ra tâm sự mai đình,0
"vẽ mắt biếc nè các b vào fb m xem video vẽ nhé, ai mún vẽ thì kb m vẽ cho nhé",0
đẹp trai nhau nhà giàu sao ma bi nhũng thế này,1
"còn mày có con cũng ngu lắm, đẻ con ra cẩn thận đó",1
chúc tộc trưởng. sói và cà chị trang và em bé trong bụng nghỉ lễ vui vẻ luôn a,0
nghe đến chủ apple là biết đẹp trai roi khỏi phải nhìn :)),0
cô 3 em chúc cô 3 nhiều sức khỏe. em nguoi ca mau,0
đi xe máy chứ nhìu khi ở nhà 3 4 chiếc xe hơi thì sao bà chị :)))),0
đừng xả.giữ tích nước mùa khô.miền bắc đã hết mùa mưa,0
khải quân trẻ trâu vai,1
"thớt óc chó, dư lợn viên ăn cám heo, con bò đỏ ngu si..thằng đàn ông rẻ tiền mất dạy..1 con người khốn nạn..",1
"đảng viên thì sao?công khai đảng viên còn hơn lũ 3 nhưng là cộng sản nằm vùng ,đem con mụ nẫm qua chửi mỹ như chó -lũ 3 chống lưng cho mụ chửi ,tao là diện ho mà tao còn khong ưa tụi 3",1
"lưu ý, tên nhân vật đã được thay đổi biểu tượng cảm xúc pacman",0
"đéo liên quan, hôm qua valentine dẫn con bạn mới quen đi vô resort",0
phạm văn lộc idol làm phụ hộ nhiều quá viết sai chính tả kìa emoji,0
giàu thì ở nước ngoài mà chữa bệnh đi cứ cái gì cũng lôi về vn :))),0
đi dự giờ về nhớ mang giáo án xịn sò nha thầy. iu abe :3,0
khong ai. dem. ba. nay. di benh. vien. de ba khung. z. ai. chieu noi. troi,1
p s xin hân hạnh đồng hành cùng nụ cười toả nắng )),0
thằng lồn này chỉ biết tham mu chứ biết cc gì,1
"tâm nguyễn bỏ mớ tiền ra thuê hẳn một cái máy bay riêng , đi 1 mình thì lây ai , lây cho con mẹ bạn à ? thông tin trên google sợt là ra cũng đéo chịu tìm hiểu , vào đây chửi adua phong trào . đạo đức rách mà cứ ngồi đấy mà nói đạo lý .",1
chỉ có bắn chết mấy đứa mà cứ hâm mộ hàn quốc,1
cay vãi c,1
"ngài trump sẽ làm tổng thống hoa kỳ thêm 4 năm nữa để vực dậy nền kinh tế vĩ đại của nước mỹ. trump đã làm tốt trước đó,joe biden chắc gì làm tốt hơn trump.",1
"uầy, nghe thuyết phục thật sự nhưng nó không hợp lí.",0
nghe có vẻ rất vô lý nhưng vô cùng thuyết phục :)),0
"còn nhớ vụ gài đổi 100usd để tịch thu cả tiệm vàng nhà người ta năm 2014 ! làm cho những ai biết chuyện đều liên tưởng đến chiến dịch đánh tư sản x1,x2,x3 của ông nào đó khong đáng nhớ...",1
"đường sắt cát linh- hà đông cũng vậy,dân cũng đóng thuế để nuôi cẩu quan và tàu !!!",1
câm mẹ m mõm lại nói nhiều,1
cũng đéo làm gì cho đời,1
thiện phong t cũng được nghỉ vô thời hạn mà đéo có lương :))),0
"cầu mong ngài sớm bình phục, nhanh chóng lấy lại phong độ điều hành đất nước",0
quản lý fanpage không đớp đc ga thì ai đớp nữa? :v,0
về nước a nên vào tù ở trước thay vì gặp người khác xaolol,1
"tôi cũng như hàng nghìn người đó, luôn luôn ủng hộ trump.",0
"gặp công an mà hỏi, nó có trên facebook đâu mà trả lời",0
nhìn i10 thì đúng là chả có đối thủ trong phân khúc rồi bác ạ,0
"tội nghiệp mới tí tuổi đầu, cơ địa chưa phát triển hết mà đã bị ép gánh tạ rồi. không khéo sự nghiệp đi tong với cục tạ ý chứ chẳng chơi. đến những cao thủ cơ địa lực lưỡng như cout, dem, griez, su..còn phải ra đi trong nước mắt tủi nhục kia kìa.",1
tôi có chị gái gom góp giành dụm cả đời rồi mua 1 căn chung cư qụận 12 ........ tới giờ 4 năm chưa có quyển sổ hồng .chán zz,1
chưa có bằng lái và sử dụng ma túy. đâm chết 2 người.mà chỉ 30 tháng tù ?,1
chậm con cặc,1
nhà tài trợ giấu mặt đã ủng hộ cho rf mua bo trong game đấu này 3,0
kho than ta sinh ra nham dat nuoc nay )),1
"mọi người ủng hộ biden cho 1 thế giới tốt đẹp hơn, tươi sáng hơn.",0
hi em o my em cho chi chi dep qua chi de thuong qua,0
khi ai đó nhắc bạn quên kéo dây kéo thì bạn tụt mẹ nó xuống luôn :))),0
"làm ăn kinh thật, cứ mỗi năm xuất khẩu vài chú dư sức nuôi clb",0
"mới 1, 2 năm đầu làm hlv còn bỡ ngỡ đúng không anh si? : )",0
"tụi toi hỏng dám nói sau giải phóng,chỉ dám nghệ thuật hóa sự kiện sau 75, từ ngày đứt phim... emoji emoji emoji khổ quá.",1
pass chuột phải dài từ hà đông sang minh khai emoji emoji emoji emoji emoji,0
trần nhật emoji m đọc lại cmt xem t ns đúng hay sai mà m ns t như con bò ở quê m,1
"có tiền, có xe mà ý thức thua điểm thi hóa của cháu nữa : ((",1
"click hẳn vào ảnh đại diện xem, e nó cười cái muốn cưới luôn",0
mày biết củ cặc hong :v,1
"mọi thương vụ chuyển nhượng khủng, đình đám đều có tên mu... đứng trước !",0
vận động live stream là cách thức hay trong trạng thái bình thường mới.,0
tị tào lao,1
chi oi cap chung dai e no bu co cai thao lam cho nho duoc khong chi,0
"tuỳ theo cơ địa từng người thôi, không phải với ai cũng như thế",0
đất nước sẽ đi về đâu vs những thằng ngu như admin page này -_-,1
cc abe,1
nghe tới bạn bè óc nổi cục ... ớn xạo lol khong hà .. thứ ăn cháo đá bát em thấy nhiều chị ơi ...bớt giận bớt giận emoji,1
"vào tiết, cô nói hôm nay chúng ta học tiết hoạt động trải nghiệm, các em lấy sách ra. và cô đến từng bàn để lấy sách giúp các em. sỉ số lớp dưới 30 bé còn đỡ, lớp ở quận tân phú 50 em, lấy sách thôi cũng mất 10-15 phút.ok, cô cầm quyển mẫu,",1
nhờ sự cố gắng miệt mài mà giờ chúng ta mới có ngày hôm nay :)))),0
t nghe kể rồi đây là chuyện ma mà mỗi lần t đi qua trường mần non lại nghe tụi nhỏ hát bài bắc kim thang uii sợ vãi lz,1
ăn cực chờ không,1
nguyễn huỳnh anh thư phạm kim ngân ước gì công ty mình cũng vậy :))),0
"đầu năm học mới mà nghe tin thật đau lòng quá, xin chia buồn gđ các cháu",0
bài này t thấy sôi động hơn chứ khong nhẹ như mấy bài trước,0
đéo cho thì nói ki bo cho rồi thì soi này soi nọ . thế mày muốn chúng nó sống sao . miệng chó khong mọc đk ngày voi cứt j củng phun ra đk,1
nhờ thầy mà em cảm thấy mình không phải là đứa chơi ngu nhất liên minh,0
thầy bình luận cho thêm điệu cười đáng yêu của thầy nữa vào:)),0
không có đam mê thì có lol làm đc việc mà kiếm ra tiền :v,0
"thật sự rất tự hào luôn,chứ không chắc mình đói tiếp,cảm ơn tất cả!",0
may là chưa công bố hết dịch không là moi_nguoi sẽ không đề phòng,0
khong co dây gi dài bằng dây kinh nghiêm nên rút hoài khong hêt,0
"ai khong biết nhục thì có thể cười thật tươi cũng được, đó cũng là 1 cách giải quyết khó khăn :)))))",1
nếp nhăn trên não cũng né ổng rồi,1
chào mừng bạn đến với chuyên mục : cười cùng mixi emoji,0
giựt tiền của minh hiếu mà bài đặc xaoloz ở đây,1
ngu thì nhận đi abe,1
đụ mẹ chị witch của tao )))),1
lâm anh vinn toi bảo rồi lon mẹ,1
mến em đã lâu hôm nay mới biết em người chuyện giới emoji emoji emoji,0
"lợi nhuận mới là yếu tố quyết định, luôn là như vậy, mọi nơi, mọi lúc.",0
dạng háng chứ đâu,1
còn cách thứ 2 là chôn sống nó chôn chừa cái đầu nó lên mặt đất đó mỗi khi buồn lấy cây sắt đâm lên đầu nó lòi óc ra kìa mới hả dạ chứ con này chết là hồn siêu phách tán luôn nó khong đào thai đc đâu các bạn àh khẩu nó nặng lắm roi,1
nhàn lê bài này đọc tên là biết chie để khịa thôi.:))),0
tưởng bmw qua mặt mer audi ai dè cũng chơi chiêu này. phạt nặng lên để răn đe,0
giờ mà muốn vô tư không lo nghĩ gì thì chỉ có thể là vào viện tâm thần thuii,0
trần diên dưỡng có cả cầu trượt cho sói với cáo kìa emoji,0
chẳng thấy nó đẹp ở chỗ nào cả emoji,1
minh tuấn đừng chửi t mất dạy trong khi đó là hot trend,0
anh châu cho em xin nich fb cua anh để em đt gặp cô kim nc emoji emoji_love,0
nó chơi luật rừng thì mình chơi luật rừng! mạng đổi mạng! đéo phải nói nhiều! bức xúc làm cc gì,1
một ông bố tuyệt vời! chúc cả nhà nhiều sức khỏe và hạnh phúc .,0
nghe lại nhớ hồi ấy sao mình yêu nhau thế mà lại chia tay anh nhỉ :)),0
"nguyễn thuận cmt 1 cái bị chửi như chó, thôi ráng bữa sau cmt nhớ lắp não vào nha",1
tại bọn lính cả,1
loại bất nhân . nhìn 2 cái mặt là đã thấy con người rồi . thật tội cho lũ trẻ khi có 1 người mẹ như vậy . đề nghị mức án cao nhất cách li 2 con người này khỏi xã hội,1
chac bj dua mat day nao hach nich dang linh tinh thoi..chu dua nao ma ngu hon ca cho moi sua ra cau nay...,1
sao bữa giờ khong ai cập nhập tình hình dịch trung quốc hết v,0
chị dễ thương qa minh hiếu ơi. e iu chị chị có duyên dễ sợ,0
điệp còii vai cáo là ai :)) con anh độ nhé :)),1
"đúng là tru như chóvà cũng chỉ đơn giản là chó hú, chó tru",0
thật là nhục nhã,1
"bọn phản quốc lúc cặc nào cũng than nghèo kể khổ. ngồi nhà cả ngày, soi mói báo mạng kích động bạo lực. bảo sao thất nghiệp với vô học. về xứ cali chúng mày đi. mới xả súng đấy. :))))))))",1
"cầu chúa hãy che trở cho quốc sư trần dần ở mãi với chúng con, mô phật!",0
nguyễn bá quang giống mấy con bò :)) cứ tưởng thế là hay là hài hước.,1
đầy tự hào. ăn ít mới mạnh vậy đó. ad hiểu hôn emoji emoji emoji,0
tính ra chúng nó cũng là dân buô bán thôi mấy ông ơi.,0
bác trần dần trả lời câu hỏi cuối rất hay....rất sáng suốt emoji,0
khùng khí chuột,1
nghề bác sĩ phẫu thuật tạo hình quá khó. khâm phục những con ng này.,0
"sao cứ làm khó làm gì, lấy thước đo 1 cạnh hình vuông là xong!",0
giờ dao kéo thì chưa đẹp mai mốt tới cuốc xẻng mới đẹp như ý,0
đéo ai làm thế,1
thấy thầy ăn nói lịch sự như này em khong quen lắm emoji emoji,0
"vết thương lòng, nếu day đi day lại sẽ không thể lành )))))",0
mất mặt người miền tây .. miệng thì chửi bắc kỳ. nhưng cai miệng thì chữa tục tiểu ha. linh cá lóc .đừng có về vn nữa ha...,1
quyên phạm đựng tag dô mấy cái tục dị coi ta thấy mang tiếng đó huhu,0
"tự hào ,nhưng không tự mãn phòng dịch, việt nam cố lên, tôi yêu việt nam.",0
tao ngại phải dùng cái từ này nhưng mà khong nói khong được: óc chó,1
chúc mừng thành tích của em. nhưng học đến 3 giờ sáng thì không nên tí nào.,0
"nguyễn anh phước t chửn bị nửa lít axit, chặt 1 cái t tạt dô tay liềnn",0
tư vấn nghe có vẻ sai bản chất bảo hiểm quá.,1
"chết mẹ đi cho đỡ chật đất, ngu",1
review đề thi toán chiều nay : phòng thi nóng vai đc cái giám thị xinh và đề cx dễ( hơn năm ngoái ) nên cx khá ok,1
lê vân b này giống mình đẻ xong tóc mọc lung tung toé,0
"trăm mấy chục triệu như con bò rụng cọng lông, như cây me rụng lá emoji ...",0
"thật ra thì nó đéo thích là đéo bh thích đâu chỉ là đợi đợi xem có cái kèo mới ngon hơn , thơm hơn không thoi còn không có thì vẫn có 1 thằng ngu cứ ngồi đó đợi mình , qt ,",1
đkm đứa nào bảo idol trần dần t mắc covid đấy :v,1
chừng nào cái bọn súc sinh này mới tha cho dân vn đây,1
lâm kelly trịêu thiên định ai vậy a lâm :)))))))))),0
"có lẽ hại nhiều hơn. thầy giảng một đàng, trò xem một nẻo, khó mà quản nỗi.",0
với giọng hát của hưng mà trụ tới ngày hôm nay là không còn gì để may mắn hơn,0
"m lảm nhảm cái đéo gì thế, sai lè còn cãi, ở việt nam! cái hay nhất nhà chối tội đổ lỗi thanh minh, từ thằng quan tới thằng dân, sai lè thế kia mà còn lái đi đâu đâu để cãi, chúng mày vác cái đth sương chúng m, còn dân việt nam!",1
no vừa thôi ma ơi . nó nở banh hang giờ...,1
tiên chi trần dần ăn mì goí mà i quyền dẻo nhỉ emoji,0
vài bữa nữa cty lục tỉnh ra thông báo xin lỗi xanh bôn thì lại hài vai emoji,1
đíu ai like. cho thầy đi ăn cắp luôn,1
"họ đang thổi phồng và đổ lỗi cho người mỹ sao? thân ai hãy tự lo đi, đại dịch toàn cầu không chỉ người mỹ, hãy quên đi sự phụ thuộc vào người khác, người mỹ họ giỏi nhưng họ cũng là con người có thể chết vì bệnh tật, bạn mong chờ điều gì?",1
"ý thức người dân như vậy là rất tốt, đáng để hoang nghênh.",0
luật đã quy định như thế thì .. đếch cần một thằng tiến sĩ chuỗi nhu ông.... nghe mà không biết đường phan biên thì sẽ trả lời nhu ông tất ... vô sỉ ..,1
mở mồm ra chửi bắc kỳ rồi lại bị mấy anh bắc tìm thôi,1
"tau vn con bi chia sung,thi tau ngu dan lam dc cc gi.",1
chẳng khác nào hoa lài cặm bãi shit trâu :))),1
cuong quoc thi thi gam pham hôm nay của chúng ta yeh yeh yeh yeh,0
đồn ý kiến vs bác thớt.thằng đó tống tiền đích cmn thực roi ấy chứ.cho vào tù nhanh hộ cái :)),1
trung quốc là 1 bậc thầy về hối lộ. :))),1
cái địt con mẹ m,1
xàm lồn quá thằng bóng ơi,1
cai mieng hay la cai ong cong vay,1
đầu trận hùng hổ vđ,1
vậy mà đọc tweet ngài trump toi tưởng mỹ đã rút khỏi tq hết rồi. ra là đến giờ chưa ai rút mà cũng chả ai muốn rút.,1
"bạn nói chuyện ngu vai thíu đéo gì con mà phải đợi con đéo cần mình .... nó cần bạn thì cho câu tl mẹ rồi đéo phải kêu bạn đợi, mục đích đợi của nó là coi có tz nào ngon hơn bạn không thôi đéo có thì nó mới tìm đến bạn",1
ông bệnh thần kinh mà không hây,1
bùi đức hậuhậu nếu nó cười vào mặt bn thì chứng tỏ bn không phải là j của ngta thì vc dell gì phải sợ chỉ là thích sai người thôi,1
ở mỹ xạo lồn là bóng tâm thần,1
quỹ đầu cằc nè mấy em,1
giải pháp: (1) ngừng ăn thịt chó và (2) xử lý nghiêm các đối tượng trộm chó:-),0
bị đấm gãy cmn răng,1
đúng là ngu dân,1
chó để con linh cá lóc,1
tôi co vang xe lamborini moto 100 000 nha biet thu,0
đậu xanh..,1
"trẻ em chơi với nhau tranh giành đồ chơi la chuyện bình thường sao ông kia nguòi lớn mà khong biết cư xử, khong có một chút văn hóa nào.",1
chế chuyen gioi giong con gái thiet qua nhin dep de thuong qua,0
con me nay an noi lao phét mai mọt bi qua bao nang ne,1
xin thưa danh hài trần tiger việt nam se khong và khong bao giờ đổi màu cờ nhé.,0
vì cô minh hiếu ngồi thôi cũng tỏa ánh vàng roi mà :)),0
cảm ơn nhà tiên tri đã đem đến niềm vui cho nhân dân trong mùa đại dịch này,0
"sao lần đầu giành c1,không ghi đá trận tượng trưng nào nhỉ",0
"vẫn trao bé cho người mẹ đã bỏ rơi bé ư? một người phụ nữ nhẫn tâm bỏ con vào khe tường hẹp như thế là chủ giết bé, vậy mà giờ vẫn giao cho bố mẹ bé là sao?",1
thuy anh m còn nhớ ảnh lớp 9 không??? t bắt trend trước đó,0
ngày tồi tệ nhiều quá lấn át hết những ngày vui rồi:((.,0
"thần quyền ếch vồ hoa mướp! thở quá rồi, huyết áp 300 rồi! emoji emoji emoji",0
thiếu cái mụn ruồi :v đây khôngg phải anh độ taoo,0
nếu đi cao tốc 1000km chắc hơi tốn nhiều tiền phí.,0
việt nam sẽ là nước đứng tóp đầu về nước đáng khinh nhất thế giới,1
"tên này chắc không phải người đâu, làm người ai lại đánh giọt máu của mình như thế chứ",1
ng văn duy cút chỗ này đéo có loại người như m địt mẹ mày,1
"ý kiến cũng giống bác, anh em nào rành tư vấn giúp..",0
trộm chó bị đánh nói sao xui.,1
"1 là người ta không đẹp bằng mình, 2 là người ta xấu hơn mình emoji",0
cái miệng vòi bò nhức nhúc,1
"khổ thật, bão vào chậm nửa tháng thì kịp thu hoạch rồi :(..",0
"chúc tùng , bố độ, mẹ trang và cáo cuối tuần vui vẻ nha :33",0
lại là người mỹ đi đầu trong những phát hiện mới .,0
nhìn bà không thể không nhớ đến các phim phù thủy.,1
"đúng là tuổi trẻ chưa trải qua sự đời , sói said ))))",0
như 1 con bò động đực clm ))),1
khác gì bọn zom đâu,1
còn gượng đk lúc nào thì ráng nha ông. tụi chau bỏ mê game vì. hài của ông á,0
nếu dự định mua xe vài năm rồi thay thì chọn seltos !!!,0
nhìn mặt cô bé phóng viên như thể sắp bợp cho ngài lãnh đạo 1 tai cho chừa ngu người..,1
cái này tao đéo đồng ý,1
"từ phải qua: funkym, người tày, djchip, pino, tlh, rambo, qnt, snake",0
"phương dung nguyễn chị chơi vậy, ai đ chị",1
phe nguyễn phú trọng compat tổng nguyễn tấn dũng )),1
"khùng ,,,",1
"không bất ngờ, biden có ý thức phòng bệnh cho mình và người khác.",0
duma tức ák,1
quy khung. binh quan tuong. ao giac. ba dien. than kinh.,1
có mỗi gong yoo là nổi tiếng đến giờ đóng phim nào cũng hay.,0
cô đẹp quá. khánh chi cười nhẹ nhẹ nhìn đáng yêu dễ sợ,0
"con mình cũng lớp 1 .hôm qua cháu khóc bảo khong đi học nữa hỏi làm sao cháu bảo cô giáo bảo cháu học dốt,nghĩ mà bực mình lớp 1 cho các cháu vui chơi chứ cư ép học giải quyết được ji đâu.cả cấp 1 chỉ tập viết ,làm toán tốt là đủ rồi.",1
lý do phải mang về trong khi có thể cách ly và điều trị bên anh?,0
ông già hay xaolon phết tùng sói said :)),1
nguyễn đình chung dô cái link thầy ghi trên stt đó,0
ngọc hậu cả khối con chực,1
nó thích mình nó đã yêu cmm luôn chứ bắt m đợi làm lồn gì. đợi chỉ là lí do để nó tìm xem có kèo nào ngon hơn không thôi,1
mệt vai )),1
chị ba vàng ngọc giàu quá chi oi cho em xin thẻ đt chi ba oi,0
lí do khoảng cách chỉ là một trong một đống lí do thôi.,0
tham my dien vay choi co cam giac khong chi dep gai,0
"xe mỹ hồn hàn, đừng nên mua. tôi chả hiểu những người nhận xét xe này ngon đã dùng hay chưa. nhưng hãy nghĩ tại sao nó lại là cái xe mất giá nhanh nhất trên thị trường.",1
nói hủy kênh không coi mà biết vô bình luận emoji emoji emoji,0
kay vờ lờ.,1
- không biết gì sao làm bọ chưởng ?,1
đổi cờ hay kỳ gì cũng không đổi cái rẻ rách 3 đâu nha bác :),1
"cứ li hôn là xấu, làm nghệ sĩ thì phải giữ hôn nhân cả đời à, sao lại khắt khe, cổ hủ như vậy, đôi bên cùng đồng ý, chia tay hợp lý, văn minh, êm đẹp, thì vẫn hơn là giả dối gượng gạo với nhau, rồi đến lúc bức xúc lại bôi nhọ nhau thì mới là xấu đó",1
có bác nào có hình nền màn hình destop giống của độ không cho e xin với ạ ))),0
"thế này còn chưa là gì. bên đường mai chí thọ họ còn cử người cầm còi hiệu đi dẹp đường nữa kìa. tới đèn xanh đèn đỏ không thèm dừng, ngang nhiên chạy ra giữa đường chặn xe lưu thông để cho nhóm vượt qua, cứ như là cuộc đua chính thức vậy.",1
"ông này tốt đẹp gì, đi đêm qua lại giữa mỹ và polpot, ông ta cứ xoay giữa hai trục mỹ và polpot, gió chiều nào ông ta ngã chiều đó, ngư ông đắc lợi ...cái chết của hàng triệu người cam trong ít năm ngắn ngủi polpot cầm quyền có tội rất lớn của ông ta.",1
"ở mỹ có xả súng,khủng bố,hiếp dâm,nghèo đói,thuế thừa kế 40 ,bị cảnh sát đàn áp lạm quyền",1
ca nha oi co 1 ba khung bi tam than .kieu no di cau an cuc di......,1
địt mẹ tụi trung quốc,1
amber làm thơ thì phải có vần. còn không có vần thì thôi cũng được )),0
cứ như mấy ông trại tâm thần nghịch kiến ấy nhỉ,1
khon nan,1
cái đứa đăng bài này ngu v chưởng :)))) ( cả cái đứa share bài này nữa),1
mắc tiền vì độc lạ. mong rằng khi ăn được cái lạ nhưng không độc.,0
chính sách ngu dân ngày càng hiệu quả,1
"hàng này mặc thích lắm, xưa mình chưa biết chứ giờ chỉ mặc hàng này.",0
cu tùng xe cái này thì nó sẽ khong hôn anh nữa đâu kk,0
mới 17 tuổi mà có máu côn đồ thế này rồi.một phút lầm lỡ cả đời ngồi tù.,1
con me gia mat day vo van hoa,1
năm nào cũng mua qua cò chứ làm gì mình mua đc. 8h bán vé mà 7h50 vô đã hết vé,0
như quỳnh bận rộn quá các cạu của toi emoji emoji hẹn các cạu ra tết hỉ :)))),0
hoang lan ....thuộc đặc trị corona của ông lan day roi,0
thay vài lần nữa là lứa cầu thủ triệu đôi vừa đến tuổi về hưu,0
hi hi. chi lieu de thuong. con ban trai quay clip rat de thuong,0
cái mỏ của nó cho khẩu súng vào bấm nút cái bùm,1
cái đù má ság ra mò cl j mà vào đc cái page loằn này hay vai thế nhỉ . toàn mấy đkm tháh rãh cmn hág . xin lỗi e hơi thiếu lịch sự tí. e xin xin phép dí buồi vào mặt ad nhé. page hay vai :)))))))),1
thằng ad này muốn ăn chửi đây mà ))),1
"nhìn kỹ thấy bia nhái lại thiết kế đẹp hơn bia thật, có đầu tư nhưng khong đúng",0
"người này là phụ nữ thật hay là nam chuyển giới vậy mọi người,nhìn lạ lạ.",0
"mới 18t mà đã có bằng đại học rồi, quá ngưỡng mộ.",0
"tạm biệt người hùng báo đen, anh sẽ sống mãi với nụ cười ấy!!!!",0
me may du,1
hồ thị trúc phương uak..khoảnh khắc huyền thoại ra đời emoji emoji,0
"chiều xuân rất đẹp, còn hồng nhung tôi không thể nhận ra !",1
"chúng nó quên nhiều thứ, nhưng ăn cướp là việc chúng nó không bao giờ quên",1
"tất nhiên không phải tập tục quy định nào của thời xưa cũng đúng. mỗi thời mỗi khác ! tuy nhiên, không phải tự nhiên mà người thời xưa đề cao sự hiếu thuận ( đưa vào cả luật ) và trong quan hệ huyết thống,",1
rừng bê quá dày đặc (chung cư) mật độ dân số quá đông hiệu quả không cao,0
"khóc rồi, sao thương mấy bé quá. cảm giác đơn độc mà tủi thân vô cùng.",0
28:03 cô đang tính nói thêm cái lkc cắt ngang nên mặt cô quạo haha,0
tẩy chay là xong mõm vs bọn này làm gì. n là ng của cty ấy :))),1
giàu kinh khủng đi thấy ngta xây cung điện chứ chẳng thể gọi là nhà,0
chả thế : ) dc mấy bài nhạc giai điệu lạ h thì hết rồi,0
chưa bao giờ tôi nghe thấy lãi bảo hiểm lãi gửi tiết kiệm.,0
sao toi nghe lời khong thấy hay gì hết vậy,1
uyển nhi sao ưng khong bữa nào cắt quả tóc đó chụp vài bô ảnh nà,0
xàm lồn vậy luôn sao,1
"giống như câu , ngêu sò tranh nhau , ngư ông đắc lợi",0
"người mình ở nước người ta trộm cướp lừa đảo, người ta sang đây làm ăn đàn hoàng thì bị khủng bố, chả hiểu nổi",1
võ thành toàn đùa vs anh là anh bắn đấy emoji emoji emoji,0
với khả năng xấy ak-x6 thì em nghĩ đó là lineup tuyệt vời emoji,0
"không có mane là liverpool thua, kể cả đá ngoại hạng anh.",0
vài năm nữa đi ỉa chúng nó cũng bắt xin phép,1
ngân trần vu dang quynh nhu chiều nay burn real không các em :))),0
chết con đỉ mẹ thầy rồi long cua ơi,1
toang thực sự emoji,1
tết đến bà con sẽ phải vất vả hơn vì phải ra bến sớm hơn trước kia,0
có tiền hay không mới quan trọng tôi cũng thích nhưng không có tiền,0
chuẩn. có nhiều người giỏi cào lồn ăn vạ lắm :))),1
cách li vĩnh viễn khỏi xã hội bọn này đi,1
đấy ông già xạo l n của các bạn được tắm bồn thái lan đấy ))),1
bông khong ra bông trái khong ra trái...âm binh,1
"xưa điểm ngành thấp nhất còn cao hơn điểm ngành cao nhất của bách khoa, chỉ xếp sau ngoại thương, giờ thì lấy thấp hơn cả trường dân lập, đề năm nay dễ, học sinh trung bình cũng nhắm mắt làm cũng hơn 21 điểm mà đi tuyển 18 điểm, thua.",1
"bất tài ,gian lận thương mại đã quá rõ ,đề nghị xử phạt nặng góp phần ổn định thị trường ,bảo vệ doanh nghiệp chân chính và người tiêu dùng.",1
lanh dao cua xhcs phat bieu hay that.dag mat wa nhi!,0
minh phú đm coi nghề của tiến đạt phạm ml nè,1
nhìn chị đẹp gái wá. em chúc chị đẹp mãi trẻ mãi không già,0
"đéo mẹ, mc phan anh có nhận lương từ dân tụi tao khong, hết lòng vì người vùng lũ, còn tụi mày có đứng ra kêu gọi và hết lòng lo cho dân khong hay chỉ là kêu gọi xong đem cúng mồ mã ông bà nhà tụi bây, đm cứ tưởng dân giờ ngu lắm ấy.",1
nhưng tôi lại không hài lòng với những gì tôi đang có,0
ước gì sự giàu có tỷ lệ thuận với ý thức của nhung.,1
:))) đôi khi sang quá cũng tạo nên cái đẹp rất riêng,0
"tiêu hao nhiên liệu tiết kiệm,bất chấp cả đường rừng khong ai khác mr.hyundai !",0
"tiền nào của đó m.n ơi,hay bỏ tiền triệu ra mua xài thì thơm suốt tháng.",0
"nghe câu có cơ hội đòi lại món nợ mà có vẻ hư cấu quá , cả liverpool và bayern hiện tại đều cửa trên so với barcelona , họ khong những mạnh mà còn bản lĩnh",1
khổ cho cháu bé quá vì đã gặp người bố tàn ác quá,1
đạt phạm dcu m đùa dai như tk bố m thế,1
moi_nguoi vô like and share đi mình yêuu tất cả moi_nguoi :vv,0
phương noble s e nhuộm màu rồi nhuộm đen lại hk giống tóc đen của e đâu,0
trần dần. u are supper man. thanks lan u the best,0
trường tao năm nay khịa thêm cái logo thấy mà tức ă,0
đéo hiểu kiểu gì,1
"khong dám nói to đâu, nhưng mình cứ liên tưởng đến nhà nước hồi giáo tự xưng is. tụi mà chuyên đi khủng bố thưởng dân ấy...:v",1
ơ t thấy bọn trẻ con nghịch cái này từ đời nhà tống rồi :)),0
nhật cũng có nhật this nhật that à emoji đất nước văn minh con người được ca ngợi sống đẹp mà vẫn có một vài thành phần như thế thì bảo sao việt nam chả có chị n :)),1
có lon đâu mà chùi .kk,1
nhà lắm tiền thì làm j có ích tí chứ đừng có giống mấy bạn hàn quốc là đc,1
ro lại ghi bàn rồi các bạn fan si ạ ! cảm ơn các bạn đã quan trâm ro nhưng bây giờ thì đừng so sánh ro với si nữa. nó khập khiễng lắm. người ta đương kim vô địch 2 giải đấu đội tuyển và clb. ông vua ghi 101 bàn vân vân và mây mây.,1
cười vô mặt mày một cái... cặn bã ạ... hãy tự biến mất luôn đi,1
vlog: ăn mừng nút bạc cùng team sbtc của thầy giáo ba,0
chức năng của iphone này có khả năng tính toán nhanh như a độ )),0
tôi vừa bán 1 chiếc cho anh rễ đời 2017 giá 100tr đó bạn!,0
"thật sự không hiểu nổi sao còn tồn tại những người mẹ, người cha đánh đập, hành hạ chính con ruột của mình như vậy. thời gian sẽ xoá vết thương trên thân thể, nhưng vết thương trong tâm hồn thì không.",1
người ở giữa hình như là ông chủ tiệm bánh mì và ông chủ đầm tôm thì phải,0
đi học mà xâm hình thầy lol,1
"mới làm từ thiện, hôm nay đại gia cái miệng giống cái hầm cầu vậy, mã cha mầy chạy xe có ngày đâm cột điện nè",1
độ đi thái ăn mì còn tùng ở nhà ngủ vs vợ độ và tùng sắp ra mv,0
"tội chồng tội, đang mang vết tì, giờ khuấy động lên cho người ta biết..",0
tức nhiên là... tức nhiên là....tức nhiên là........,0
nhưng có vẻ lần comback lần này chưa thực sự tạo ra đc nhiều drama,0
anh kiên tổ trưởng đang lập công mừng chức mới đây mà ! bởi vì nó chả ảnh hưởng đến người nghèo nên chăng anh tư vấn cho thủ tướng dựng 2km một trạm luôn cho máu đi anh !,1
"lê trọng nghĩa phục làm gì bạn? phục xong về hít bụi mịn, ăn đồ trộn hoá chất, hộ chiếu chỉ đi được châu phi với đông nam á như bạn hả?",1
du me may,1
này mà lúc buồn xúm lại nghe cô nói chuyện chắc cười chết luôn á emoji,0
xót xa quá...mong các con đến thế giới mới được an yên!,0
pha kéo chuột huyền thoại :))) kẻo tràn data emoji,0
sale cc à thầy emoji emoji,1
lolzz,1
đcm. nó đóng thuế nghìn tỉ thì nó được quyền giết người à con chó,1
hiếp dâm thoát tội nếu nạn nhân đồng ý hiếp lại...dit_me,1
óc chó hi hi,1
"comment nhưng khong biết các bác đưa các quyết định có đọc khong? riêng bản thân tôi hoàn toàn phản đối việc học thêm. con tôi mới học lớp 3, ra khỏi nhà lúc 6h 30 đến 5h30 mẹ con mới gặp nhau,",1
minh hiếu có cặt linh cá lóc có lồn 2 đua bay loạn luan di kiếm đứa con nuoi,1
vai mấy thằng liệt não )),1
nó làm gì kệ mẹ nó đi,1
top1 ca sĩ nhưng khong biết hát :)),1
vụ án quá nghiêm trọng mà có 30 tháng tù là sao hả trời?,0
nguyễn khánh nghĩ chán vlol,1
treo lưng lững mới hay. giống vừa xã nghĩa vừa giãy chết vậy.,0
mô phật :)))))) trâm mai phương mai khánh ly thủy tiên,0
móa đang ăn bún mắm xem bài quyền tao cừi sặc emoji emoji emoji,0
ôi con đàn bà ngu hại nc hại dân....giau thi kêu bố m xung tiền vao công quỷ để phòng chóng cái tác hại cua m đi con ml,1
dự án được chấp nhận thì bđs phú mỹ lại thiết lập mặt bằng giá mới.,0
đĩ mẹ nhà nó emoji,1
"hay là cái tụi du côn, cô hồn các đảng đó là tay sai của chúng mày !?",1
sa sỉ phẩm khong đánh thuế mạnh thì để làm cc gì :v,1
tiền phòng dịch nhà nước đang dùng ba nó góp thuế không ít đâu bạn.,0
biết gì đâu con tinh trùng khuyết tật,1
xạo l,1
từ giờ đến cuối 2020 sẽ khởi công cầu cát lái. tôi tin là vậy,0
phi trần vừa coi vừa ngủ đm nghĩ ló chán :)),1
khong thể hình dung được lương tâm họ như thế nào. cơ quan ca cần giáo dục để họ có lương tâm chính chắn hơn,1
đinh ngọc anh mình thấy đẹp là được b ơi khong qtrong ng khác thấy ntnao,0
"mee too, nghe trên đt thấy dở tệ gắn thêm cái loa lại thấy cuốn",0
đu làm gần chục năm mà vẫn chưa có nổi căn nhà emoji,0
"mấy hôm trc đăng bài thấy hay hay, nhưng cái bài này là đéoo ưa nỗi ròi",1
"vào quán nhậu là để giao lưu vui vẻ, nào ngờ cà khịa chém giết nhau, thật buồn vì nhóm người ngông ngược này. cần xử thật nặng.",1
"thái độ trận mở màn bundes đã cho thấy,bayer muốn lấy nốt chiếc cup này !",0
nguyễn nhật long vai nắc,1
qua page comcom xem dân vn cũng có nhiều thằng ngu tương tự đó :)))),1
mặt độ trông buồn cười vai kiểu con ơi cho bố cầm ms kk,0
đàn ông gương mẫu 3:) iu vk thương con thế là cùng,0
"đất nước hạnh phúc nhất thế giới là người dân ngày đêm cày kéo làm để trả nợ thay cho lũ ăn tàn phá hoại đất nước này . muốn dân hết khổ thì cho vài ba trận đá banh thì dân cứ bão với lũ là hết thôi ,",1
ánh mắt vừa nói vừa phải nhìn xem vợ có nhìn thấy khong đáng yêu vc :v,0
"1 con phố đang xinh đẹp, nề niếp bổng thằng chó ad nó ỉa trước cửa nhà nó. người ta khong cho, nó bảo ỉa như thế để tạo mùi thơm cho khu phố. nó thích sự khác bjệt là thế",1
"hà lội không vội được đâu, hít ôxy thiên đường như chưa từng được thở",0
trong lúc phòng loamk hết cả lên thì panda thái đã sinh ra 1 em bé :)),0
huhu cô của con đẹp quá mà dễ thương quá trời luôn emoji emoji,0
mọe cái loại trai đéo phải nữ cũng không. xàm lol quen,1
"cho xin cái link game nhé, cố gắng dành cái bút làm đồ chơi",0
coi chừg ad nó chào thân ái và dí đái vào mặt m giờ hỏi như thế cũg hỏi thì dĩ nhiên là...oh mà tao cũg đéo biết :))))),1
cởi mẹ đi mặc khó ưa vc,1
bán 1 cái đảo giá 1ty ndt. thật khong thể tin nổi,0
con cac,1
nguyễn đăng khoa burn real là gì dit_me đọc méo hiểu,0
rồi đeo hiểu nghĩ con cac j. chấp hành vừa tốt mình vừa giúp nhà nước. h lại thêm quản phạt vs ngồi tù nữa thì hay,1
đan vy đăng đặng thái tuyết hồng ai thấu bằng cô hồng :)),0
bọn chống cộng đã già còn sợ chết,1
nguyễn hoàng anh tú huhu sợ qá.khong chạy grap nữa.về phog ăn ngủ đủ giấc,0
"thiên minh khong biết đọc hiểu à, trong 14 ngày phải cách ly tại nhà , cậu tiệp này chạy tung tăng khắp thành phố ( tổ dân phố tới kiểm tra nhiều lần khong có nhà và có rất nhiều nhân chứng,",1
"quỷ, hai con quỷ!",1
"nhiều lúc nhớ tới quân tự nhiên cứng đờ, không ra luôn. khiếp vãi",0
km.ịkkilj 8năm the nao co ai đó đã làm được điều 8888uupokl có một 89phút 99,0
nguyễn vũ thùy vy :)))) thái tuyết hồng nhà mình ít nuôi heo lại đi hé :)))),0
cứ miết dần mất đi tình cảm roi chỉ vì 2 từ đó thôi,0
"mỹ cũng xả thải, ô nhiễm môi trường như ai",1
khánh phương mang theo câu hò điệu lý với dòng sông,0
toi thấy chưa vào lớp 1 có nhiều bé đã đọc được viết được rồi. là những bé đã học trước con bé nào chưa học trước thì theo sao kịp. cải cách càng nhiều học vẹt càng nhiều.,1
đến xin lỗi mà cũng khong đúng người ..! .xin lỗi mấy anh giao thông chi ?,0
phan linh nó họ bùi ý thức như đầu buooi là đúng roi,1
thành quả chống dịch của việt nam được củng cố vững chắc !,0
pr vc tộc trưởng ạ,1
"hơn 10 năm rồi tôi chưa hề đụng tới miếng bánh trung thu, nhìn thì khong hấp dẫn mà giá thì mắc, còn loại rẻ thì thôi nuốt khong vô.",1
cuối tuần này chắc được ăn cưới rồi. khong bị hoãn kèo như bữa trước.,0
thinh hoang may là izakaya ở nhật chứ ở houston chết mẹ t:)),1
oh shjt,1
cạn lời những người làm cha làm mẹ như thế này loại gì chứ phải con người,1
khanh nguyen :))) đau hơn là khi mình chặt đc con heo mà nó lại nói từ từ,0
long công tử dạo này có hay đi đá phò tdh nữa khong vậy emoji emoji emoji,0
cũng đã đến lúc những người làm công tác bảo vệ an ninh.các khu phố cần vào cuộc. vì hình ảnh của đất nước không để mấy thằng lưu manh làm mất mặt được,1
bác sĩ chữa khỏi bệnh cho một người trả tiền cho bệnh viện nó khác.,0
"đất nước mình như tảng băng chìm. loạn lạc quá! ba mẹ đi làm quần quật kiếm tiền , các thuế phí xăng thì tăng vùn vụt mà lương thì không thấy tăng, con cái đi học thì bị bảo vệ thầy ..bạo hành, lạm dụng td. bị phát",1
mình cũng ghét cái bọn con trai làm mất thời gian của con gái vai :))),0
càng tiến càng lùi. càng nâng cao thì mấy đứa nhỏ học không có thời gian nghỉ.,0
con rồng cháu tiên sợ đéo j con virus này,1
ngô phước minh mặt thầy tựa tựa binz sao sao ấy có nào như tao không?,0
ngoài mình kêu con này là cua xanh tên khác là cua chó bởi vì nó dữ lắm,0
chán anh vai,1
rõ ràng rành mạch biểu cảm tốt giọng có cảm xúc xuất sắc 10 về chỗ,0
đéo mę vàng nģoc cái đéo gì láo phét.sąo ke.đįt.mę tųi dân trung quőc nó chôn sőng nį. bây giö đây.đéo mę dân làm nail. mà sõ lá. lo la lên mąng. nói là sőng mãn đöi trên nhung lųa cái đéo gì.dân chó đéo. sőng gïa tąo thì có.,1
quá khốn nạn và nguy hiểm.,1
"trông khổ vãi đái, mong bác quay về với tổ quốc emoji",1
cho đi cách ly 14 năm cho nhớ .sống thua cả con vàng,1
chơi cái đầu bồi emoji mất hình tượng vc ông ạ emoji,1
trông anh có khác đéo gì thằng shipper cô độc không ))))),0
thấy tính cách em cũng hiền lành dễ gần. chúc em vui và hạnh phúc!,0
lê khánh an kệ ng ta việc nhà mik là giữ top emoji,0
dlv dlv dlv 1 ổ kinh tởm thối tha hèn hạ dit_me nó khoá cmt khong thì zô chửi cm nó roi,1
cái hàu ob này có dành cho trai cong như mình khong nhỉ,0
nhìn có vẻ mắt iphone nhưg thật ra là mắt mixi emoji,0
"thằng ngu lồn ad này google không tính phí đâu, xem lại không phận là cái gì đi",1
bộ trưởng quốc phòng hèn nhất ls vn,1
thằng hề diễn trò cho mấy con lợn mặt nọng ngồi cười,0
lê anh duy bên bển có thường đi bar đi búp quẩy tung chảo gì không,0
ôi hoàng tử hãy tha thứ cho thầy của em bị dính lời nguyền,0
"em sẽ hay học hơn nếu lớp có những bạn nam khoẻ,dai sức,... :3",0
toàn những ông vua khong ngai nhưng đầy quyền lực và đặc biệt rất giàu..,0
chào thầy ba girl emoji nứng vai,1
lo mà phụ mẹ giúp cha cực kì thuyết phục mả cha chúng mày,1
răng minh hiếu làm ở đâu đẹp mà trắng quá xá đẹp lắm nhé,0
nếu không chiếm moi_nguoi thì cs bake sẽ chết đói ở ngoài vĩ tuyến 17 như là bắc hàn hiện tại bây giờ. nên khi chiếm được moi_nguoi rồi thì cs sẽ thu tiền thuế nhiều như là chiến phí giải phòng moi_nguoi!,1
dị ứng với thằng cha này quá,1
làm vậy thì bộ não học sinh chắc bị liệt quá ! cái gì không biết không hiểu là lên google tìm và chép . lợi ích ở chỗ nào ? cá nhân tôi thấy khá bất ổn .,1
"chỗ tôi công nhân xây dựng cứ rảnh là họ đi giăng lưới, hái rau",0
căm phẫn. không biết nên dùng từ nào để miêu tả về 2 con quỷ này nữa.cách ly khỏi xã hội những thành phần này đi.,1
thấy ngta chỉ trích bắt đầu đổi giọng. kịch bản là đây ! emoji,1
phải làm gắt gao ngay từ sân bay kẻo ra cộng đồng thật nguy hiểm :(,0
yếu đuối vai thế thì sao bước qua nổi sóng gió cuộc đời emoji emoji emoji,0
du cho lam phuoc ma chuoi nhu vay cung bi khau nghiep,0
nhảy ổn như mạng nhà t emoji,1
"bảo quản không đúng quy trình,còn đi kiện họ.phạt cho thấy mẹ ra.thử hỏi mua nước về,để trong khó nhiệt dô quá cao,độ ẩm quá lớn thì hỏi chất lượng nào chiệu nổi. thông minh tý đi bà con ơi",1
lại một thằng óc tôm.,1
những chú dâm loạn viên đâu toi muốn thấy cái mõm chó của mấy bạn,1
trâm trâm từ vụ linsied chị đã nhận ra hắn rất giỏi sủa,1
"giờ ngân sách thu được ở địa phương nào thi chỉ chi tiêu cho địa phương đó. saigon là nơi nghèo đói, vì bị bọn mỹ ngụy kềm kẹp, bóc lột lâu năm, được cs vào giải phóng, cứu đói, cứ để cho nó thu bao nhiêu xài bấy nhiêu. không đủ chi thì kệ saigon,",1
idol. viết vậy là chết con đĩ mẹ người ta rồi,1
tự nhận mình là thằng mặt heo,1
chàng trai mũi thò lò lớp 3c kim liên :),1
"con tôi mới học được 3 ngày thì vội vàng cho con đi học thêm vì ngày nào cô cũng nhắc con lười viết . tôi nói hết học kỳ 1 mà con chưa biết viết mới cần lo, vì con tôi không đi học chữ trước nên chậm là đương nhiên.",1
bà điên đi lang thang,1
chinh ủn :))))) chắc ai đó sẽ cần emoji emoji emoji,0
con này nước ngoài người ta đang lên án nó: con rối của phe cánh tả(thủ đoạn luôn là đánh lạc hướng và che mắt tình hình chính trị tg) nhờ những buổi tuyên truyền mà gia đình nó ngốn cả đống tiền. mà các nước ô nhiễm như tq vs ấn độ thì đéo bao giờ ghé tới.,1
con đi gia,1
ánh sáng của đảng sẽ giết mày,1
"đi mô chú ý khẩu trang, bao tay cho chắc ăn nghe m thảo kim",0
không ai như anh mình du lịch khi chưa nghỉ lễ xong nghỉ lễ thì ở nhà sờ chim,0
"chúc mừng con quỷ này facebook nó bị hacker việt nam đánh sập rồi,toàn bộ đồ mua để bán online nó để ăn rồi kk.( thực ra nó là phụ hồ nhé ).",1
đúng...ng việt nam rất là xạo lồn nghèo mà nổ lắm,1
"page riết rồi như lon. nội dung thì chỉ hướng đến đã kích người khác. ăn nói thì nhảm lon vai, biết cc gì về khó khăn người ta gặp phải mà bày đặt ý kiến. nhớ ngày xưa page này quần què gì cũng chửi dc, nhưng mà chửi vui, chửi giải trí.",1
sao không về penunited để sút pen ghi bàn lập kỷ lục hè?,0
hô môi dầy thất học vô văn hóa linh cá lóc cóc emoji emoji,1
"cách đây cũng 1 2 năm nghe tin đứa trẻ sinh ra đã cõng 22 triệu giờ 29 triệu , mấy ông đi vay tiền để tăng gdp à ))",1
khâm phục bố mẹ của em này. mà trời khong chịu đất thì đất phải chịu trời thôi,0
vì mèo tôm em có thể lăn lóc bò trườn để đc xem:((,0
quả nhạc thốn đcđ,1
td nguyễn trong khi cô trong clip chỉ đi con xe hơi 600 mấy chục triệu và là 1 trong những thành viên đa cấp chứ khong giàu cái cm j,1
5 tp lớn mà 3 tp đc như đà nẵng. vn sẽ chuyển hướng,0
má ơi.con nha ai xinh thía emoji_love emoji_love emoji_love,0
a giờ già roi có hiện rõ những vết chân chim emoji,0
thùy promise nghe hư trúc nhưng lại rất mộ dung phục à emm???,0
a lúc nào chả xạo lon emoji emoji,1
"thăm dò toàn thiên vị biden, kết quả bỏ phiếu sẽ ngược lại y như năm 2016 thôi.",0
chúc con bình an giữa tình yêu thương của bao người!,0
"ng bỏ công người bỏ của. đệt mệ kêu mấy anh bộ đội quyên góp 500tr đi thì khỏi làm, còn khong có tiền thì bỏ công, so so cái quần đùi.",1
con điên này ghê,1
nguyễn công phục cái máu lol,1
đm thầy emoji,1
mỗi người dân ta phải đoàn kết và đại đoàn kết. thì sẽ thắng được covic19,0
thỉnh thoảng lại có địt con mẹ nghe hay vãi lon,1
trump bệnh rồi. khỏi tranh luận nữa.,1
mạg ng rẻ vậy s?,1
"má nó vào đọc vnexpress toàn lũ bợ đít cho chúng nó khong,chúc mừng đồ,lạy mấy cô hồn.",1
minh hieu khong thich chi noi vay ?khong can tien cua chi đau.,0
hat nhu lon emoji,1
trả lại để ông khác còn ăn chứ chia sẻ cho nhau là hp mà dis,1
cô duyên quá emoji_love ai lớp du chu cà mo emoji,0
chúng mày đốt luôn đi cũng kệ con mẹ chúng mày,1
nam phạm hoá ra là mình đang theo trend đấy ư??? vãi thật emoji emoji emoji,0
nói thế đụng chạm bác em nha! ở xứ đông lào bác em luôn đi đầu khi có tiệc tùng đó. chớ khi ra quân là bác trốn mẹ trong hang pác bó. cải cách ruộng đất là bác có bí danh cb ( là chó bò) giết người rồi đổ tội cho người khác.,1
"reveiw thác bản giốc phong cách độ mixi, cười tím người :)",0
"quê tôi gọi là con ốc chân, cái tên rất đúng với con này",0
"tôi không xem đâu mọi người ơi. chỉ bình luận thôi có được không. nói thật ông trần dần này (tôi cố tình không viết hoa để thể hiện sự tôn trọng với ông ấy) . một con người đáng khinh. ảo tưởng không tự nhận ra mình là ai một thầy mo đúng nghĩa,",1
"hốt ngay đi bạn, còn chần chừ gì nữa.khối anh toy đang thèm đấy.",0
sai vai,1
"anh tiệp chất quá khác hẳn lúc trong viện, hơi xập xệ :)))",0
thất vọng về xã hội này khi mà sáng mở mắt ra thấy:,1
cầu mong cả hai ngài bình an chứ nếu mà ...thôi không dám nghĩ...,0
toàn chó đàn,1
ước gì thu giangg add friend iloveu dấu bé ba :3333,0
cô minh hiếu thật sự rất dễ thương mãi mãi yêu cô emoji emoji emoji,0
trung bóng dơ,1
"thằng viện kiểm sát kia con cười, thằng chó",1
"ghét nhất suốt ngày nhận những cuộc gọi mời đi hội thảo, rồi mua bảo hiểm này nọ. ghét kinh khủng khiếp!!!",1
"cướp đêm là giặc, cướp ngày là quan. 24 7 lúc nào cũng phải nơm nớp. than ôi cái đất nước hạnh phúc",1
hên quá mình méo ăn dc hải sản trừ cá emoji emoji,0
"quá khốn nạn, không được giảm án với tên này, ngoài ngồi tù 28 năm là chưa đủ, cần phải có biện pháp bổ sung như: quản chế sau khi ra tù...",1
"nên xử 2 người này sao cho thoả đáng. nếu các bé là con tôi, tôi sẽ hành hạ chúng gấp ngàn lần chúng hành hạ các bé.",1
"ối trời, không nhận ra bảo thanh nữa !",1
bát mì của anh chắc em tích tiền ăn sáng 3 năm mới đủ,0
con bóng vẫn là con bóng. con chó suốt đời vẫn là chó..,1
"haha nói chuyện vui dễ thương quá c oi, đúng chất miền tây á",0
dạng háng chờ gánh,1
bò đỏ ủng hộ 100 .,1
"xe dù bến cóc tràn ngập tp, liệu bến xe mới có giúp được gì không?",0
nge hoài chán miết...có biến ỏe biển đông chưa vào đọc đã biết quan ngại,0
bai vo nay bac ho ma con song bung tay 1 cai la ong toi.can gi phai sung voi dao.dung la ba que ba xao...,1
bộ truyện hay cho thế hệ 8x như mình. mình sẽ đặt mua bộ tái bản này,0
"thành lê cái lồn mẹ mày nha con chó koi chừng tao bắt con mẹ mày ra cho chó giao cấu , bắt mẹ mày làm tình liếm cặc mút cặc chó đến khi nào nó bắn tinh , chị e nhà mày thì xếp hàng chờ con chó của tao chơi con mẹ mày xong thì đến lượt ăn cức chó của ta",1
"dầu gì đi nữa t cũng là cháu của bá hộ ngọc lan, cháu bà ngũ thị đời mà chở vàng qua mỹ bỏ lại 2 cái villa ở sài gòn, cháu bà ba hoa viện kiểm sát tòa án nhân dân huyện hóc môn, mà cháu của cậu tỉnh làm công an huyện hóc môn,",1
một trong những thành viên đầu tiên có thẻ của đan trường fan club..,0
tự nhiên thấy con đó cái xễu lên xễu xuống à khong biết... emoji,0
mai anh c ở lạc long quân - cầu giấy hoặc triều khúc em nha,0
người ta giàu nhưng ngta vẫn muốn đi xe máy emoji,0
về vn ăn mau lol à.,1
"chần vần một đống, không ai đoán trước được đừng xưng hô tiên tri",0
17 tuổi ! thanh xuân của các đại ca sẽ bắt đầu trong trại rồi,0
vụ gì thì kệ mẹ đi cứ lôi ra mà bới móc ???,1
thằng mặt heo,1
viết phúc thấy đâu cũng bl nhg chưa thấy nên fan cứng nhỉ emoji emoji emoji,0
còn hai đĩa nữa là hợp phong thuỷ tộc trưởng ạ :)),0
chí bảo nhung chứ chung cc à,1
"trái cây thì a nghĩ chú mày khong dám nuốt vì sợ độc,2tr usd thì chú mày nuốt,khôn như chú xom a đầy",1
"những lúc như thế này, chỉ cần một nụ cười toả sáng.",0
đm bọn trung quốc chó,1
: taocutaodiia :)))) nghiệp quá cô 3 ư :,1
hình như phạt roi phải quất vào mông chứ. lưng nào chịu nổi.,0
pháp sư trần cọp khỏe mạnh là mọi người vui rồi emoji emoji,0
ơ ơ sợ quá clm,1
làm con người kh thích thích làm con cặt,1
các ông rảnh hay sao mà còn chúc sinh nhật nyc -.-,0
"bale là cầu thủ tạm được về chuyên môn, nhưng nhân cách thì bằng không",0
30p rồi kêu chậm cái dit_me,1
nguyễn khánh anh tôi tối qua ngủ với 3 con mãnh thú rồi )))),0
quyên phan toi đồng ý với cách nói chuyện của bạn emoji emoji,0
bà nầy lên nói khong biết nói chơi hay nói that nủa,0
d đức d hiểu nhìn cái hình là cừ ỉa,1
dit_me bọn việt tân nhé,1
ong lân ôi ong xảm quá hi,1
đề nghị các bác trả lại tên cho em là trái nước nhá.......,0
đoán đéo trượt phát nào là khong-atm đứng đầu mà,1
tuổi trẻ chưa có nhiều vấp ngã nên cần nhiều trải nghiệm nha :v,0
có ai như t khong :))))) lặng lẽ đọc và lặng lẽ ra khong để lại dấu vết :)))),0
loạn vai,1
"iq vô cực :(( đó là baroibeo, còn 3ga thì âm vô cực :((",0
e nhìn chị e thấy chị đẹp quá chừng e chúc chị hp nhé chị yêu,0
nhờ công thầy mà e lên quá luôn lên nốc nhà đó :)),0
chu cờ mo là cho mò cu á. chết đứng vs minh tuân. kk,0
cưới phù thủy xong trở thành hoàng tử luôn ghê dị,0
nguyễn thành nhân nói dân chí thấp thì cũng không phải. đ hiểu kiểu gì )))),1
mấy thằng công an xã học chả hết cấp 1 mà cũng có bằng đh cơ ah,1
đéo thể tha thứ được emoji càng nói càng xạo quần,1
thế đéo nào???????!?!!?????,1
add là cái lồn gì,1
"trần dần là cộng sản nằm vùng ở mỹ đấy, thưa quí vị",0
đm may thay gê qá,1
nó chôn lò rồi thì ông cố nội lão trọng có sống dậy mà bắt cái thang cũng bó tay.,1
anh đéo phải trình bày,1
thằng trọc mác -lê- mao. núp bóng nhà chùa chứ tu gì ... nó viết bằng chữ tàu hoặc của buồi hiền thì không ai nói. đây chính chữ quốc ngữ nó đã học và nói nơi cửa miệng .,1
"hoc cc gi nua , ve san voi ma kiem an z",1
quê vlin,1
"sẽ có 1 ngày những người ủng hộ tự do, chống độc tài sẽ bị đám cầu thủ đỏ chửi bới, tục tằn khong khác gì đám bò đỏ chửi",1
quan chức nhà nước mà cứ như vầy thì sao được lòng dân emoji,0
"thế có thằng ở miền bắc nào đó đã nói là trung quốc chiếm giùm, mai mốt sẽ trả lại.",1
hài lòng del đâu,1
xét về tính kinh tế và hiệu quả thì i10 hơn fadil đó.,0
thế nên ở nhà xem phim thôi khong ra ngoài tiếp xúc ai làm gì cả :(,0
nước mình diệt chuột còn khong hết còn ở anh họ p nhân giống vì sợ tuyệt chủng,0
xưa nay voz vẫn chất với những cua rơ như thế rồi bạn ui :3,0
"tiktok official roi minh hiếu làm gì mà chửi hả con thiểu năng, có não khong bt suy nghĩ ak, chưa chắc gì mấy đứa ghép hình nó vs mh là fan của mh",1
khi làm phó của obama ông này cũng nhầm lẫn nhiều lần.,0
đẹp thua vợ tôi nhưng tiêu tiền nhiều hơn vợ tôi. ngấm lại thì tôi thật hạnh phúc với vợ tôi hiện tại,1
anh kia said : mày không thấy bố mày đang ngủ à nhím :v kk,0
điên,1
"sẽ thường xuyên xảy ra trộm, cắp, học sinh thì dùng điện thoại làm việc riêng, xem phim ảnh bậy bạ, dạy học là truyền đạt kiến thức của mình cho học sinh chứ không phải chỉ cho các em tìm kiến thức trên mạng",1
"tước bằng lái vĩnh viễn đi. chạy lếu láo thật, không coi mạng người ra cả!",1
hung nguyen nhân dân vn tức là cờ đỏ. còn đám cờ vàng là lũ súc vật lưu vong. hiểu hông?,1
m làm cc j mà đăg cái bài ngu vậy ad? cho chúg vào chửi ngược à????,1
chết mẹ abe gòi,1
xa quá nguoi dân se cân nhắc đi xe lửa .hay may bay,0
6:05 vâng lần đầu tiên toi biết 1 căn biết thự 28 triệu,0
tại thằng dân... cái j cũng tại dân đmcs chứ t đóng thuế nuôi chúng m bú c nhau à,1
trời... ghê thiệt...các a ấy nói chuyện bằng súng tự chế không hà...,0
ăn trộm ăn cắp cũng vừa phải thôi chứ emoji emoji,0
thôi các bác ơi. e chả bgio đi cãi nhau với mấy đứa cùn đâu :),0
tuổi thơ ai cũng có nhưng mỗi người mỗi khác thoii,0
pháp kế bên :( vẫn đi biểu tình như thường nhé :((,0
dẫn ông già ra vỉa hè đầu ngõ uống trà đá tùng êii,0
ĩ khùng emoji,1
ngày trước nhận là ny khánh phương emoji emoji emoji,0
chị ơi có rãnh không chị chửi con mẹ 65 bớt những lo đi.,0
"có lý phần về anh vinh thôi, còn hl thì ông ad đéo biết gì",0
bọn công an chỉ có việc là đi đàn áp dân đen thôi.,1
5:05 10 năm và 9 năm là 18 năm best toán học trần dần :)),0
nếu cảm thấy ngột ngạt quá thì vô rừng chơi với khỉ đi,0
ngứa mắt vc :v,1
lúc còn thời thì chửi ng ta. hết thời rồi ra cái vẻ tiếc. vớ vẩn vai :)),1
"mấy chú mà có quen 1 thằng ăn chơi hoang tàn, se sua diêm dúa cộng thêm cái tính láo toét éo có tự trọng... suốt ngày mở miệng là nổ mà cứ hỏi mượn tiền...mấy chú tính sao? liệu cho nó vay bao lâu thì nản?",1
"cai kenh xam lol,phong vien nhu cc,tien tri dien khung,toan la 1 lu virut",1
dell hiểu mấy đứa ấy nghĩ j nhỉ mà cứ thích lây bệnh cho người khác v?,1
nhìn bà thôi. tôi sợ phát khiếp.,1
ông cũng khong giúp mẹ cha đi. rảnh rỗi ngồi online fb nói này nói nọ quá ha,0
abe ochco ))),1
"đọc tin mà đau lòng quá,thảm nạn cứ xãy ra hoài,mà kho ngăn chận đươc,tại sao?",0
ở đấy ngột ngạt quá thì đưa nó qua vũ hán cho nó thoáng mát emoji emoji,1
bố nào con nấy emoji nhây thực sự emoji emoji emoji,0
ditme đéo hiểu sao,1
nhìn là biết xạo lồn rồi.. hình như đàn ông mà,1
khi quần bạn đã chật và cộc nhưng bạn vẫn muốn mặc nó belike emoji,0
cô ba cọ lông lồn chứ mình cạo bàn thời nhà nó luôn,1
"cháu chúc ông dần sức khoẻ dồi dào, tai qua dịch khỏi ạ",0
sói said: dạo này ông già bảo nhớ bà nội quá nên phải dẫn về chơi,0
chúc cô luôn vui khoẻ. và chúc các lãonghẹ sĩ dồi dào sưc khoẻ,0
"mấy em cứ quăng miếng bvs ra đây, rồi xài cái hiệu gì... chị 3 tài trợ cho xài tới mãn kinh luôn.",1
có ngày sẽ có tin con này phơi xác.,1
nguyễn yến nhi chắc đang dẩy dữ dội con bà nội ở trỏng,0
"đúng là khốn nạn, con nó mà nó không thương.",1
giá mà chúng ta có thể đẩy nước xuống cho miền nam thì tốt biết mấy.,0
"7 chỗ, giá hợp lý, san đứng đầu phân khúc suv chứ đâu?",0
không thể tưởng tượng nỗi. nộp thuế nuôi ai đây? lúc nào cũng chê lương thấp.,1
chưởi bk chó là nó sắp tới số nữa con này khg bc loại nào ln,0
troi ui ba bede nay chich hoc mon nhieu wa nen bi khung va no banh xac ...hah hah,1
giống vai ))) mà load 5 lần cmt đều nguyên 1 cmt giống nhau tg máy bị lag ))),0
đau xót quá! vừa buổi học đầu tiên của năm học mới. mong các con yên nghỉ,0
ôi đm xoạc háng ra đọc hết cái cmt thì đau cả cứt,1
ng tuấn châu uầy gắt vđ,1
"các e cứ việc bình tĩnh bắn, đêm qua a chuyển khoản cho ban tổ chức roi",0
thế thì mới kêu làng kêu nước ở đây rất là ngột ngạt .,0
"nh ông kbt chất lg giày cứ cmt ý ạ rep thường, rep 1:1 ,sf khác nhau đấy ạ?",0
thứ bóng dơ,1
phuc cho những người bị bách hại vì lẽ công chính vì nuoc trời la của họ,0
cái góc cạnh này là ai hao hao giống a3 đúng không?,0
nhà thầu nào làm cũng được. nhưng nên ưu tiên các nhà thầu trong nước trước.,0
kệ mẹ mày,1
"thực ra cảnh sát hk rất hiền và biết luật, họ không bao giờ đàn áp nhân dân,chỉ bọn côn đồ mang danh công an của bọn cẩu backinh là bọn vừa quái thai vừa mất dạy để bảo vệ chế độ của chúng,",1
xin lỗi tụi bay chết kệ bà tụi bây tụi tao kiểm tra có cái cục cức gì đâu ( tao biết đó là thứ gì ),1
sao con bop vú bà ngoại emoji emoji emoji emoji,1
"đéo ai thèm làm ,vì họ biết khả năng của họ đến đâu",1
"tôi cũng mong trump dù cho ông có rất nhiều điểm yếu, bác biden hay nói sai và quá vụng về trong các buổi nói chuyện .",1
vũ thanh huyền vậy bạn đã làm đc cái con cặc gì lớn lao để thể hiện tình yêu nước của bạn chưa?,1
bố chửi! or mẹ chửi! or chị hoặc anh chửi! có thể là chửi,0
thằng chủ chó bị lũ chó bắt giam đến giờ chưa thả. ad nắm thông tin vụ này chia sẻ với anh em gấp nhé !,1
nhâm là phải con sam ăn được con so không ăn được,0
thanh trần phương đồ tết nghĩa địa dì vs chị em mình,0
chị khánh chi càng ngày càng đẹp càng duyên emoji,0
liv đá kiểu này không khéo lại thành mancity ver 2 quá,0
ôi bọn ghen ăn tức ở,1
"một đám dlv tư chịch vs nhau, tởm vai",1
ôi đúng là liều thì ăn nhiều. tôi không liều thì ăn ít _,0
"cách ly vĩnh viễn loại người này đi, chứ phạt tù, ra tù cũng không làm người tốt được đâu",1
mẹ cái thằng não chó.... dân ta nghèo mới mới làm vậy! địt mẹ mày biết cái lồn gì mà phán? pape ngày càng xàm lồn,1
"hot girl ống tinh đi, nghe vui tai hơn",1
tượng đài thể thao vĩ đại nhất của tôi. luôn tràn đầy sức khỏe anh nhé.,0
annh phuonng chắc mùa này đn thiếu nv y tế nhiều đó :))),0
ohh. tiến lên miền bắc là chỉ được chặt một cây 2 thôi hâhhaa,0
đm ad. nếu khong phải hoài linh. mà là người khác xây nhà này. chính quyền bỏ qua rồi đến khi báo chí nói thì mày lại chẳng bù lu bù loa là bụng phệ ăn tiền chứ gì. đm,1
sao giờ nhiều chương trình nhố nhăng thế khg biết,1
t lại thấy đẹp cơ huhu sr moi_nguoi emoji đừng chửi e,0
may mà si lùn lại có coutinho với griezmann gánh nhé anti,0
khong phan dong may chui vao trong nay lam gi ?,1
hy vong lần này chúng ta sẽ khống chế hoàn toàn được covid 19,0
mấy đứa này ăn không gọn gàng. xác cá voi bị cạp nham nhở trông xấu thế. kk,0
ai thích võ thần súng bắn khong thủng dao chặt khong đứt. điểm danh nhé,0
còn một con đường tên là sương nguyệt anh hay sương nguyệt ánh nữa.,0
các anh chị khóa trc ơi cho em lịch live của tộc trưởng với ạ,0
có ai đó tốt bụng làm ơn cho em biết chuyện gì đang xảy ra đi . !,0
ngày xưa mãnh thú cũng ngon zai phết :v chơi đồ nhiều quá thành ra như vậy,0
ủa roi khong chữa đc thì dùng 106 triệu mua đồ cúng mỗi năm à :),0
mẹ đang bận đi ỉa lại gọi đi khét quất,1
nghe có vẻ vô lý nhưng lại hết sức thuyết phục :),0
"chúng mày làm nên cái mịa gì nên mới bảo khong có vô dụngncar lũ, hiếp đáp dân lành là zõi",1
"nhân quả báo ứng không bỏ sót ai, tích đức gặp thiện, ở ác gặp họa",0
chăm chỉ cmt để giữ fan cứng. mà ảnh ngầu thặc sự-.-,0
tiên tri trần dần nói chuyện rất hay: người vn phải yêu thương lẫn nhau.,0
manh thi song yeu thi chet,1
nghe bác nói vui tai mà. mỗi người 1 chính kiến. bác cứ tiếp tục nhé.,0
hay cố gắng nổ lực hơn để người ta thấy mình có thể chăm lo đc cho người đấy,0
dẫn độ tội phạm tc rất hoành tráng,1
dân indo t thấy đéo hiểu nội dung nó nói về cái gì,1
ác gì ác dữ vậy. sao không kiếm ai to xác như mình mà đánh.,1
cái thằng minh râu dâm dục chuyên ấu dâm các em thiếu nhi còn làm được cha già vĩ đại của mấy em bò đỏ thì nói chi đến mấy thằng bị tâm thần.,1
"ơ cái địt con mẹ con vj chon lon nào vào sủa cái câu ngu ngục vai ))) mục đích ca sĩ ra bài là để cho khán giả nghe ,thưởng thức. và các khán giả có quyền nhân xét về sản phẩm đó ? lại là mấy con fans hâm mộ trẩu tre này",1
trận juve ronaldo cũng hôi pen do cr7 kiếm được mà thôi.,0
thêm một người bị cộng sản nhồi sọ không biết sao có thể nạo ra được hết chất bã trong đầu,1
đụ má coi ứa gan hong :),1
"đm có mỗi con đường cho mays chị em buôn bán , con đường cho mấy anh em mua mượn .... vậy mà giờ biếc cố xảy ra ... không biết mấy chị em còn tâm trạng đứng không nữa ... hay lúc nó rớt xuống sợ rớt mẹ lồn ra đường thì khỏi làm ăn gì luôn .",1
hoàng thiện :)) đc đưa gia đình đi du lịch như bác e cx vui vai ra :)),0
ああ 王子様 妹を許してください 彼女は呪われています...歌を歌っていたのは私でした...彼女は十分に困っています 悪化させないでください,0
óc chó,1
"ủng hộ quan điểm ông biden, điều trump đang làm không phải tranh luận mà là ngụy luận. cố tình ngắt quãng các phát biểu của người khác để đổi hướng chủ đề mình bị công kích. cả buổi tranh luận,",1
chi ba oi kho lam cho e ich voi cuou e voi chi ba,0
"dạo này bệnh lợn tả châu phi tạm yên !! bây giờ lại bắt đầu bệnh bò điên hoang tưởng , rối loạn phân liệt ông giáo ạh ! thế có nguy khong chứ",1
kon mẹ nhà nước lũ hút máu dân,1
"cộng sản toàn lũ tư tưởng độc đảng, qua bên mĩ còn tư tưởng độc đảng như china",1
"bây h tại trung ương thành đại la toàn đỉnh cao trí tuệ, nơi những con bò tự hào luôn rống lên rằng vn vô địch, ra đường người với người thì luôn tỏ ra ta đây hống hách về nhà say rượu đánh vk như dog,",1
cả đoàn trốn trại...nói chuyện điên khùng,1
lê nhật trâm khúc cuối quái vật táp đứt đầu kris emoji,0
du ma nhin cai mat gian va co,1
dug la con lih cho do lam tu cach kho ua va,1
"mé ơi , bã phun câu nào cười ỉa câu đó yêu cô hiếu",0
:v mấy thằng này bệnh thật vậy mà cũng nói được !,1
đồng nhựt huy thiết nghĩ cho vào quan tài là hợp lý emoji,0
nguyen the anh thế anh hay táp chứ đ phải hai tám :)),0
chúc ngài tt và phu nhân nhanh khỏe! ủng hộ ông đắc cử nhiệm kỳ 2.,0
táng chết cha tụi mày lũ học trò l :)),1
tinh trùng khuyết tật cã một bè lũ tham quan từ nhỏ tới bé từ thằn bố tới cháu chắc,1
thái thuỳ dương thái phi nhung lí do vì sao chúng ta phải nỗ lực nè,0
"quỳnh như hâhha, khong hổ danh idol bao nhiêu lâu",0
choán thực sự :(( chia lên chia xuống kb bao nhiêu lần . toang thực sự ....,0
"như con cặc,",1
"giờ tao chỉ mong bóng đá đến sớm . để lu ngu no tràn ra đường hít thêm khí chết bớt , mới tỉnh đc .",1
ca bệnh ở thạch thất sang đến pháp xét nghiệm dương tính thì sao!?,0
nc trung là cũng tuỳ vào từng công ty chứ ai ai cũng như anh dân đc nhờ.,0
tôi phản đối cho học sinh đem theo điện thoại vào trương học,0
đúng.là nước mắt cá sấu.. các bạn bạn diệt tận nơi,1
"tao đéo cần tăng lương..... tao cần chúng mày đưa giá trị đồng tiền về như cái thời một lít xăng chỉ phải trả 16 ngàn, đi đổi đô thì chỉ cần 15 ngàn. tăng cho 8 rồi đủ thứ tăng theo....",1
quần gì ma nhìn vào thấy mất nết dễ sợ,1
vai anh tôi cà khịa căng thế,1
"bạn đăng này giỏi quá, chúc mừng bạn và gia đình.",0
hoan ho chị ba .sao khong cho cai cad zạ chị ba .ung ho qua ma sao khong cho em,0
không thể tưởng tượng nổi... bọn chúng ăn bất chấp thủ đoạn,1
hi vọng năm nay arsenal sẽ vô địch được europa leguage,0
nhà nước minh nên có những biện pháp mạnh vs những hành vi đi nước ngoài về trốn khai báo.h đứa nào về nước trốn khai báo khi phát hiện đc là dương tính vs vi rút thì mang ra xử bắn luôn!,1
mong chị nhung sớm khoẻ để đoàn tụ với tổ tiên emoji,1
"đỗ thịnh chơi bời ntn thì chơi , đừng vầy nhé emoji emoji",0
giờ muốn đi du lịch cũng phải xin phép nhà từ thiện online :)),0
"xin hỏi bác vụ trưởng, bác đã có con học lớp một và bác đã từng ngồi dạy con mình học theo sách mà bác xem là hợp lý ở trên chưa? con của mình phải oằn lưng ra học cả ngày, học thêm để cho kịp chương trình học đấy.",1
con sờ ầu ói dòi oi chấp làm gì con âm binh khí đụ tụ hình rạch trời rơi xuống kia hả bạn tôi ơi,1
nguễn trường vai intro,1
đệm bóng ghi bàn có được tính là bàn thắng không hả các ông cules,0
. mở miệng ra phật phật.... mà đỉ lol này nọ... ô ế cửa phật,1
trư bát giới ngọc trinh dáng ngon mà cái mặt t thề nhìn tắt nứng,1
bê đê má ơii,1
"ngu thì chết, đâu phải khong có suy nghĩ đúng sai, chỉ do khong có ý thức.",1
rủ cả team làm vlog ở cùng nhau 1 ngày không chửi thề đi anh ơi :v,0
đừng so sánh 2 thầy ngu,1
vậy trc h là con bóng long xiên??,1
vậy bây giờ trách nhiệm thuộc về ai? phải truy cứu trách nhiệm đơn vị sản xuất do không đảm bảo vệ sinh attp và đơn vị cấp phép cho lưu thông loại hàng hóa này trên thị trường.,1
"việc đặt tên ca khúc ngày nay nghe có vẻ khá thực dụng, theo kiểu nghĩ sao đặt vậy người ơi , không còn kiểu đặt tên nghe hoa mỹ hay bay bổng như các nhạc sĩ ngày xưa nữa. vd như: nghe những tàn phai (trịnh công sơn), niệm khúc cuối (ngô thụy miên),",1
vừa nghị định 100 vừa nhái kiểu này thì thật tội cho cty thái.,0
bs tú dung nói chuyện rất dễ thương chúc bs co nhiều sức khỏe,0
"đô mạh mẽ, ốm lạh lùg nhưg nhìn có chiều sâu diễn xuất tâm lý nhân vật.",0
ăn hôi pen là có thật,1
éo nha liu liu,1
khong phải tự nhiên mà họ nhiệt tình mời bạn tham gia mặc dù 2 bên đều có lợi nhưng bạn chỉ có 40 còn lại của họ. khi bạn thả lợn ra rồi đuổi thì xác định bắt lại khó gấp chục lần bạn thả ra.tôi chơi bao hiểm một lần duy nhất năm 2002 và đã hiểu nó thế nào.,1
cô gái ấy đã truyền cảm hứng cho quân đội việt nam ta bắn chuẩn hơn emoji,0
mấy người này là con cháu của tụi bán nước chứ ai nữa. đem vàng qua mĩ mà hãnh diện hả?? vàng của ai?? tiền vàng cũng của người việt của đất việt mà lại hãnh diện ghê. tụi bán nước toi trộm cắp.,1
"ô nhiễm ở cái thành phố hôi chết mẹ thì nó bảo là sương mù xuất hiện đẹp như đà lạt thứ hai, còn ở hà nội chắc đẹp như sapa, ờ thì đà lạt với sapa nhé",1
"uầy, được anh ơi. cứ như ngồi cạnh thằng tùng ấy nhờ. khong có đcm luôn. nghe cứ điếm vãi cả nồi ấy.",1
chỉ mong tứ hoàng mãi chơi thân như vậy thôi tụi mày ạ,0
nói chung đàn ông mà ăn mặc hoa hoét lòe loẹt thì có xu hướng thiên về nữ tính.,1
yeu nhau khong bao giờ được dụ nha anh . nhưng mà phải liếm lôn nha a emoji emoji emoji emoji emoji emoji,1
ở vn có bọn dư luận viên ăn tiền tài trợ từ tq. chấp nhận kiếp sống chó săn :),1
"nghe cái giá là muốn cho qua rồi, lừa gì mà giống nai thế lừa được ai lừa ơi...",0
mẹ nó sủa nge mà thối qúa trời,1
tiên tri vũ trụ đệ nhất quốc sư mà sun vòi thì nước mỹ nguy to rồi !,0
đkm chúng nó bán hết rồi còn đâu mà của mình,1
đừng khinh người quá chị ơi gia tài chị xuống mấy hồi àk,0
anh minh chậm cái địt bầm m,1
xem anh cứ phải cười cười này :)) mixi cứ phải mười mười này 3,0
"a di đà phật,thương con quá,cầu mong con được siêu thoát!!",0
dang khoa nguyen đã bảo nói nhỏ thôi khong nghe.ông thấy mấy đứa tự nhục vào sủa chưa,1
dạo này pản động nhiếu quá mấy bạn bò đỏ ah :d,1
"ủa rồi, ông vua tứ kết năm nay có thể bị loại ở vòng bảng hả các bác : (",0
nhìn mấy con chuột này mình thèm món chuột nướng muối ớt ở miền tây,0
chúc mừng sự trở về bình an. nhớ đừng đi lạc vô vùng nguy hiểm nữa nhé.,0
ngu cmm.,1
"tử hỉnh kẻ vứt thai nhi về tội cố ý giết người, quá nhẫn tâm, tàn ác...",1
hiếu bùi giỏi qá cc j cũng biết hết â,1
hi bức xúc quá không chịu được phải chửi cho hả hơi,0
người nhục phải là bọn chúng và bạn chứ tại sao lại là chúng tôi? chúng tôi mua 1 vỉ trứng hay cái kẹo cũng phải bỏ ống cho các bạn 10 trong khi các bạn nhận tiền mà lại khong làm việc đàng hoàng còn quay lại hăm doạ bắt bớ chúng tôi thì hay ho chỗ nào,1
dit_me con bóng muộn màng nhìn gốm vai,1
nguyễn phương linh các bé không hiểu mỉa mai là gì,0
"trăm năm kiều vẫn là kiều, tộc trưởng vô đối là điều hiển nhiên!",0
"idol trần hổ không phát âm đc từ vius à, sao a cứ gọi con vius là vi trùng",0
"trước có xem chương trình talkshow gì đó buổi đêm có chị thảo vân dẫn chương trình, thanh niên này kể chuyện gia đình tình cảm, hạnh phúc lắm nhưng chẳng hiểu sao lúc đó mình nghĩ ông này sớm muộn cũng bỏ vợ,",1
thao nguyenn thu yến nguyenthu nga tết này lại có táo cậu ưi,0
ở mỹ và các nước cá nào ngoài tự nhiên cũng to và nhiều.,0
rãnh đít là đây.,1
"cần có khung hình cho những hành động côn đồ, manh động này",1
"thắng ok m chui từ cái lol cho ra nói chuyện như thằng vô học, đmm ai nc vs m nhàu vô đây cắn bậy",1
bổ chết moẹ abe bây giờ,1
bán rẻ tổ quốc,1
"trầm ngâm cứt,,tên nào đi ngược lợi ích nhân dân đều là bò ngu tung hứng hò bả chó,,csvn là chúa lừa dân và ăn cướp đồng bào ,,loại bỏ cs là nhiệm vụ chính của nhà báo ngu dốt và chính nhân dân",1
từ ngày xem mèo tom con tôi thường xuyên bỏ bữa :))),0
ông này khùng huhu emoji emoji emoji emoji emoji,1
kem đánh răng mixi hân hạnh tài trợ ct này emoji emoji emoji,0
"trần sinh đức chụp ảnh thôi, khong bấm chuông hay lộ địa chỉ là đc",0
thu hồi gấp và cấm bán các sản phẩm này ngay chứ ?,0
e nge noi chi cua e cua chi co hk chu chi co cai lon gi,1
khung qua linh oi tôi sau ma khung nua,1
mắc bệnh hoang tưởng. chắc nó tưởng nó là bố thiên hạ. nhãi ranh,1
nhị thắng vãi cả đc lên fan cứng. emoji emoji emoji,1
tối vô khoanh tay xin lỗi không anh ơi emoji emoji,0
abe đúng là thật xàm l ;v,1
phạm tùng giang không phải nuôi mỗi tóc mà còn học hát giống giọng nữa chứ haha,0
đập tràn thật nguy hiểm.có còn cách xây đập an toàn hơn không?,0
huỳnh ngân b ơi màu gì đó ạ? nhìn màu tóc đẹp quá,0
"khủng khiếp thật 1 đêm gần 500 khong chó,biết bao nhiêu con vật cưng của chủ nhà phải ra đi vì đồng tiền của bọn này,cần xử lý hình sự mới mong có sức răn đe!",1
"phải lên giành công trạng chứ, lãnh đạo mà. nói chứ bầu đức là người có công lớn nhất đưa park hang seo về dẫn dắt đội tuyển việt nam thế nhưng khi thành công chẳng ai một lời hỏi han quan tâm ông ta cả, lúc bầu cử còn gạch tên ông ta ra.",1
phạm thanh như thế tức là lây từ nhung hả b? b nghĩ kĩ chưa?,0
"bảo nó cắt cho có tí mái , nó xẻo mẹ thành mái bổ luống luôn",0
trump mà tái đắc cử giá trị mấy cty này còn tăng nhiều nữa...,0
bênh bênh cái đéo,1
đéo phải đá vs mc chả cười?,1
con cat ne choi hong,1
"nếu là người hàn, tôi củng ủng hộ kia và huyndai. xứng đáng mà.",0
"khoai lang có vụ đấy mà ông ơi, người hàn nói tiếng việt cái gì",0
"bố m bảo rồi , h nhục như chó chưa , đàn ông đàn ang để cmn lại đi cho chất , sợ lồn ))",1
"nếu tái ngộ bayern, lionel messi và đồng đội có cơ hội đòi lại món nợ thua 2-8 ở tứ kết mùa trước tôi nghi ngờ điều đó! có khi thêm nợ cũng nên!",1
dvh không thay đổi cách hát và khong hợp với hiện tại. muốn thấy cái mới của dvh mà ghe càng mệt hơn,1
minh hieu ali chui noi bon ngu nguco bang cap,1
"ủng hộ hết mình người anh em cuba, họ rất là xứng đáng với giải thưởng này 3",0
tưởng gì chứ 3 cái loại này mình chưa được ăn bao giờ,0
ngồi trên ly quăng lăn qua lộn lại . kk cười bò luôn cô ơi,0
quan trong la sau nay con moc nhieu nha may nhu the nua khong moi qua trong,0
khẩu trang vàng và cầm tay che hờ thì có tác dụng gì phòng ncov cơ chứ.,0
"xàm ghê, có miến ziên nào chết liền , tự nhiên so sánh với lisa",1
đọc mà không kìm nổi sự giận dữ trước hành vi mất hết nhân tính của người mẹ và hành động cầm thú của người cậu ruột đã xâm hại cháu ruột của mình. mong pháp luật trừng trị nghiêm khắc hai kẻ không còn là người này để lấy lại một chút công bằng cho các chá,1
choy. heu minh said mr ba coung con cu chua co los hahaha.,1
đéo hiểu sao em mất mẹ fan cứng of có 1 buổi emoji emoji,1
chị này dễ thương ghê. nghe nói chuyện thiệt tình,0
hùm xám phũ quá. cứ đá là lại ghi đến 8 bàn. thấy nhột nhột.,0
"long thành làm tới thôi, điều kiện cần và đủ đều có cả rồi",0
cái lồn mẹ. mấynhoom trước tao buk mình thì đỵt có chỗ nào xả. hôm nay nguôi ngoai cả roi thì mới tìm ra cái chổ chửi xả. đỵt mẹ đời. lồn mẹ chúng mày kể cả thằng ad mặt lồn bước ra đây để bố xem mặt,1
không xử nặng bọn này sẽ là mối nguy hiểm cao độ cho xã hội,0
kinh doanh bể bơi1 nghề đã hót cách đây 2.300 nămhì hì,0
vãi cả nguyễn thị tươi khắm àh nhầm tươi thắm emoji emoji emoji,1
tụi hàn giàu giả tạo không bền vững như triều tiên,1
"không ca nhiễm mới, thật tuyệt vời. chúc mừng việt nam.",0
có đứa nào muốn như anh độ khong làm tí với t 1 mũi tên trúng 2 đích luôn emoji,0
vậy giải thích như thế nào về việc yêu cầu xuất hóa đơn thì nó không xuất.,0
trần phú ngày mai là vượt sỉ số lớp roi lấy đâu mà kêu :((,0
kỳ này mỗi lãnh đạo chắc chắn có máy bay riêng tha hồ mà đi!,1
có cái nào xách tay hay2 thì để lại cho ae nhé ml emoji,0
đưa cho lũ ngu cầm đầu là hư đường hư bột hết,1
"cô này chẳng đẹp, chẳng sanglàm sao dám sánh ngang bằng việt tôi!!!",1
đãng và nhà nước cùng tập đòn vtv khẳng định nước đó khong có ruồi nhé . nên tin vào đãng chứ . đm bọn cầm quyền .,1
đầu ốc tôm nên nói ra không có lời nào nghe được . phụ nữ việt nam không có người nào phát ngôn như vậy thật ghê tởm,1
đẹp trai nên tha thứ cho mọi lỗi lầm khóc lóc :)),0
"sử dụng ma túy, lái xe đâm chết 2 người và 30 tháng tù????? hỏi sao tội phạm ngày càng trẻ hóa....",1
bọn này không phải là người !,1
"lũ bệnh hoạn này cần cho đi đào ao, đắp đê cả cuộc đời!",1
đây là câu nói mà rất nhiều ae muốn gửi gắm tới anh tiệp :))),0
và cuối cùng toán học cũng phá được não anh tôi...,0
má y chang tối nào nó cũng đi tạo nghiệp duy phương,0
ủa rồi ai muốn yêu mình cả đời dị ! chồng tương lai ơi anh lên tiếng đi :)))),0
tập này minh tuân cười không nhặt được mồm emoji emoji emoji emoji,0
"2 từ giống nhau ák bạn, tùy địa phương, tùy người dùng thôi",0
bao nhiêu cái tý trôi qua rồi. mà vẫn không thấy đâu. quá buồn,0
thằng ad này đầu đéo có não . bác thăng có phải siêu nhân đéo đâu . mình bác thăng thì làm được đéo gì . chỉ mình thằng ad anh hùng bàn phím là giỏi thôi dit_me,1
đ o hiểu lun,1
lẽ ra phải cho dân diễn tập chống khủng bố trung quốc có lý hơn.,0
"mấy ông học fpt lấy ý tưởng mà làm đồ án nè, biết đâu lại xuất sắc :v",0
ở việt nam thì có khánh sky..hải ngoại có trần dần..2 danh hài quá xuất sắc..,0
nguyễn kỳ anh cùng nhau chúc mừng thầy của chúng ta đạt nút vàng nào :))),0
chắc quay clip 18 được rồi,1
có thằng thông thạo 29 thứ tiếng làm chủ tịch pắc pó,1
thúy hiền gơ thiệt,1
năm nay tùng sói lại phải ăn bánh trung thu nhân mỡ hành rồi,0
xuân trường sợ nó chẳng may lây lan ra cộng đồng ! chứ nó thì .....!!!,0
không có tiền nhưng e tin bme e đủ tiềm lực đến khi e tự kiếm được tiền :)),0
su nhân ngoc thuy le linh núi coi đi đồ zô zăn hoá,0
xin lỗi cái lon,1
"không biết tốt xấu! chất phát như nào nhưng nghe 10 đời ck thì phát khiếp roi, không lẽ 10 lần ck đều là lỗi của ck! phải xem xét lại nếu như ai còn khen! miền tây 2 đời ck là với họ nhưng 10 đời thì thật là kịn khủng tởm",1
thôi trao cúp bạc ao làng cho bayern munich luôn đi :))).,0
đéo biết m nổi tiếng như nào nhưng thái độ m đáng tử hình,1
iu me dt va con coi 2 3 lân luon ma khong thay chan,0
nói ý thức như đb thì tội cho đb quá. đ m,1
sao like nhiều quá vậy đáng lẽ diss like mới đúng chứ,0
"đây thật sự là hành vi rất độc ác, cần đưa vào tội cố ý giết trẻ em. thời buổi mà bao cao su đầy rẫy, không khó tìm, vậy mà vẫn để xảy ra nhiều ca phá thai đau lòng!",1
ai theo đạo râu xồm thì giơ tay? hãy theo minh giáo chủ sẽ được lên thiên đường xhcn!,1
nói í thức như đầu buooi thì lại tự ái.,1
ờ face dành cho con người khong dành cho thú vật ok,1
"nghe như đám bạn tôi hát karaoke, thậm chí còn không bằng. xin lỗi fan của đan trường nhưng mong đan trường đừng phá hỏng những bản nhạc bất hủ này nữa",1
chị hay cú có gai,1
khong thuế cao nó ng ng xe ô tô nhà nhà xe ô tô lấy đg méo đâu mà đi.,0
thằng này nó nghĩ nó là ai. không cách ly thì cút qua nước khác mà sống.,1
nhắn thêm chữ địt chị mày nữa chất vlon a êii,1
đồng chí cục trưởng chuẩn bị ăn tối món chao xả gich với đồng chí cấp phó,1
"ông già không chịu làm gì , nhà này việc gì cũng đến tay tôi",0
cái cân của nghệ sỹ hài công lý,1
cảm giác như kiểu cái lồn cx đi kể cho con bạn nó :)) bỏ thì lại kêu :),1
"con tôi mới học lớp một, mới đi học được 3 tuần mà cô yêu cầu phải đọc trơn.tôi không hiểu, học 3 tuần mà đọc trơn thì chương trình học kiểu gì vậy các bác?",1
người bố tuyệt vời là quay lại những hành trình mà con lớn lên,0
bình bảnh bao thằng cười năm nay có đánh không. chi 10k hay 20k đây.,0
"không biết sản phẩm, thực phẩm đã đkvsat thực phẩm chưa..??? mà sao hại người tiêu dùng quá... nguy hiểm quá.. tiền mất tật mang.",1
quỷ dữ chứ không phải con người. thật xót xa cho các cháu khi bị chính những người máu mủ ruột rà đối xử như vậy!!,1
đây chỉ là ảnh phôttoshop thôi bị dân sống tại đo chụp lại và bóc mẽ rồi,0
giang nguyễn m biết cứt chi mồ :v,1
cô my ơi ở lại với e đi :)) kệ mẹ thg lon ba gà :)))),1
nguyễn hoàng anh tú thế thì ăn cứt đi chứ đừg để chết vì cô rô na,1
nay hơi chậm :)) cailozcatkhong,1
dit_me cứ đi vay oda của tq vs nhật về xay dựng rồi lại phải thuê nhà thầu vs thiết bị nước nó. nghe các thầy bảo hoàn thành 2 3 công trình nó đã lấy lại mẹ hết vốn oda nó bỏ ra còn lại sau này dân lại lai lưng ra làm trả cho chúng nó vs trả cả phần mấy th,1
chua ai ngu bang dan viet nam,1
"trời đất.dân dừng xe vô tình cán vạch hoặc đi cán làn mà chỉ dừng xe nhắc nhở không xử phạt ?,sao các anh khác xa mấy con ....(định bảo con chó nhung thấy xúc phạm con chó quá) ở hải phòng quá vậy ?,chúng nó tìm đủ mọi cách bày binh bố trận để dân hở",1
cô thật thà quá trời má ơii cười ỉa emoji emoji emoji emoji emoji emoji,0
"đường cong đẹp quá, mỗi tội mặt không sang!",1
nghiệp quật,1
"bất ngờ tháng 10 lần này không đúng hẹn, nên sẽ chuyển qua bất ngờ tháng 11!",0
vote fadil cho bạn trải nghiệm không gian nhỏ tốn xăng :)).,0
sống chậm lại thôi các bạn và hãy yêu thương và bên bố mẹ mình nhiều hơn,0
tiền bợ dái của thằng đăng bài là 2 xị. nó đi ỉa xin vào bóc cứt ăn nữa để được trường sinh bất tử. địt mẹ m thằng đăng bài!,1
nhìn thầy có khác gì th nghiện khong,1
vaicalon ))),1
"ăn ở cua vàng , hạ long đấy emoji khong lẽ wifi địa phủ mạnh vậy ?",0
"tưởng chia bắc kỳ nam kỳ ad phải sướng mới đúng chứ. thôi, cứ bình tĩnh đã",0
nghe mắc i quá abee,1
dit_me đánh răng thôi nó cũng chiếm 80,1
con nay chat kiep sau no moi thay doi tinh.no khong con thuoc chua roi.con corona virut cang no cho no benh chet di.dong ho ba doi nha no bi benh corona virut cho no biet the nao la dau kho.,1
chỉ 1 người đứng ra thì làm được gì khi mà tất cả những kẻ khác chỉ biết đứng đó nhìn xem gió thổi chiều nào ta bay theo chiều đó,1
abe như này thì bĩu sao hk trò nó không thành ra như vậy.e chán abe quá mà,0
"trưa nóng 2 bố con làm tí cỏ ăn cho nó ngon, ngũ cho nó đúng bữa :))",0
"ở nam có sướng, bắc có phát - toàn đại za xăng dầu. cuộc đời ngắn ngủi đôi khi sướng một phát rồi .... mặc đồ juventus nhé",1
chị giàu quá mà sao thiếu tiền minh hiếu chưa trả dị chị,0
"xinh đẹp,tài giỏi,có trình độ,hiểu biết rộng nên đi làm diễn viên.",0
nguyễn minh nhật bổn bệnh vai thế này á minh béo :)),1
đã bảo số 3 mà cứ thích bắn tym. anh mệt ông già nhà anh quá,0
diện trần vậy là 1386 người yêu thích việc bác sĩ này qua đời à emoji,0
kiếp bóng gió sống được lâu năm mà sao khong giữ được cái nết vậy...,1
e đang học xem lén thầy và cái kết về nhà xem luôn emoji,0
đức hạnh ý tốt lại bị chửi rồi. chia buồn vs thớt.,0
"tỷ số vẫn còn in đậm 2,8, sao a nỡ đành xếp e vào nằm cùng hang hùm vậy huhuu",0
"trách cha đứa bé, thì trách chính quyền địa phương quá vô tâm,",1
chiện là bạn bị mất 400 đồng tn vì thằng ad xl,1
sời đcm nhìn quả mãnh thú chất khong? emoji,1
nguyễn hoàng lực phục cái máu lồn,1
gio phai tu nhan tich duc chet roi mang theo tien bac khong co mang theo duoc,0
"liên cái lồn, bọn game x mobi chúng nó cũng đóng video quảng cáo ở chung sân khấu đấy( cũng mặc quần áo táo quân ké tí fame) , đội táo quân cũng tập ở đấy nên ké hình táo quân tí thôi chứ tuổi buồi đòi táo quân quảng cáo cho, địt mẹ seed bẩn",1
"kakaka, khùng khùng quá sức.",1
biết rồi mà năm nào chúng m cũng gào chửi là sao hả ad :)) khổ vai,0
hồ nguyễn quốc phú thôi thôi chú câm mẹ cái mồm hộ tôi,1
"hạng a chọn toyota wigo cũng ngon nè,bữa lên chạy thử thấy cũng êm lắm..",0
câu chuyện về 5 thầy trò và những đồi giày bạc tỉ :)),0
"không thể tha thứ cho loại mat dạy này,",1
nhật phát :)) làm ơn đọc kĩ trước khi thể hiện rằng bạn sinh ra đã thiếu cái não đi,1
"ít hôm nữa có nghị quyết cho đẻ thoải mái để giảm nợ công trên đầu người,ha ha",0
"hoa hậu lương thùy linh không được xinh lắm, chỉ được mỗi cái học giỏi và chân dài",1
chết là phải toàn thành phần óc chó đua xe không,1
"vao dip sap noel nguoi ta thuong chuc nhau merry christmas,hay ta thuong nghe cau hat : vinh danh thien chua tren troi ,binh an duoi the cho nguoi thien tam ,nhung nhin bon nay ,thi ai cung co cam giac nhu mot bon luu manh dung duong ,nguoi tot thi net",1
"chúc tl uk sớm trưởng thành, mạnh mẽ, trở thành bạch mã hoàng tử.",0
phục vụ giải trí : cả sư đoàn. chứ đại đội nhỏ quá a ưi,0
"bạn gắng thêm tý mua fadil bản tiêu chuẩn, số tự động luôn đi, ngon hơn i10",0
thủng từ nóc rùi,1
"có hôm con tôi tối về viết 2 trang (vì trong lớp bé viết không kịp) làm bài tập trong sách mỹ thuật, đạo đức, tự nhiên xã hội, còn làm bài dự thi của báo nhi đồng (trường thông báo đóng tiền mua báo và khuyến khích tham gia), 11h đêm con làm còn chưa xong,",1
nguyễn đức bạn là chó. cũng là món ăn,1
con đĩ này bóng lộ nè,1
"chưa chắc to lớn hơn là tốt hơn,quan trọng là nó phải phù hợp và hiệu quả",0
hanh viet tôi thấy 1 bông hoa giữa 1 vùng cứt,1
sao tao thấy toàn mất đứa con nít vào cmt linh tinh emoji,0
không có tiền thì gọi là mơ ước chứ đéo phải đam mê đâu,0
"ông này giải nghệ đi là vừa, trình chỉ có thế, so vơi big có khác việc chấn thương và trở lại sau chấn thương cũng ở đẳng cấp khác big 3 rồi",1
cám ơn salon đã cho mình bộ tóc ngon lành ăn tết :)),0
bóng bây giờ nhà ai cũng có.. haha cười chết với cô,0
lật như lật bánh tráng vậy trời hôm bữa bợ đít bã giữ lắm mà,0
tìm bạn gái tại đây nha các chàng trai chưa có người yêu ơi sắp noel rồi eo ơi,0
do thiếu lon ngọc trinh nên hôm qua tiệp hơi nông nỗi,1
biến đi nghĩa,1
"hoá ra từ bigcityboy từ đây mà ra. tôi vào xem thấy mv đẹp, đầu tư. nhưng ca từ không rõ. nhạc cũng không hay. nói thật, nếu bài hát này không đi kèm mv bắt mắt có lẽ chẳng ai nghe",1
emoji_love emoji_love emoji_love emoji_love emoji_love emoji_love emoji_love,0
lần đầu tiên thấy ad page khen mấy chị giao thông có cách hay )),0
đù mẹ.,1
người mỹ sẽ thua !!! lợi nhuận là quan trọng nhất với họ.,0
"ơ 2-1 chứ không phải 2-8 à, đây có phải là bm không.",0
lồn ba rọi,1
như vậy mà người bán cũng khong phân biệt đc thì sao mình biết :(,0
2 con thú chứ khong phải người!,1
"mỗi người có suy nghĩ riêng, theo tôi đây thực sự là thiên đường.",0
"tôi đang đi santafe vào lái thử lux sa, về muốn bán santafe để đổi lux luôn!",0
thôi tụi nhật về nước dùm tao đi,1
em chưa đủ 18 mà làm một đứa thì sợ mọi người có trầm trồ quá không anh?,0
óc...,1
dù già nhưng ngày nào cũng phải mang tiếng cười đến cho các cháu,0
"đến nản . con tôi chắc tôi tự dạy cho rồi , cháu nó không có nhu cầu học để làm siêu nhân .",1
nguyễn bá quang vào xem cmt khong vui như trk đkm cno óc chó vai,1
khong thể tin nổi.thế giới trẻ vn đã đi trước thời đại hẳn hơi lâu à,0
đồ uyển đình ngọc dit_me )) chai sting vô đầu nha,1
mất văn hóa..mặc vậy bó tay.....cơm. phong cách như cc người ta. emoji emoji emoji,1
bạn nữ nào âm đạo dãn rộng thâm đen,1
giáng sinh năm nay toàn người mẫu đẹp tham gia emoji,0
bác lại tranh thủ nghỉ ngơi rồi. thật cao tay quá đi,0
ông ấy xứng đáng với nobel hoà bình vì những thành tích trong những năm qua.,0
cô ba vàng giả cái () cát không. emoji,1
vẫn thua chàng trai có hàm răng trắng tinh này :v,0
mày có lon hả,1
"mình thì ấn tượng với ngôi nhà bên hồ, mối tình xuyên không.",0
mất trinh )))),1
chị có tiền thế sao khong đi thẩm mỹ viện đi ak!!,0
mua 36 triệu - bán 37 triệu - ba sa lời khủng!!!!!! b),0
"nhìn là đéo muốn xem rồi, dự là sẽ có những yếu tố bắt buộc phải cười",1
phan mạnh cường sao lo mong nhà mày chết bớt 1 ngày đi mà rủa người ta chết vậy óc,1
việt nam cố gắng lên tất cả cùng chung sức thì dịch bệnh gì cũng sẽ vượt qua để cho bọn hàn quốc ngu ngục sướng mà không biết điều phải hối hận khi xem thường việt nam emoji emoji emoji emoji emoji emoji emoji emoji emoji,1
"bố nó làm to, mẹ nó làm bự",1
tào tháo - báo nói thế nào cứ suy ngược lại ắt chính xác :)))),0
đang nói chuyện này cái ổng bẻ lái qua chuyện khác mãi :v,0
nguyễn thị tươi thắm ))))))) page hay nhất cmn fb,0
"quan trọng là cãi tụi nó nên tụi nó cho lên đĩa, chứ làm sai thì ai nào khong sai? với lại biết ai chơi khong mà nói ông thanh nào đì, dám nói ông thanh đà nẵng lắm ah ))",1
triệu kim nhung cứ tưởng y tế lạng sơn emoji emoji,0
mua xe mà chỉ nghỉ tới tiết kiệm xăng thì khỏi mua đở tốn xăng nhé,0
ad ns vậy chứ 100 tỷ thì ông nọ bà kia nhịn à emoji emoji,0
địt mẹ thắm :)),1
"nói thiệt chứ bài này của hoài lâm chất nhạc quá cũ kỹ, nhàm chán, nghe 1 2 bài tôi đã tắt.",1
học sinh úc trông cũng rất gì và này nọ phết :))),0
chắc anh tính làm vlog cách ly lên khong dùng fb nữa ấy mà,0
sau đợt này về mở 1 chuỗi cửa hàng bánh tráng đc rồi chúc mừng anh emoji,1
"phúc báo thiệt mấy ba mấy má này rãnh hàng gê, đang trong thời kì dịch bệnh mà ham bay lắm emoji",1
tập thể dục kiểu này dễ theo ông bà tổ tiên lắm...!,1
chúc anh chóng bình phục để đưa nước mỹ vĩ đại trở lại,0
khuyên chân thành nên mua e ak mua bảo hiểm cũng như là một khoản tiết kiệm,0
không thể để đi vì ông không thấy đội nào chịu bỏ tiền ra mua thôi.,0
ô này xin làm lảnh đạo chỉ nhận thù lao 1 1 năm(đở tốn lắm đó nhe.,0
phương chun : like page bao nhiêu lâu rồi giờ ms đc đọc nội quy :)))) lại còn :,0
với những kẻ cầm chắc cái chết thì cách tiếp cận như thế này rất nguy hiểm !,0
"hãy để lạnh trước khi sử dụng, tránh ấng truc tiep mat troi",0
đéo thấy thằng ad giúp ai dc cái cc j mà toàn ở đó bô lô ba la nhãm cức,1
o nhiem bien roi no ngam vao nuoc dan dan roi cung chet thoi,0
bắt gặp được con này thì đúng là thú vị rồi : ) : ),0
"tuan quoc so sánh vs con gái, chửi con gái ngta đ này đ nọ, đéo biết mày có cc không nữa, hay não toàn phân bò",1
giàu thế vàng đeo cả thỏi vàng to nhủ cổ tay buổi sáng,0
kệ mẹ ngta đi. soi mói làm cái lồn gi,1
"đúng vậy, với người thích chê thì kiểu gì họ cũng chê được.",0
đúng là ngưu tầm ngưu. ăn chơi phè phỡn ở nc ngoài rồi đến lúc bệnh thì mới nhớ đến quê hương tổ quốc,1
"thương cô quá, cô thật tình dễ thương. mãi yêu cô",0
ở với sản..bạn đấu tranh họ cho bạn là phản động...khi sản sai...nó sẽ rút kinh nghiệm..đậu xanh rau muống..,1
nguyễn nương ngà trần cuối tuần này ta chụp hình kk,0
tôi thấy con karathen vs đàn quái trench trong aquaman quẩy ở đây emoji emoji,0
mãnh thú từ ngày cạo lông trở nên buồn nên đi chơi đồ hơi nhiều nha :)))))),0
"to nhất mà lại bí ẩn đến thế, thế mới thấy biển cả thật rộng lớn",0
suc vat nao like 70 thế đm nó. để 69 like cho bố m nhờ,1
qc cl à đm con yến nguyễn,1
một cái chết xứng đáng .,1
"như này có đủ để răn đe những thành phần biết là mình không được phép mà vẫn làm không, cần tăng hình phạt lên mức tối đa,vì đã phạm tội rất nghiêm trọng, 2 người vô tội phải chết.",1
cái này bản quyền thuộc về việt nam..cần tố cáo..,0
mom cho khong moc dc nga voi,1
nguyễn hồng phi cập nhật ttin phải nhanh nhưng cũg chíh xác anh ạ. emoji,0
tối nay về stream nha anh .hôm qua chờ anh vã lắm rồi anh ưii,0
tụi trung nó qua vn mặc áo dài luôn rồi ah. các bạn bò vô cho mình tí ý kiến với !!! thanks các bạn,1
sợ nó nói với đám bạn của nó và mình trở thành trò hề cho chúng nó :)),0
lê thanh huyền bich phượng cứ ntn thì nát bét cái sn emoji,0
chỗ tao làm nhiều đứa đái xong ta nói nước đái nó vương vãi ra thành bồn mà kiểu giống như là nó đái xong nó đứng vẩy vẩy từ con cu ra cho sạch con cu nó vậy đó.,1
clm )),1
"kimthy lê dáng quần sang trọng , lich lãm, làm tăng sự chú ý của cô ý vào con cu của bạn",1
thôi đừng cãi nhau nứa lo mh đi. mh cũng nguy nè mấy đứa,0
trông thế thôi chứ ông độ khỏe phết đấy ae ạ emoji,0
bóng gió sao nó hõn thấy ghê đã là người không được may mắn sao không biết tu bớt để an nhàn tâm hồn cứ sân si bởi vậy làm ảnh hưởng đến cộng đồng người đồng tính đa phần họ hiền lành dễ thương mà sao đám quỹ chửi mất dạy quá conquy già kim ngọc ngọc hiếu,1
9 năm nữa trần dân đã chết mất rồi,1
nên bắt dân việt nam! cắt 1 kiểu đầu của chủ tịch thôi,0
trần bắc hà cũng chết trong tù đó!,1
"nghẹn đắng trong lòng ! thú dữ còn biết thương yêu che chở cho con mình, tên này thật sự còn ác nhân hơn cả loài cầm thú ! mong pháp luật xét xử thật nặng tên long này và tước quyền làm cha để suốt cuộc đời còn lại của hắn sẽ phải luôn luôn ân hận !",1
"pkuong dvt chanel . tiền chỉ dùng để đem theo hả????,",0
rảnh quá thì đi quét nhà đi không tí mẹ về vả cho.,0
tham nhũng kì diệu,1
thanh thảo rùa loan đỗ khánh huyền trần thu trang team nhận lương sau tết,0
thấm lắm anh ạ ! biến cố quá lớn. phí phạm thanh xuân ...,0
lý do làm tầm thường hóa giải nobel.,1
"nhảm thiệt. ông park là hlv, đây là nghề nghiệp của ông ấy, vậy nên ông ấy chỉ thực hiện công việc của mình thôi, mắc mớ gì vận động người ta nhập tịch. đầu óc có bệnh à. chưa kể bây giờ còn là kì trăng mật, tung hô ca ngợi,",1
hôm nay đừng có trả thù hay nâng tầm gì đó xa tít tắp từ tbn sang tận đức nhé,0
"trận này messi hờn dỗi không ghi bàn nhé ! vì theo fan cuồng thì pen không được tính, si cũng không phải là người kiếm pen về cho bc mà là fati. bc đã có người thay thế, hãy làm với messi như đã từng làm với ronaldinho.",1
đã bao lâu roi cta chưa rủ nhau chơi :))) thu uyênn,0
nó đéo làm như vậy thì gọi đéo gì là dư luận viên?,1
netflix đồng hành cùng mùa dịch chỉ 65k 1 thángg thôi,0
"đọc xong, sôi máu. sao trên đời lại có thể loại này",1
"riết thằng ad chửi nhảm quá, cp1 gì thì chửi bệnh viện. lôi cả cái đất nước vào làm gì :))",1
gil qq,1
khong bt cô chuyễn giới lun á h mứ bt.cô cy giới lúc mìh 1tuoi emoji emoji,0
sao vậy các cô khong phản ứng kịp nên xem xét lại,0
cực kỳ thuyết con mẹ nó phục :)),1
đỡ thế l nào được :)),1
tâm thần ?!? chứ khong phải trịnh thượng ?! cách hành xử của 1 nhóm có tiền có quyền nên bố láo !!!,1
coi này để bít ông hùng với bà tư nha . thì ra chỉ là trong truyền thuyết kk,0
"tôi mong ông sớm bình phục, trở lại và lợi hại hơn xưa.",0
cô dễ thương quá trời quá đất emoji_love emoji_love emoji_love,0
"không lối thoát, tiến khong được, lùi cũng không xong",0
mình còn đang mặc 2 cái áo made in cambodia. chất cũng ổn,0
hết chuyện nói thì dùng hành động để hâm nóng tình cảm nên ngu thế,1
khói dit_me giốg vãi lon khác mỗi cái mặt,1
nguyễn hậu diệu diệu linh lê bíchh phượngg phúc hồng đú theo trend lẹ mđ,0
tội cái quần khi không bị què. mé nó cay.,1
trà my có lộng ngôn quá không má cái xu hướng livestream bán hàng trên face mới nổi mấy năm nay thôi 10 năm cái lồn,1
dậy tập thể dục coi cười muốn trẹo lưng luôngg emoji emoji,0
trend này ở vn có hồi năm 1900 hồi đó rồi má ơi lâm trần,0
chơi riết cái catte tiến lên lẫn lộn chơi catte mà thấy con hai mừng thấy bà,0
"ngày vnch thất thủ, có bao tướng lĩnh tuẫn tiết giữ danh dự với đất nước của họ ! sau ngày đấy tôi chả thấy thằng mã mẹ nào có đủ khí tiết như thế...toàn lũ vịn quốc vinh thân ! bưng bô cho giặc bỏ mặc dân tộc ngày càng lầm than.",1
da bao dung nghe cs noi !!!,1
link website cho anh em nào muốn mua áo như bé ba luôn,0
cú vai haha,1
nhớ tất cả ace cộng đồng mạng giúp e vs ạ nhất là ae thanh hóa ạ,0
khong biet ức chế vai :3,1
chắc cũng biết khong tồn tại đc bao lâu nữa nên cố gắng vét,1
ở ngoài tao mà gặp kiểu này t bắt lại cho anh diệt đánh chết con cụ mày,1
so vai,1
đồ dỡ hơi,1
kia soluto at deluxe 2020 giá niêm yết: 455.000.000 đồng,0
tại trang điểm hay tại ánh sáng mà các diễn viên xinh tươi hôm nay lại kém xinh vậy?,1
cẫm tiền đùnge có đang b mà nhớ câu anh đi ngoài đường cả ngày nha ;))),0
đập ngu như thầy thì mãi mãi cx dell lên đc 7 e thề,1
wtf,1
"- lê hoàng trần sông ảo riết qen roi à, ns nge ngon lắm",0
bánh tráng chỉ xếp thứ 2 sau pha lật mặt của vũ khắc tiệp,1
túm lại: muốn giết người mà vẫn vô tội hoặc án gãi ghẻ thì phấn đấu làm cán bộ đi.,1
50 tuổi có tập môn này được không vậy ? dạo này bụng to quá !,0
cảm giác ông cố nội tiệp lúc này :))) trong đó thiếu quần xì của ngọc trinh hửi nên buồn phải rồi emoji,1
không có ảnh thực tế thì ai nó thích tưởng tượng ra hình nào mà chẳng được.,0
"các fan trump đọc đoạn: nếu chúng tôi có thể có thực lực đủ tốt, chúng tôi có thể nghiêm túc xem xét bắt đầu xây dựng dây chuyền sản xuất từ đầu ở mỹ , kamler nói. nhưng tôi cần sự chắc chắn. tôi không quan tâm thuế quan là 0 hay 50 .",1
ghê... con bú trên bố bú dưới ::::)),1
hoàng ngọc hòa sũa cc,1
"hôm nay sinh nhật em, ai chúc mừng sinh nhật em đi ạ",0
"thật vĩ đại!, messi ghi hàng tá bàn thắng vào lưới real và coi sân hoàng gia như sân tập, cay hơn nữa là messi luôn cho mu ăn hành và cướp đi của họ 2 cái c1, cay hơn hết vẫn là việc messi đạot 6qbv, 6 giày và lương cao nhất tg, clb thì giữ lại như báu vật,",1
hình ảnh các bạn trong nhóm đùa giỡn với cô gái sau khi được thả,0
dối gian lường gạt emoji emoji,1
đạt nguyễn chó là bn khong phải thức ăn emoji emoji,0
"biết thì làm gì hả lũ ngu. ngoài biển đảo đọ súng, bị tàu khựa nó bắn là chn xảy ra như cơm bữa. ngon thì vác súng ra mà giữ đảo :)) xem có dám ra không",1
dung la gian sang de doi ban tanh kho doi do ban qua,0
ngu đừng có sủa ghen với người giàu à họ về nước chữa trị tự dưng qua bên kia cách ly,1
"đizz mẹ nó giết dân từ từ hết chuyện này đến chuyện khác lũ chó quân ăn cướp chứ đéo phải là quân iu nước , bây h nó còn rước giặc tàu rồi mở đương cho tàu qua giết dân ta cho nhanh , đưa formosa zề giết dân ta bàn chứng cụ thể ai ai cũng thấy",1
"ai qua kênh mình xem chị đi ạ,xem thôi em cũng vui rồi ạ,em cảm ơn trước",0
thì ra con đàn bà cũng nhận ra cái sai à,1
vấn đề bv đi ad e mình bục ruột roi khám ở bv xong chụp xquang các kiểu dit_me bác sĩ vẫn nói khong sao giữ 1 tuần bảo xuất viện thì khong cho may hôm qua kịp xuống hà nội khám nta bảo mổ bác sĩ mà chả khác j ăn cướp chụp xquang thì nó bảo phải chờ mai ms,1
hai mẹ con nhà này giờ thanh nhân vật của năm rồi! emoji emoji,0
ngu người,1
ngày nào toi cũng nghe tin là thêm 1 bệnh nhân lo lắng thật sự emoji,0
ở việt nam người ta kêu bóng khùng,1
lê quỳnh anh mỗi nước có 1 quan điểm sống. chê bọn tây làm gì haha.,0
con di,1
ngta bán để kím sống..tụi m lấy hết thì hỏi sao lại có trộm cắp ở đây..lũ óc chó,1
may quá cụ dần khong sao để còn tấu hài cho con cháu,0
ad óc chó não phẳng vai. biết cc j đâu,1
chúc bác sức khỏe cảm ơn bác và các bác sĩ toàn quốc,0
dung sl nữa bà 3 ôi,1
ôi vãi cả đái. nhanh kinh khủng lại tiếp tục tăng nữa rồi,0
cái miệng linh cá lóc ik hệt cái lồn,1
"phạm vũ nói dân trí thấp lại tự ái . không biết thì ngậm con mẹ nó mồm đi , còn tinh tướng . eu là liên minh kinh tế . còn trời âu ở đây là đang nói đến vị trí địa lý thuộc châu âu . đéo phân biệt được kinh tế và địa lý à ? đúng là thùng rỗng thì kêu to.",1
nhìn tài xế rõ ràng đánh lái qua làn xe máy để giảm thiệt hại cho nó! đúng là khốn nạn!,1
nghe thì có vẻ vô phục nhưng nghe nhiều lần thì rất thuyết lý :v,0
anh tiệp về sớm quá chưa tắm biển với mình nữa :)))),0
nns dương cầu xin các bậc cao siêu nhân bớt giùm:( a mem,0
chinh nguyen tức nhiên... và tức nhiên ... con zi chùng... tức nhiên...,0
khong biết đến bao giờ bộ gd mới có cánh nhìn khác về cách học kỹ năng và tư duy như 1 số nước phát triển để các con vừa có kỹ năng giao tiếp vừa có kỹ năng sông trong cộng đồng chứ khong phải như bây giờ các con học tối ngày khong có thời gian nghỉ vì áp,1
"ngô thanh vân coi đi có nhục quốc thể không . gọi fan vô chửi như là chửi cái đứa ca sĩ nước mỹ mặc áo dài không quần ý , rồi dạy cho cựu vdv nay vô gu ghồ tìm hiểu xem mảnh vải đỏ có hình sao vàng là cờ của nước nào.",1
hoặc do xe vinfast dễ gây tai nạn cho các xe khác khi cùng lưu thông; hoặc chính quyền dùng quyền lực xoá lợi ích người dân để phục vụ cho lợi ích nhóm?,1
hương thanh cái đáng mất nhất m chưa thấy đâu là tuổi thanh xuân của m.,0
phố bolsa là nơi bịa đặt đồn tin thất thiệt lại có những người phét lác như trần dần thế mà vẫn có những người tin đúng là ngưu tầm mưu mã tầm mã,1
ghe qua kok muon coi mat net de so coi toi ngai dum ba do mat net,0
tại c t chân thật quá khong quỷ ma giống m,1
"taken là phim hành động hạng a đấy , một tượng đài của dòng phim hành động",0
"i pray to jesus, sakya muni, allah! please! please protect him!",0
"tôi thấy khong phải nặng mà quá nặng, phải học cả thứ 7, đầu sách thì nhiều, lớp 1 mà 3 quyển sách tiếng anh nặng gần 1kg chưa kể các loại sách khác, nếu tập hợp tất cả các bộ sách theo thời khóa biểu thì nhiều e mang vác khong nỗi luôn nếu trường học 2 tầ",1
tận đáy lòng xin cảm ơn đội ngũ điều dưỡng và y bác sĩ chữa bệnh cứu người.,0
trần dần chơi với tổng thống mỹ thật á mọi người?,0
sau vụ này thì deo biet a có đạt đc nút vàng của diu túp khong á :))) chứ e là e vào huỷ đky luôn roi :)),1
"tôi cùng chờ mấy hn xem nhà trường xử lý mấy cô giáo này như nào, trách tên hùng kia nhưng các cô giáo thật đáng trách và lên án, khong bảo vệ ngay cả các cháu còn nhỏ. đề nghị ca vào xử lý gấp vụ việc này",1
lương 7-8 triệu được ăn mì tôm thái đã là cả 1 giấc mơ : (,0
"đối với csbv mà nói thì lợn, bò cũng có thể làm lãnh đạo là chuyện rất bình thường .",1
toi gia roi co li xi cho it do song qua ngay so dtcua toi,0
thương lắm khúc ruột miền trung. nhưng cơ bão này đến sẽ khiến hạn hán giảm bớt,0
trần đức duy cách ly thôi chứ chưa chắc dương tính đâu nhợ,0
em đợi thầy mang lại tin vui cho anh em trong gr em sẽ đợi thầy về,0
"bác nào like em thì qua xem face con sinh vật kì bí ở trên biết nhé, nó cũng quyên góp nhưng khong bằng nên ghen ăn tức ở thôi, thứ rác rưỡi, dù sao anh ấy cũng làm được khối điều các quan chức việt nam chưa làm được,",1
phim dở vai,1
trần dần là hán gian,1
tất cả cũng chỉ vì con mụ này ra..thể chế pháp luật lỏng lẻo chưa đủ răn đe cứ có tiền là chạy án :) 1 con người reo rắt cái chết cho hàng triệu người,1
con so tròn chứ khong có mấy cái ngạnh như sam nhé,0
tết có hay không quan trọng nhất vẫn là do anh thợ cắt tóc tò phạm :)),0
mày về đái lên bàn thờ nhà mày đi ad :)) xong lúc đó họ hàng khen mày giỏi ( vì từ trước đến nay chưa ai làm được thế ) hay chửi mày ngu ))))),1
"từ dịch này thấy ý thức người nhật xăng đổ nửa bình, nhưng giấy vệ sinh không thể thiếu. không hy sinh bản thân để cứu người khác, nhưng dính dịch thì kéo nhiều người dính theo.",1
"sống chó thế , cách ly cả nhà nó khong sao , liên luỵ cả làng mới ghê",1
sắp tới sẽ có bài : dạo phố đón xuân cùng 9x thụ tinh trong ống khói,0
thằng hùng vs bà 4 nha đụ nín thở nhe a tuân.,1
đặng quang vũ hay nè. qua giờ mới thấy cái này thâm,0
vai.gắt,1
"kinh tế thị trường thì hãy để thị trường quyết định,ai có năng lực thì tồn tại.",0
"cả một khoa cấp cứu nhi, cả một nhóm thiện nguyện cầu mong dành giật sự sống cho bé. không biết người mẹ đã bỏ rơi bé có cảm thấy cắn rứt lương tâm không ? chỉ khoảng 2 tháng nữa là bé đã được chào đời như bao đứa trẻ khác,",1
nhìn cái poster ngầu lòii emoji emoji xem mv hong bt có hoảng hốt hong nhỉ :))),0
sung ban cat 1km thi sao ma trung .dao chem cach 10 m thi lam sao ma đut nha tien chi phet lac,1
"chỉ có mấy con chó phản động ba que mới thích thú đọc những tin kiểu này để xuyên tạc chống phá! nhưng cái bạn yên tâm là lũ chúng nó chỉ là 1 trong hàng triệu người dân vn thôi, khong làm ăn đk gì đâu! :))) chỉ nên mạng sủa sáng, sủa tối, sủa trưa, để",1
mình nhớ con sam là lưng nó trơn bóng luôn khong có lông thì phải,0
lê hải long khong phân biệt dc gia súc và vật nui hả b . có đi học khong bạn ?,1
moi lam tu thien.ma chui nguoi ta.coi chug chet đoc vy hen con beđe mat nhu đau trau,1
cách ly vĩnh viễn khỏi xã hội. mong các cháu lớn và lên xóa sạch kỹ ức đau khổ này,1
"công an,chủ tịch xã,cán bộ thôn ...con ăn cắp nữa là tham ô nó là điều tất nhiên rùi.!dkm giáo viên cấp 1 ở lớp có 2 đứa không tặng quà cô giáo ngày 20-11 cô giáo không phát kẹo cho hai cháu luôn .xã hội khốn nạn vai.tiểu họclien hồng-gia lộc-hải dương nhé!",1
ơn giời cậu đây rồi. trần dần chưa chết còn dược xem hài miễn phí dài dài,0
sau khi ông này khỏi bệnh nên cho đi khám não,1
"dân biển sao không biết được, ham cái lợi nhỏ nên im luôn thôi",0
thùy dươn mẹ cắt cho mình đầu hiền hồ ăn tết hoy mà :)))).,0
bị lừa còn gì. rõ ràng cái th lamg bằng bảo làm bằng phôi thật khong ai phát hiện đc,1
v cut,1
"ôi làm sao , làm sao , chả làm sao cả anh ơi :v haha",0
trân dân.mày vê vn tao sē công đâu mày....nhơ lơi tao nói...thương bé lăm,1
và con tim đã vui trở lại. phải nói là năng lực mec vượt trội,0
thằng già kia đứng cười chứ :(,1
nói gì tào lao khong,1
các chị thật xinh đẹp. tôi hỏi là ông sếp mặt mũi thế nào,0
bê đê chúa :)),1
hồi trước còn nói nước hoa chính hãng mà sale con 300 400,0
lên báo thì giật tít vậy chứ ngoài đời ông khong phải dậy khôn bọn ca đâu. nó chẳng chờ cho giang hồ chém nhau xong có ng báo nó mới tới ý. ong tưởng nó vào can thiệp chắc.,1
"đây là con bong sắc hả moi_nguoi. toi tưởng đâu là gái chứ , emoji",0
đợi em để em có kèo mới thơm hơn anh rồi em sẽ chừ chối anh sau vậy :v kk,0
hoang doanh ptg xây dựng nhà vàng mai mình bận nhé :)),0
các nước phát triển như mỹ vẫn cấm sử dụng đt trong giờ học....,0
đến đây từ tiktok. xem xem người này như thế nào. ra là như thế này. co thế này mà đi đến đâu vệ sỹ và fan bủa vây tới đó.éo hỉu,1
trịnh nam long bị ngu à ? quốc tịch vn thì vẫn là người vn đi định cư nước nào kệ cha ngta? vn chưa cấm thì ông bớt lên tiếng hộ cái lo chuyện bao đồng. thứ ích kỷ cùng là ng vn mà ganh nạnh,1
h đến mấy ông bên iphone cg coi mixi mà nổi tiếng quá chừng,0
nát hết rồi,1
má nó mới chết mà nó tạo nghiệp ghê thiệt.,1
tuổi cũng cao rồi mụ già ơi. sống sao cho con cháu bạn bè quê hương tôn trọng quý mến sau này mụ chết cũng về với cát bụi thôi,1
nếu mua bảo hiểm mà nói đến chuyện lãi thì không nên mua bạn nhé!,0
nguyễn trọng quốc nguyễn khánh toàn chứ trần cái gì,0
"chẳng biết làm gì có ích cho cha mẹ chỉ biết hung hăng, giờ lại để tai tiếng cho họ nữa",1
đụ mẹ ai biểu vn nằm ở hạ nguồn nó thượng nguồn nó chặn cái là lõ luôn.,1
bao giờ bọn chó nó chết cùng thì mới khong an toàn,1
có ngu thì ráng gõ google để xem xe công như thế nào đc ưu tiên nhá :3 chắc dòng họ nhà chúng nó làm công chức nên chúng nó hùa vào bênh vực đó mà :v,1
"con, này, ăn,cuc, cả,thoi, giới",1
uiss cùi vai :)) lương mấy chục ngìn đồng còn đc ăn pizza loại kẹo dẻo đây :)),1
vỡ nợ cmnđ! đập nát hết rồi xây lại còn hơn!,1
nói thì nhiều làm chẳn được bao nhiêu kém học thức quá,0
cái địt cụ nhà chúng nó ? việt nam nhiều giáo sư tiến sỹ nhất thế giới mà chẳng thằng lồn nào hiểu chất độc nó là cái gì??? bọn bú lồn ăn tục nói phét thôi,1
nhìn chị sinh rồi giờ làm đẹp nữa thì chai việt kiều theo chỉ cả đoàn đây chỉ à,0
giá dịch vụ chắc sẽ chỉ phục vụ cho tỉ phú mà thôi,0
em ơi! biểu tượng và cũng là thương hiệu của đó. vô hại mà.,0
chúc mừng các anh không tiếc máu xương bảo vệ bình an tổ quốc.,0
thích video điện thoại vầy nè emoji emoji_love emoji,0
tối qua hẹn nay ra vlog nhưng hóng mãi vẫn chưa có :((,0
không được cười không được cười không được cười không được cười không được cười,0
杰张 liên quan đéo gì đến con nó mà trù con nó kcos lỗ đít,1
sao mà kể người ta không vậy không kể mình vô duyên,0
"fadil nhìn xấu với không gian chật hẹp lắm, vote i10 nhé.",0
đặng công vinh loại mày có cặc tiền mà mua loại xin,1
"tình hình dịch covid19 đang rất phức tạp. mọi người ra đường nhớ đeo khẩu trang, ai sống một mặt đeo một cái, hai mặt đeo hai cái, ai sống như cặc thì đeo bao cao su dùm emoji",1
kenny lâm có share rồi đó kenny. từ hồi dịch ế cm đéo có khách luôn. sắm qq gì nữa hụhụ,1
toàn trịnh vậy 1k1 người yêu thích vì vị bác sĩ này qua đời thì sao nhỉ emoji,0
tôi thấy họ xứng đáng giải thưởng này hơn bất kỳ ai.,0
"ở vn thì có thể, tôi nhấn mạnh là có thể thôi trở thành trend vì bạn là người nổi tiếng, còn sang nước ngoài bạn nhìn tấm ảnh đi, trông như đồ quê mùa học làm dân chơi",1
khả năng chỉ còn vài con thôi . hy vọng bạn ý được bình yên !,0
dân việt mình chịu chơi lắm!nợ trả góp có sao đâu...!nợ vay nóng còn chơi ok mà!nợ công cũng khong ngoại lẹ nhá!,1
maria ozabe thời còn chơi bê đê,1
nói cho cố dựt tiền của cô minh hiếu mặt mài râu ria không,0
1 chính quyền thối nát . ngậm miệng ăn tiền thì nói được gì nữa emoji,1
biết bao nhiu mới vào được.. không ăn hối lộ thì ăn cức à.. khj nào mới hồi vốn chứ.. ng ta là dân làm ăn mà..,1
tên này ngoài đời chắc côn đồ lắm đây,1
tối qua xem đoạn này mà đéo dám cười,1
không phải ai đi châu âu quay về cũng để cứu nước emoji,0
cầu mong mọi người bình an! việt nam cố lên! đất nước chiến thắng!,0
bài viết này đang có quảng cáo. không có tiền thì sờ chim làm sao :)),0
chửi vụ của phan anh đi :)) sao châmh update thế.,0
bây h so hay sam gì nhìn cũng đ dám ăn emoji,1
"hy vọng tài liệu thuế của gia đình trump công khai, minh bạch cho dân mỹ thấy",0
binden lú lẫn quá rồi,1
đm vô lý emoji emoji,1
"đây là sản phẩm du lịch trải nghiệm tương lai, hãy giữ gìn cẩn thận",0
"bạo hành trẻ em, mong muốn pháp luật phải xử lý nghiêm minh, để làm gương",0
bị chịch,1
cần đéo j quan tâm miệng đời,1
phải cho tùng xem cái khác mới bỏ được mèo tom vd : thơ nguyễn,0
khong cần hoa khong cần quà chỉ 1 lời chúc đủ làm ta thấy vui,0
nghe xong thấy kicm là producer cho jack thấy hợp hơn:)),0
ích kỷ và vô ý thức.,1
súc vật ???,1
"nay coi full thấy cô quá trời đáng yêu luôn, cười gần chết",0
cuốn tới cuối chương trình luôn emoji emoji emoji,0
sao già xap xuong lô roi ma len mang chui chi vay that la xau hô,1
con nhà cộng nô có khác . dân có mù có điếc cũng biết cái quân cs nhà nó là lũ bán nước hại dân . thấy mc phan anh đc nhìu người mến mộ thì nó đi cắn người tốt,1
quen lối sống hùa bầy đàng. mỗi người viet chúng ta trước khi làm việc gì hãy dùng cái đầu để suy nghĩ.,1
êh... thằng đó nó dịu dàng vậy nó phẫu thuật xong toi bede cái chuyển tiếp thành moi đợt nữa hay gì,1
lam sao ma co the tha loi duoc cho nhung nguoi an noi vo hoc thuc nhu the nay. bo tay.,1
phạm anhquân vũ trụ này a tôi khong thấy chửi bậy ra tiền ))),0
tức diêng là bác có quyền đổi tên tập cận bình thành... cập tẩm bình rồi emoji,0
"sao dạo này nhiều vụ giết người manh động thế nhỉ, chia buồn cùng gia đình.",0
bá ba cho con ít con lo cho ba mẹ con đi má ba ..,0
"vài hôm nüa, báo doi cüa deng lên nói nó là ng hiên lành cho coi!!!!",0
lanh dao nuoc ngoai noi nhung cau noi tro thanh kinh dien.con lanh dao vn noi toan nhung loi vo van.vn toi khi nao moi phat trien day.,1
"thằng bé ôm yếu thế kia, ông cảnh sát thì như con gấu.",0
iu cô gái khơ me hàm răng trắng tác cái l đen thui emoji emoji,1
phương minn mãi mới thấy có người đồng quan điểm. thật sự nhai không nổi,0
cả 2 đều có vấn đề khi sự kiện trịnh - nguyễn phân tranh )),0
"nếu tài giỏi, hãy xây dựng một thương hiệu mới và đi lên từ đó.",0
con đỉ chó xl này nó ở vn nó chết me lien,1
trần sang bẩn cả fan cứng,1
duy vâu đcm cà khìa vai :))))))),1
ba má đụ chi cho uổng công uổng nghệ uổng nghễ quần quân uổng công tuột quần tèo lên tuột xuống banh lon đau lon đẻ lớn chơi trò gì md ghê. iu minh hiếu,1
thanh vân linh marrie làm tí khong các bạn. lou lắm khong xem phim rạp :)(,0
tien tri gì nói chuyện khong đâu ra đâu. lạc đề mấy chục lần vậy ô noi.,1
vân thuỳ xàm vai :)),1
có nhiều cha mẹ coi con như cục vàng nuông chiều quá nên dẫn tới sẵn sàng ăn hiếp bạn khác. nhưng khi động đến con họ thì họ sẽ làm ầm ĩ lên,1
"súng bắn không trúng,dao chặc không đứt.hài vai,;)",0
trần thanh thiện phii anh tám phan đức trọng huấn có lẽ nào là e gái lúc nãy kk,0
"cái thằng tung cựa...nó lại đi trước chúng ta ah ! đã duyệt bao nhiêu cái tượng đài, tốn bao nhiêu tiền tỷ rồi mà... khong có cái nào to nhất để đập là sao hả...các đồng chí ! về viết kiểm điểm hết cho tôi...",1
nhìn bộ trên tường vs cái ghế là đúng kiểu bạo dâm,1
netflix đồng hành cùng moi_nguoi trog muàaa dịchh đeii 65k 1 thângg đêii,0
quanh đi quanh lại chả hiểu cặc gì nghĩa là chả biết m có vòng vo hay không vòng vo . nói toàn mấy cái vớ vẩn lòng vòng đéo hiểu đk. mà thế đéo nào lại gặp thằng nói nhiều vậy không biết nữa. dit_me nói vậy đọc cả ngày cũng chốt lại vòng vo tam quốc .,1
sợ nhất cảnh li biệt. nhất là đối với người mình yêu thương.,0
thằng ca nào phát ngôn câu ngu vãi lìn. bụi????,1
phải tính thêm cho si qbv wcup nữa chứ là 7 qbv hơn rô 2qbv,0
thì điệp khúc quan ngại lại vang lên nghe nhìu buồn nôn,0
cầu mong các con mau khỏe nhé. chúc các con mạnh khỏe bình an thân tâm.,0
rank việt nam mà yasuo tt6 tt5 thì del phải người việt nam roi,0
"ông cuối cùng khôn thật , đổi nhà thủng lấy nhà ngon .",0
không ở với người bố như thế này sẽ tốt hơn cho tương lai của cháu bé,0
nguyễn long con bệnh,1
nghe nói a độ bỏ stream rồi à. chuyển qa đá cho đức roi a e à,0
"chị nói chuyện quá sản khoái 1000 like cho chị , quá thực tế",0
hình ảnh quốc gia..vn thì khong cần quảng bá rồi....,0
anh trang tính ra hồi đó mình đi trước trend bây giờ,0
đằng sau có lẽ là cả một câu chuyện dài chưa biết! xin chia buồn ạ.,0
chào chị iu ! gương mặt xinh như hoa đẹp thiệt lun á chị,0
"1 cách giải thích chả liên quan gì. giống như nơi tôi ở, bị nhiễm điện.",0
giàu quá mẹ ơi sao lon,1
một lũ quan liêu tiên sư bố chúng nó,1
"bọn trung cẩu vào những ngày tết cũng kẹt cứng con người. thế mà nó chỉ đứng thứ 2sau mỹ. sao ad so sánh ngu nhỉ. các thành phố lớn đều là dân nhập cư, tết họ cùng ùa ra mà về quê, khong kẹt xe, cháy vé tàu thì đâu gọi là tết.",1
mpen đc quả pen vui như trẻ 3 tuổi được mẹ cho quà,0
"tưởng cuối cùng đã hoàn lương được, ai dè...ngựa theo đường cũ. phụ tấm lòng của ông tommy morris - chủ tịch ủy ban ân xá bang georgia.",1
ngửi cho tỉnh đi 3 gòa,1
tuân nguyễn no lai cay vai ra,1
"anh độ chơi đá từ bé,bảo sao không tưởng tượng ra có thằng đánh,chém mình :)))",0
"nói z thôi cho dân chúng bớt xoắn lên nhưng thực chắc cũng đâu vào đấy. nó chơi ngầm thì đố ai biết. cái nhà nước này nó nát bét hết rồi. các bác đừng có mơ làm nhà nước nữa, từ cấp 3 đã xác định là làm nghề gì mà khong liên qua nhà nước rồi, vì tao biết g",1
bảo dan tri thap thì tự ái :),1
đọc sớm biết sớm rồi thông minh hơn hay đang vắt kiệt sức lực các cháu. đọc mà bức xúc.,1
"t thề là nếu như dịch bệnh mà hết và con nhung này ra viện thì chắc là ai nhìn thấy nó thì cũng muốn lao vào xé xác nó ra ấy, thế có mà nó sợ tụt lờ khong dám đi đâu đâu )))))",1
"lý luận của cs với dân ..,khi cức chó...lộn khi có chức ...",1
à hoá ra đây là mái bổ luống trong truyền thuyết mà anh đã kể -)),0
bexuammailonto :),1
:)) cái chính quyền đu càg bỏ chạy đấy thì cũng chẳng mất nhiều côg sức lắm,1
"đầu mùa năm nay không thấy si82 của chúng ta hát bài hứa thật nhiều, thất hứa thật nhiều nhỉ.",1
trẻ con hiếu động là thật nhưng mới có tí tuổi đầu mà cắn con nhà người ta như thế thì nên xem lại cách dạy dỗ con của quý phụ huynh ạ. thường thì cha mẹ là tấm gương cho con cái noi theo mà.,1
"nilong thì chỉ có đốt rụi, chứ để nguyên mà đổ xuống đất thì 100 năm vẫn còn.",0
trông thì mặt hơi vô lí nhưng khá đẹp trai anh ơii,0
chế độ nầy sắp tàn rồi nên hù thiên hạ !,1
đm cú vai,1
thằng chó này :3,1
đổi vậy là đổi luôn ccd sổ hồng sổ đỏ giấy phép lái xe rồi !!!,0
"thấy cái đó là xỉu vậy giờ bà cũng có cái đó đó cuối xuống nhìn có bị xỉu khong, nói chuyện xạo quá",1
quá manh động,1
có ai là quan chức mad khong lạm quyền đâu,1
"không nên mua xe trung quốc, muốn mua xe giá rẻ thì có thể mua xe hàn quốc cũng tạm được. ôm con xe này vào mệt người.",1
"lời nhạc mà như đối thoại, chả có gì đặc sắc",1
giống nhau như 2 giọt nước. mà mỗi cái là 1 giọt nước mắt với 1 giọt nước emoji thôi ạ emoji emoji,1
nguoi mien trung nhu e chi ngoi xem cac bac chui nhau thoi :)),0
ôi kho than cho may doi sau lam sao ma cha no dc chu .ôi phuc ôi la phuc ôi,0
idol em emoji emoji emoji kiur này loot thính chanh nhau,0
bây giờ có 2 tỷ chưa chắc mua được căn hộ dưới 60m2 ở q. 12.,0
"trắng biến thành đen , có biến thành khong , khong biến thành có họ còn làm được chứ trắng biến thành xanh là chuyện nhỏ",1
ý ad là nó hỏi sao khong quay video bme nó tập trận ý mà,0
thằng đjên nào soạn thảo thế.,1
đi kiếm con linh nó đỏ sẫm do đánh chết mẹ nó đi rất um ho,1
"tiêc quá , khuôn māt, mūi không còn xinh xắn dễ thuơng nhu xua.",1
gương mặt tỉ lệ vàng ghép vào ảnh đéo nào cũng hợp :))),0
chắc sáng bà xem được chiều edit video đính chính :v,0
em thử tranh luận chính trị với đám cầu thủ đỏ đó... sẽ thấy tụi nó chửi em khong khác gì bọn bò đỏ nhé,1
không chú nào quỳ bố nó xuống nước cho ổng dẫm lên lưng bước qua...như vậy có thể mau lên chức hay sớm được chiếu cố hơn! quan nhà sản có khác...bị khuyết tật!,1
cứ mỗi tháng 1 lần đăng lại băng này cho nó lên núi luôn.,0
nghe ớn quá. hết thịt để ăn hay sao ta ??,1
"máy quá yếu, leo đèo như ông lão 70, nếu chỉ đi trong phố thì tạm được",0
ông tuân dễ thương quá. cười suốt như đc mùa emoji,0
:v :v vậy bạn cho mình hỏi vụ villashin bh nó như nào rồi :3,0
dancer chiếm hết chỗ rồi chỗ đâu kây-atm ngồi đờn emoji,0
"bọn xu nịnh là những kẻ làm hư cán bộ, và là những kẻ yếu kém chuyên môn nhất.",1
có khi nào thằng. cây atm. ghen ăn tức ở khong nhỉ emoji,0
nói xấu vợ xong quay ra nhìn nhìn xem vợ có nhìn thấy không ))),0
cho hỏi nhỏ tý ạ_trần hồng hà làm kinh tế giỏi như anh chung không nhỉ?,0
lương 7 8 triệu không có cơm mà ăn phải ăn hải sản cầm hơi )),0
vải lông gì tỷ nổ lằn nổ lốn dell ai quan tâm,1
mấy đứa giàu thường rất thích đi dạy đời người khác,1
:)))) những thằng ngu hay bảo người khác ngu mà khong biết nhìn lại mình,1
"sau những giờ làm việc mệt mỏi, kênh thầy làm em dồi dào tiếng cười",0
nếu giết người chắc là tuyển vào quân đội làm sát thủ à,0
nguyễn trọng hiệp có cần cho mượn con bmw 760li khong :)),0
mk vẫn khong hiểu sao con cá lại ngoặm đc đầu con rắn nhỉ,0
chúc nghệ sỹ khỏe và có tấm lòng với quê hương đất nước.,0
mu này tởm thật,1
hút điếu thuốc rồi ngủ đi..mai khởi đầu mới hết buồn chứ gì,0
"cái này tau biết này , để nuôi mấy ông bụng bự nè",0
du ma may ve viet nam tao la nguoi dau tien bat may,1
cho t hỏi cái trong tay chị ấy đang cầm mua ở đâu :)),0
ơ cứ tưởng cậu này chưa vợ cơ. giờ mới biết đã vợ con và đã ly hôn.,0
chậm clmm,1
"lily huynh ở hải châu nè chị, c đã lên lại đn chưa?",0
"thánh này thông minh lắm, đừng có giỡn nhe,,...lương lẹo lắm à..kk",0
họ cũng chích điện giống mình hình như sao chép không có bản quyền,0
"tuyệt vời quá, cảm ơn những người con quảng nam đã luôn nhớ nguồn cội !",0
:)) dân việt xây lên chứ đéo ai mà sủa :)) khéo khi có cả bố mẹ m làm ở đấy )) đhs có cả cái page chửi )) mấy thằng mày lo đi mà học đi,1
fan bóng đá coi là thưởng thức và tận hưởng đam mê chứ đâu toàn cmt hơn thua. buồn thực sự :(,1
bà mẹ nó chửa lây người hà nội luôn khong nói được lời gì cả con nầy khong biết nó còn hơn võ tắt thiên nữa khẩu nghiệp nghe con đài loan linh lóc nghe nỡ mẹ kêu biệt danh bắn nầy bắn ngọ đồ khẩu nghiệp vậy mà quản cáo đi chùa xim trời phật con nầy chỉ có,1
nhớ diễn hài thật hay nha abe emoji emoji emoji emoji emoji,0
thiết nghĩ anh phúc hợp punchline hơn là kiểu này :),0
sao tụi nhỏ bây giờ manh động tàn nhẫn dữ vậy trời,1
đ nhặt đc mồm với nỗi nhục của bạn này :v,1
riêng chú a cho nghỉ m2 9 dài dài yên tâm. để đi xả stress...,0
"do giá vàng tăng, giá nhà tăng theo, trung bình 30 cây vàng một căn.",0
tứ chi phát triển mà não đéo phát triển emoji,1
không dương tính với covid nhưng dương tính với ma túy à )),0
khong thich thì biến ai mượn bấm vô koi khong thấy tựa ghi thánh liệu hả,0
tủn 3k đẹp đẽ quá mà chuyện cá nhân của nó vs thk nào đó mà đi xiên xỏ đá xéo minh hiếu . trong khi minh hiếu chả có khái niệm gì nghĩ đến tên con trần đoàn nữa . chả biết gì tự nhiên bị chửi già đầu khong biết dạy fan. chấm hỏi luôn . bị chửi đáng,1
nhiều lúc a tôi xàm lol nhưng nhiều lúc chân lý vai emoji,1
tuổi lồn sánh vai,1
đm xạo lồn :) fuck,1
"báo cáo bò đỏ bọn thanh niên và nhiều tờ báo uy tín khác của đảng đang phản động , giật tít câu view ! truyền lệnh tấn công đi lũ bò !",1
clm thầy,1
"quả máy đó toy còn chạy theo tuột dép không kịp, máy tq 1.5 bằng 3.0 của nhật nói chung và 4.6 của toy nói riêng",1
khi đất nước tiến được đến dân chủ tôi nghĩ nên làm riêng một phần nghĩa địa để trôn riêng những người cộng sản khong nên để mộ họ chung với chúng ta được để cho thế hệ sau biết những phần mộ trong nghĩa địa của người theo cộng sản là quỷ đội lốt người có,1
7-8tr nhưng đủ lo cho con mấy bữa tôm hùm với cua alaska đueọc yên tâm đi emoji,0
chuong trinh sam lon qu a,1
con người yêu đỏng đảnh thật nhỉ,1
trần lâm coi sao chứ t sắp ra qb quính lộn rùi á ))),0
pé nguyễn : mày bị não phẳng à. tao chửi bọn nhai đi nhai lại. chứ fan cứng đi chửi boss bao giờ ? hay thì share. thuyết phục con cặc nè,1
nghe nói em thích người đàn ông có sức hút emoji_love,0
không phải thích khoe mà là sở thích của cô thôi nha,0
:) ổng chửi đảng cs giữ lắm mà ta ? sao giờ quay 180 độ vậy ta ?,0
thề a ác vs a quang vai ... a den vai,1
ngu thì làm mất kệ cmn,1
mình hạ hoà này gần ngay chỗ mình oét mà vẫn phải đi học emoji,0
"sao lại nhiều cầm thú thế này? hết mẹ chăn dắt con đi ăn xin, cậu ruột hiếp cháu. giờ bố tra tấn con rứt ruột đẻ ra",1
tao cháu ông tổng thống mỹ nè .đụ má xạo lồn.,1
trần dần tấc ziên là fan ruột của đỗ nam trung rồi.,0
xàm quá,1
"con tôi vừa vào lớp 1. tôi nói thẳng là không đi học thêm trước là đuối và sẽ rơi tọt lại phía sau. mới lớp 1 mà học bộ sgk 20 quyển, thay vì chỉ nên tập trung vào viết và đọc tiếng việt, thể dục, vui chơi.",1
đọc báo thấy bảo xài app này nguy hiểm đến thông tin cá nhân,0
quá sàm chứ liệu gì,1
bambou sacré đang buồn nghe cái này chắc chết cười :)))))))))))))))),0
ddjtme giống 100 như đúc người emoji emoji,1
nhìn hàm răng ghê gớm vậy mà ăn côn trùng không đủ nhét kẻ răng :)),0
"cầu xin ơn trên độ tt trump vượt qua nạn kiếp để tiếp tục điều hành đất nước ,",0
"cũng khong ngạc nhiên jì lắm, gần hết 2020 xăng xái cho đạt yêu cầu quan thầy ấy mà, riêng cái điều này coi bộ khó đạt í,có thằng chó nào ra đường nói tiếng tàu với đồng bào,đồng nghiệp,bạn bè bằng tiếng tàu khong,",1
"nói thật, chả thấy anh này xấu ở điểm nào. càng già càng gân thì phải",0
thần tượng một thời của tôi. chỉ tiếc cuộc đời cô ấy có nhiều biến cố xảy ra.,0
cô này có quá cảnh ở sân bay inchen hq rồi mới qua sân bay quatar mà lại không thành thật khai báo :) 1 tuần trước hq thành ổ dịch mà cô vẫn không khai báo :) thì ra vô ý thức không chừa một độ tuổi nào cả :) hi vọng nhà nước share thông tin để né,1
xong đời tot rồi cả đội học khí chất quý tọc chơi gold.,0
kênh là ba rọi béo sao nút vàng ghi là thầy giáo ba nhỉ ?,0
một lũ ăn bám,1
hủy thằng bố mày ý :)) ngu,1
cooking oil hân hạnh tài trợ chương trình này )) hạnh phúc qué,0
han lu thạch trấn hào kim yến ê mắc cười qá chịu khong nỗi )))),0
sena nhìn mặc như lồn,1
già mà non :)),1
cho tao hỏi miền ngoài là miền đéo gì vậy emoji,1
nản ba gà thật sự,1
"đá cho vui, trận sau gặp tphcm thôi mà. hlv nào chả được. thay làm gì nhỉ?",0
chỉ muốn ad chửi chết tổ bọn chó chít này đi emoji emoji emoji emoji,1
đu.má tu.biên tu.diēn luon...,1
cc 3 m,1
chửi cái dit_me,1
chia tay t bắt bỏ tù hết chia tay cc,1
vì vậy các bạn cứ ở ngoài đó nha. đừng có vô trong nam này làm gì. hít bụi mịn như hít cỏ mỹ vậy đó. hèn chi phát phát biểu ra là biết ở đâu liền ah !!! emoji emoji emoji,1
ghe bạn kia nói nếu thực sự là vậy thì bạn ý nhận xét vậy cũng đúng,0
"mở bán luôn đii anh ưii, phận fan mềm biết bao giờ mới cứng emoji",0
"thằng ad chửi tránh ra, tao viết dùm đám dlv cho:",0
con này mà hấp bia cách thủy nhậu thì tuyệt cú mèo,0
"xin chào các bạn, hôm nay sói sẽ hướng dẫn các bạn cắn kẹo xê xủi hương cam :v",0
dit_me nghĩ chán emoji,1
chi ba noi va hay.song khong njh bo ai het.co sao noi vay chi la ok,0
t.q âm mui chê vi trung giết nhân loai toan thể giới . đê lây lan chết nhiêu nguoi oan .mang tcb ra toa thêgioi sét su ?,1
ca ở đéo đâu chả thế khong đc ăn là nó khác đéo j giang hồ dưới chỗ tôi ca khu vực giờ khác đéo j giang hồ đi đòi tiền bảo kê hàng tháng ra mặt,1
đéo làm even nho nhỏ giải nghiệp đi abe :)),1
"tên này quá tàn bạo, hắn không xứng đáng làm cha đứa trẻ này nữa",1
đặng trà có vài trang giả có y sì cái codesite như của garena mà,0
tùng hỏng :)))),1
thang m. hoang anh nguyen tag 2 con người biết đánh bài vào đây,0
má thằng mả mẹ nào design nhìn mới tưởng nó mặc thêm 1 quần chưa kịp kéo khóa. style kiểu này kn là thằng lý quý khánh,1
loai ngu dốt khong bt. huc la zi ! lam mất hết an tuong người phụ nữ việt nam ! khong tha thứ được!,1
cho cục gạch vào cái kính,1
vay lồn vay lắm thế,1
nhìn chân đẩy coi bộ dễ cho bệnh nhân chỏng đầu xuống đất quá!,0
"tàn phá rừng phòng hộ phải chịu hậu quả thôi, chứ đừng đổ cho biến đổi khí hậu?",0
cái này là tiếp nối truyền thống cụ nhà nó nhé.,1
"thùy trang lọt tai bạn để được gì, lọt top là được rồi :)))",0
"má đi du lịch ở nước ngoài về, thì tự khai báo cach li di chứ,sao có loại người i thức kém vậy trời",1
"cô ba chở vàng qua mỹ :)) nghe hư cấu vai,mày vào xem ký sự 30 4 đi nhé",1
xàm lồn,1
dạng háng bắt sele buscu chứ gì thầy emoji,1
duck anh mày sv đó,1
ninh trần idol của em cũng from mixi with love à :v,0
loại mày trước sau gì trời cũng đánh mày,1
trung minh đã c.bi dụng cụ trang điểm mùa dịch chua,0
linh kute đẹp mà thông minh khong ai thích đâu nha,0
khi một số ý kiến phản ánh thì chưa thành vấn đề nhưng gần như 100 phản ảnh là con vất vả và sợ đi học thì nên xem xét lại. trẻ con mới đi học mà sợ học là vấn đề lớn! kính mong các cấp có thẩm quyền xem xét,1
phía sau một người đàn ông thất bại là một người phụ nữ xúi dại :)chúc mừng harry,1
mọi người buồn thì qua page em nha page hợp tâm trạng :v,0
cụ tám dần sao đợt này râu tóc bạc trắng thế kia. ???,0
"đăng thảo htrc t mua của chi tóc giả, đeo ai cũng tưởng tóc thật 270",0
vie nguyễn đâu đó thấp thoáng hình dáng c ấy khong hà,0
ý thức còn ít hơn kiến thức hoá của tao,1
đấy thế nhé. thế là vừa lòng nhé. chưa kể những ng kêu là không ngại nguy hiểm kia toàn là lính. sai đâu đánh đó. không kêu chắc tự ra làm. mà nói là nói mấy cha bụng bự kia chứ nói gì lính lác.,1
xưa xem phim tvb mấy tay anh chị là hay cầm cái cục điện thoại này lắm nè,0
tiền ngta gửi nước ngoài hết rồi lấy đâu ra mà ủng hộ.,1
ngưỡng cho phép ở thiên đường có vẻ cao hơn hạ giới,0
hình như hqua anh này có donate xin reaction nèee,0
tuổi lờ )),1
đình quang bắt buộc phải ngẫm nghĩ nên đành trưởng thành :,0
train làm gì anh ba. malphite thần kiếm mana còn dạng được mà emoji emoji,0
"dụng cụ của bạn hơi gồ ghề , khó nhọc cho phụ nữ. nếu bạn yêu thích và chú tâm về phong cảnh ... bạn nên học hỏi và giới hạn trang bị trong phạm vi này. nếu chưa phải pro , bán hình phong cảnh để sống, enjoy là chính,",1
o doi la vay luc nguoi ta ha minh van con thi chuoi nguoi ta cang ngay cang manh bay gio no tuc roi no quay lai no can cang nhieu hon xua nghe cho da tai nhaoi nguoi that la mat the dien cua nguoi vn bo tay ban thieu,1
phan nhuệ anh mỗi mình ông có à emoji emoji emoji,0
"tin đau lòng nhất hôm nay, ra đi thanh thản nhé các bé, xót xa thật",0
vn hãy chung tay đấy lùi co ro na hãy cố lên vn ơi,0
nhìu khi mình chẳng còn muốn nói chuyện với ai )),0
nhà tiên tri vũ trụ dợt này già qá chúc ổng thượng thọ ak,0
nếu bảo chủ tịch mặt như l... thì ?????,1
"nhìn chú trấn dần giống bị nhiễm lắm, không biết có phải không? nhìn hài thật",0
tính cách sống và hành động cụ thể tỏ lòng yêu nước của người hàn quốc .,0
thể loại gì đây trời.du côn với cả con mình nữa sao,1
"người miền bắc,người miền trung,người miền nam cũng đều là người việt nam,tất cả các miền đều có người tốt người xấu,nhưng hầu như đa số tất cả việt cộng mà leo lên hàng lãnh đạo từ cấp tổ dân phố,",1
thấy thì thấy nói giàu lắm có tiền lắm con ông cháu cha lắm. ra nước ngoài dell có tiền về .bệnh xạo lon thì vẫn còn mỗi ngày.,1
đào ngọc hải phạm kiên chúng m còn an toàn khong hh,0
"ý thức tý đi nào, không người ta lại nghĩ mình quốc tịch hàn đấy :)))))",0
nhậu cái đm chúng mày lũ chó hại dân hại nước,1
em sẽ chờ súprai kênh mới của thầy... yêu thầy :(((((((,0
"nhà tiên tri hay đấy, ông có thêm 1 phiếu về vn chơi nhé emoji",0
quê tao mà giơ cánh hoa ntn ra đường là đéo còn đường về quê mẹ,0
cách phân biệt thằng ngu ba gà và ba vi thì đúng hơn đó thầy,1
nó in tiền như in giấy lộn thế này bảo sao không lạm phát.,1
lâm đình khoa khong-atm cao lãnh đồng tháp biết nói,0
méo hiểu thể loại fashion gì luôn emoji nhìn bẩn con mắt emoji,1
"ơi là tr, tao coi mà tao cười như thằng khùng luôn dị đó",0
mạnh hoài ngoài chú ra khong ai hiểu toi emoji emoji,0
mọi người cho mình hỏi chị này phải người chuyển giới không ạ,0
con trai cưng của độ thích cắn kẹo hương cam emoji,0
"khong đc public đ c các ông ơi,có duyên sẽ gặp thôi",0
lợi cái đầu buồi j hả,1
mức án quá nhẹ khi đem so với cuộc đời của 2 bé gái đã bị hủy hoại.,1
"nếu bạn đi khám có bhyt- bhxh tại các bv quận cũng sẽ nhận được kết quả bệnh rất nặng và kèm theo bọc thuốc to về uống cho no, 6 tháng sau bạn sẽ bị suy thận, suy gan vì thuốc.",1
"địt mẹ. ông chú mình đc bạn ổng gửi cái hộp quẹt zippo hơn 100 đô. lúc nhận hàng thì chỉ có cái hộp khong, hộp quẹt bị bọn cho này luộc cả",1
con gia nay sao ra duong duong xe no tong chet me duoi gam xe,1
ai đánh moá bóng già này thì hú toi đánh tiếp,1
may la co nguoi dai loan lay my do my the bao sao ai cung ghet song cac cu vi lam di 9 phuong con 1 phuong de lay chong nhe,1
hoang anh vũ hình như cái này editbằng deepfake đúng không ta?,0
ngô duy tân bố mẹ làm còng lưng ra nuôi ăn học thì không fan,0
trường giang không cố ý nhưng chị n vô ý ích kỷ gây hậu quả nghiêm trọng là điều không thể phủ nhận rồi bạn. :((( mình cũng mong chị ấy mau khỏe và chịu trách nhiệm cho hành vi của mình,1
"nghe cô hiếu nói chuyện cười muốn chết ,mọc mạc thu hút người nghe",0
mẹ nó. sắp đc húp mà cứ live cc,1
"vua thua cùn ở chỗ đó, cùn mà còn có quyền lực nữa thì chẳng ai đấu được.",0
"đm nó bây giờ mày là thằng ất ơ mới vào làm thì đm trên dưới cả bộ máy nó ăn thì mày có dám không ăn ? còn cha mẹ phải nuôi còn dự định tương lai đm ở đâu cũng thế thôi ,",1
em thì khong hiểu đầu nào nhưng chuyện gì mà chị chửi giữ zay chị,0
các cậu đừng cực kì thuyết phục nữaa emoji độ chưa đủ thuyết phục hay sao?,0
này thì đáng sống. mịa nó.,1
dit_me )),1
anh hàn này dân số có 30tr mà tiêu thụ xe kinh nhỉ,0
"đăng nguyễn jack khong hát thì ai hát, khong-icm hả",0
"người miền tây đúng là chân thực, như idol toi á jack",0
ngta nhiều lắm có 2 mặt đằng này tận 4 mặt !!!,1
cang ngay cang ghet toi thp,1
"... hoặc đơn giản hơn, đem lại niềm vui bất ngờ cho cô bé sarah.",0
tiếc diên là kênh của toi ai thích thì zô khong thích thì zô. zô zăn hóa,0
thật khủng khiếp. mong rằng trong lai sẽ không còn những tai nạn như vậy !,0
em được 9.75 công dân anh có thưởng gì không?? )),0
ông già nhà thằng tùng đi đâu roi để tk con ở nhà chơi một mih z :v,0
tủnn tủnn phục l4 n,1
ơ ... ! sáng nào tôi cũng uống cafe đen từ hơn hai mươi năm nay rồi !,0
haizz. nthe này thì dân khổ quá,1
nếu ổng ở vn thì có thể chữa lành bệnh được không nhỉ. vn giỏi mà.,0
đm train như cuccut mà vô quất 1 hơi 3-0 sợ thật :v,1
trung thu là tết thiếu nhi mà dhs mấy bạn nữ vẫn đòi quà :)))),0
e cũng chúc anh chị vs bé tùng có một tuần mới thật là vui vẻ,0
và tôi cũng vậy. trời! dấu hiệu gì đây? hổng lẽ...,0
lộc đéo cmt là bác đc yên roi. lộc cmt cái bác lên nóc nhà bắt con gà... bãi đéo nào cũng có dấu răng của l :)),1
trẻ đẹp tài năng nhưng khối óc đã làm việc sai quy trình nhân loại.,0
dit_me linkk,1
cứ tính ngìn tỷ đkm sợ thật,1
hi vọng chuyến bay quốc tế về sẽ sớm mở. các bác tính toán nhanh dùm.,0
với các điều kiện và tiêu chí của bạn thì nên chọn i10 là phù hợp nhất nhé.,0
làm xấu hình ảnh những người đạp xe tuân thủ luật giao thông,0
đạt royal nó khong chịu cách ly vì trong đó ngột ngạt,0
nói làm lồn gì để rồi bị chửi )),1
đảng và chính phủ việt nam quyết chiến thắng quết thằng,0
"một số lớn người vn phải xếp vào một trong những dân tộc tàn độc nhất thế giới ,mục tiêu là chủ nghĩa cá nhân là trên hết.",1
cuộc sống kbt còn cái j ngu hơn cái này khong emoji bất lực emoji,1
chị ơi e nghèo nè chị. làm cong nhân không dũ ăn nè,0
gửi con ml nhung17 nhé ))),1
2 bố con rất tình cảm. chúc mừng anh và con đã có thành công.,0
bả chửi người ta mà cái mặt bả hớn hở làm như zui lắm emoji emoji emoji nghiệp quật là có thật,1
mỗi lần phỏng vấn anh lân có trả tiền cho bác trần dần không anh,0
lò a kí đến bệnh nhân số 100 chắc phải xem xét thật ố :,0
mặc dù đây là những tin đáng mừng nhưng thực sự tôi cũng kiệt quệ vì covid quá.,0
làm vậy sau này quay lại nhật muốn xài dt phải trả hết nợ mới dc xài,0
mấy thằng bảo không có khong-icm thì jack cũng không làm được gì,0
"đây nữa nek, toàn lũ giáo sư tiến sĩ đầu óc cức",1
vai cà khịa ))),1
thề nhìn giống anh pew vai mà anh cứ bảo không phải,0
hải yến có duyên thế này khong biết có ny khong ))),0
hãy để trẻ đánh giá mới khách quan. người vẽ thì tranh của họ lúc nào chả đẹp!,0
mình nói lớn mà ngu thì lại nói mình hỗn. ý thức như đachlone,1
thoại trần soi có giúp bn nổi tiếng hơn khong emoji,0
kế dụ hổ ly sơn hay điệu sấu ly hang kỳ đà cũng biết xài...,0
"nhưng mang ra rạp thì đéo đứa nào coi, kể cả miễn phí chứ chưa nói đến bán vé.",1
"đã xem, 2 người vô dụng nhất lại còn sống, thấy tiếc cho nữ chính emoji",0
sang đài loan nó kiện cho công ty đi tù ý còn ở việt nam thì dmcs nun,1
"có lẽ sinh nhật tôi cũng như vậy ! không ai, không một ai nhớ sinh nhật tôi cả",0
xe việt nam vẫn quá đắt và đường xá thì quá kém,1
"ăn thua gì, ăn mừng đón con khỉ nói tiếng hoa cũng chết vài triệu mạng rồi.",1
nhạt vai,1
du ma nguoi vietnam sang my khung het tron,1
"oày,chức quyền đều mua thì biết cái quái gì mà bảo sao không phát biểu theo kiểu ngu học thế được.mang tiếng giám đốc sở xây dựng mà một tí chuyên môn nghiệp vụ thì cũng dần dần hiểu ra bỏ bao nhiêu là tiền cho cái chức đó rồi đó.",1
thật dễ thương. hy vọng chúng sẽ phát triển nhiều hơn,0
nên nâng tội bạo hành trẻ em theo tuổi của nạn nhân và không được ân xá.,0
"tụi hq này bắt trend trễ z,mấy chục năm trước ở vn đã có trend này roi :)))",0
mong cơ quan chức năng thu thuế đầy đủ các đại gia này.,0
chôn sống nó đi,1
nghe quả nhạc dạo đầu ám ảnh vai anh ạ: mất ngủ là có thật emoji emoji,1
"trời mùa này vẫn còn nóng thế mà đvh vẫn chơi quả áo len cao cổ, nhìn phát ngốt! thời trang đánh tan thời tiết :(",1
ai cũng như chị làm con ô tô thế chết hà nội tắc lắm rồi .,0
"trúc ngân đứng view nha, lượt like còn nhiều hơn lượt xem. 25p đã đc 1tr rồi",0
"eo ơi vai kề vai thế kia, không hề giãn cách. bảo sao không lây.",0
"ông trump có tranh luận đâu, ông ấy cố gắng ngắt lời để cướp diễn đàn đấy chứ.",0
thay vì cực kì thuyết phục thì hãy cmt gì ý nghĩa hơn đi emoji,0
lãnh đạo cũng phải có huy chương cho xứng tầm chứ.,0
"kiến ăn cá rồi cũng có lúc cá ăn kiến , đại loại thế...",0
tùng lâm đinh mua được ổ bánh mì với chai nước lọc ợ :((,0
cục này ngon nè ... chồng và vợ mỗi người nữa cục nha,0
đem ra bắn ngay cái thể loại ấy,1
tôi ủng hộ ông trump thắng cử và chúc ông thắng cử trong cuộc bầu cử tới !,0
không liên quan nhưng bên fe credit này nhắn tin quảng cáo quá nhiều,0
cho e hỏi đường lên thiên đường cơm sườn sắp tới chưa ạ chứ dân trả phí cao quá,1
hahaha súng bắn xạo vai,1
"có ai tự nhiên lên phường , rồi đi tự tử trên ấy không ? giờ thằng nào con nào , muốn tự tự thì cứ việc lên phường cho nó gọn . đỡ bị mất tài sản , với lại người nhà cũng dễ tìm nhá . chứ đừng có ra cầu rồi nhảy nghe hôn .",1
toi tưởng bọn học trò nó ghép clip vào chứ ai ngờ nhận giải thiệt,0
tham nhũng đang rất ổn định mà emoji emoji,1
toi bi khong là sẽ có bản này mà chủ mời cô mà nch có 15p thì phi emoji,0
clm :))))) trí xuân,1
"a sẽ vĩ đại hơn nếu thống kê cả số lần lật ghế, giận hờn, đi bộ vuốt râu....",1
thuốc lào cao bằng hút phát phê đến đỉnh não nha các bạn emoji,0
noi giong biet dot nat khong dao duc,1
ý thức của nó thấp hơn điểm hóa của em..... emoji emoji emoji,1
cũng may ngày ấy phần lan không được vinh dự gia nhập liên bang xô viết !!!,0
phương minn thế là chúng ta chung thần tượng rồi đấy,0
"nơi thì lũ lụt nơi thì hạn hán,giá như có thể chia sẻ qua lại.",0
vâng chỉ có ở vn.... 1 đất nước tự do ngôn luận là thứ xa sĩ.... vãi vn...,1
minh tran uh mình nghe cũng nghĩ là người miền trung mà bả khong biết phân biệt,0
việc này làm mình nhớ lại lúc cháu mình học lớp 6....cãi vã nhau với bạn trong lớp và khi ra về ba của bạn đó nhào vô đánh cháu mình đến gãy răng và bầm mặt. cha mẹ nào mà không muốn bênh vực con nhưng chuyện của con nít cãi nhau là bình thường.,1
"đm cái mỏ như mỏ vịt thề lề, thè lè, thấy ghê jk nào dừa chắc ooke",1
đậu má thầy ok chưa ?,1
thật sự là nhạc rap tôi chỉ nghe mỗi eminem chứ nghe mấy rapper việt với rapper khác trên nước ngoài tôi không vào nổi :),1
nói mấy người nghèo cho chết đói. v trc đó gửi đồ về cho minh hiếu làm từ thiện dell gì,1
trình độ khoa học của trung quốc không phải là kẻ đến sau rồi!,0
"day la y kien tam huyet cua rat nhieu tri thuc :phai dan chu hoa thi moi bao ve duoc dat nuoc ,nhung hinh nhu dang cs van chua tinh ra ,ho vua dien tap chong khung bo ma ke khung bo lai cam co do sao vang !",1
"cố lên, sắp vượt pháp rồi... tự hào 2 chữ cái vn! hehe",0
là chính e.... ai mà có phi cơ riêng ... thần tượng của kim đan cương,0
anh nên xuống địa phủ chơi vs diêm vương cho đỡ ngột ngạt nhá anh,1
giờ mấy ông cấp tỉnh là tay sai của nó rồi làm duoc j nó,0
"phải truy ngay nguồn nhiễm f0 từ đâu ra, nếu không sẽ còn lây nhiễm nhiều.",0
đất nước phát triển mà con người thì khong hiểu nổi,0
"con quỷ cái này nước mắt cá sấu, bán hàng dỏm lừa đảo có ngày xe đâm may",1
"má, .....xăng xuống giá mà luật ca cứ tăng tên",1
xạo vai,1
nghe kì kì sao á. con trai với mẹ mà liệu mấy cái lời nghe emoji emoji emoji,0
ôi thế thì lại toang mất thôi .những trận đấu mưa bàn thắng nối dài .không lẽ lịch sử 82 lặp lại .lo thay lo thay .,1
lê danh đoàn dkm :v,1
ngoài kia người ta đang đau đầu vì chống dịch...mình ở đây làm trò mèo,0
tao o tien giang tao khong ngo có con nói chuyên thieu van hoa nhu zay,0
"biden bất lực trước những đòn phản công của trump. mong bác trump giữ phong độ để tiếp tục trúng cử. còn biden? xin lỗi, không có chổ cho ngài ở nhiệm kỳ tới.",1
hơi buồn nhưng mà khong sao!! vẫn mãi iu rf mai lại thấy a độ sờ chim rồi )),0
"dân đen dân bẩn ai mà không biết, chỉ có người trong sạch đứng trong hàng ngũ của đ là không biết thôi.",1
khổ thôi chứ biết làm thnao đc? đi đâu đc mà phải châm biếm nhau! ai chẳng biết khổ nhưng làm gì đc đây! xã hội nó thối nát nhưng lũ mọi rợ quá đông và hung hãn...,1
xi - men tiếng pháp là tuần lễ. các thiếu nữ phá đel bộ vòng nầy gồm 7 chíếc. tượng trưng chl tuần lễ. còn dân nầy mắc ngu quá nên đeo 70 chiếc.,1
"ấn độ, nơi khủng khiếp mà phụ nữ tầng lớp thấp phải đối mặt.",0
"các ông có làm công ăn lương khong?hay hàng tháng cứ đều đặn có thêm nguồn thu nhập khác từ việc nhận hối lộ ,quà biếu?",1
"kiên trì đọc đến cuối mà cũng chẳng thấy tên mình, thiếu sót quá.",0
gia bảo ci l,1
"mou không thay đổi được, lợi ích cá nhân cao hơn lợi ích đội bóng",0
"xấu quá trời, mà bày đặt chửi dan vn miệng như hai miếng thịt bò, ghét má quá trời à má ơi",1
đi khai giảng mà lấy cái bắn pháo làm thuốc lào như thật :)),0
hưng hát sao thấy tội cho bài hát quá,1
"khong lẻ bất cứ nước nào nhận lao động nước ngoài thì nước đó trình độ kém?? ngu vai. ngành luyện kim: mổi cty mở ra đều đưa nhân viên ra nước ngoài thực tập( chủ yếu ở trung quốc), vì chuyên môn yếu với lại thiếu chuyên cần, bất cẩn. các nhà thầu tq hầu n",1
rớt xuống nước xem như xác định làm mồi cho cá voi,0
dmcsvn,1
ai chả hướng về đất nước nhưng khong theo tư tưởng cs thôi,0
tôi chả thiện cảm cô megan này.,1
"biến đi bạn ơi, chảnh chỗ nào vậy? ghê cái gì?",1
gọi là báo nhưng chúng là bồi bút của lũ cướp nên chúng tiếp tay cho bọn cướp,1
có tiền vay khong đi giải phẫu cho thành con gái đi ròi nc..ngừoi đàn bà có cây cà rem 9 giữa.kk,1
thế clg đây :v,1
hai chi em ba nay mat dai an noi tuc tiu lon roi an noi mat dai hai chi em may no khoe,1
để hình con chó con heo bình tùm bậy tùm bạ.:))) chửi anti thốn vai,1
dit_me pr game nào để t còn chốn,1
"nghe mà đau lòng, mong con sẽ bình an sống với bà!!",0
"ngu là ngu làm sao , bn giải thích cho tôi hiểu vs đc khong ?",0
các ông đừng có khinh thường khả năng bôi cứt mũi của tôi,0
producer làm quả beat hay nhưng không hợp với màu nhạc của jack lắm.,0
đảng khong đủi thì nhân dân đủi :v rồi đảng bỏ tù dân vì gây rối :v tóm váy ngậm tiền rồi thì ráng nghe chửi đi đảng ơi :d,1
đây là thất bại của cs chứ còn gì nữa,1
chị là người khẩu xà nhưng tâm phật. chấp nhất gì vs cái thứ đó chị ơi,0
đồng phục quái đản quá !,1
khung cảnh đẹp và ngoạn mục...thiên nhiên đẹp quá!,0
tính lấy máy ra nói đạo lý mà chưa kịp nói đã toang emoji,0
cô mina dễ thương hơn ml của thầy emoji,1
"t ở nước ngoài, đừng nói cũng bắt t đóng thuế đi ah!:d",0
lũ ngu vô học... viết tiêu đề còn sai chính tả.,1
lao gia khung tien tri cai con c.,1
sl,1
đi từ vùng dịch về khong chịu cách ly. đấy là cách bọn giàu sống à ?,0
"mấy người lý luận, dịch khong phải do chị nhung đưa về đâu rồi ? mấy ngày trước đã gặp chị nhung để chúc mừng chưa ?",1
phạm trungg thằng này ngu hơn mấy con chó rách à!,1
nói như shjt làm nô lệ cho bọn nào cungz khổ cả ... tự thân vận động,1
"và người dân nghèo_trẻ em,cụ già không đc hưởng asxh",1
"không dám mở shop vì sợ quản lý thị trường, bộ công thương sờ gáy",0
toang cmnr top 4 chưa có mà lại thế lày :)),1
khai giảngg nhìn thấy crush chụp ảnh với crush )),0
để tiền cưới vợ. sau đó vợ chọn cái nào mua cái đó.,0
"tàu mà...miệng bốn tốt, 16 vàng nhưng bắn ngang lưng như rạ ở gạc ma, giờ nhảy qua tư chính... chừng hốt xong nó đốt luôn.",1
thì thời gian đầu sao bao lâu im hơi phốt thôi :)) chứ bài nghe cũng dở,0
tụi t đéo nịnh tụi t thương cô vì tánh cô chân thật. m biết cái cc gì m nói,1
25:05 cặp tận bình luôn rồi hả.. emoji emoji emoji,0
tôi đọc kênh chat cười vai :)) thảo mai như có tiết dự giờ :)),0
bác dần ơi ngô kỷ đang ngỏ lời thách đấu với bác đó,0
nghe khong hiểu nổi ý bài hát là gì nhiều đứa nói hay,0
ông già tôi nuôi tôi lớn thế này rồi các bạn ạ emoji emoji,0
sách lược diệt chủng dân tộc việt nam của tàu cộng!,1
nguyễn hoàng khởi nữa toi quay mv đẹp hơn cho bạn nhe :v,0
"chúng nó bảo là bán cho tôi bằng thật, thế đéo nào lại bán cho tôi bằng giả :v",0
ông ấy thật có khiếu hài hước nhưng có vẻ như khong đúng chỗ,1
"tạm dừng dùng facebook làm gì anh ơi , mặc kệ miệng lưỡi thiên hạ họ nói gì thì nói , đâu phải ai cũng là người trong cuộc đâu . vì vậy anh hãy tiếp tục sử dụng facebook đi , để còn biết trên facebook anh đang bị cđm chửi sml chứ",1
chào các bạn mình là bạch thái long lộn thái linh,0
"ch!ch khỏe, ch!ch phê, đê mê tối ngày :v",1
thuykieu tran chán cực phí tiền . t dễ tính vđ xem xong toàn ngủ,1
toi cũng dân bắc kỳ mà thấy thằng dân bắc này thật hành động cũng khốn nạn quá nó mới chửi như vậy,1
cầu này của chụy bỏ tiền ra xây chị chạy làn nào kệ chụy,0
le minh duc xem film lần cuối cùng trong năm anh nhỉ :3,0
hà nguyễn nhớ vụ đứa bên trung khong emoji bây h nhật cũng vậy :)),0
đcmm ad,1
đm tố chất,1
lũ bán nước đang ngồi lên mả bố mày ad chủi tiếp đi like,1
thầy ơi bọn này khịa nè :)) mà cho em xin tên yt mới ạ.,0
khong biet chính quyền đang làm cái j như vụ một thanh niên (thôi) xông vào ngân hàng cướp thì có tới trăm cảnh sát bao vây chi v troi ô nao cug muốn ở phưởng cơ quan có ô nào muốn lò mặt ra ngoài để điều tra đâu mà có chắc cug phải cả tháng cả năm cảm thấ,1
"đã bảo rồi, hát hay thì đéo cần beat , hát chay vẫn hay",0
tùng sói said: nóng mệt ntn vẫn phải bế ông già:)),0
"cc gì zậy ô già , để cho mấy đứa nó ngủ coi emoji emoji",1
tôi biết ngay kiểu j page đông lên thì cũng có mấy bọn ngã cây làm tụt hứng mà,0
căn biệt thự này tính sơ sơ cũng tầm 300 tỷ! nhà tôi ngay gần nhà đấy!,0
nguyễn thuận )) tư tưởng rừng rú gì v,1
"nói thật lòng tôi đầu 8x là fan của anh từ những năm 94 nhưng khi nghe anh hát dòng nhạc này cảm giác nó khong thật sự phù hợp vì muốn hát bolero thì hơi phải dài, mới đủ sức luyến láy,",1
đm in cái băng rôn mất mẹ 1m2 rồi :(,1
"ngành khảo cổ rất giá trị cho nghiên cứu lịch sử và văn minh nhân loại, nhưng cứ đào bới quá khứ liên tục thì có khi làm thức tỉnh nhiều loại virus, mầm bệnh cổ xưa, rồi chưa kể những thế lực tâm linh quái ác thức tỉnh nữa :v ghê quá",1
tao vào xem chỉ vì ấn tượng con búp bê phía sau bà linh:v,0
"là phụ huynh, tôi thực sự rất hoang mang và bức xúc, nhưng không biết lý giải như thế nào!sao mà việc học của con bây giờ lại phức tạp thế, giữa trăn bề mối lo, trăn trở cuộc sống hiện tại!",1
những thành phần này cần cách ly khỏi xã hội vĩnh viễn.,1
"yên tâm sau này ccd có gắn chip, thì sẽ không làm giả đc đâu.",0
cho em hỏi sao em xem cmt suốt ngày có cực kì thuyết phục là sao ạ?,0
"đm, đéo hiểu sao cái đầu của nó lại nói ra đc những lời đó, so sánh nó với con chó thì nhục con chó qá",1
kk con quỷ này bị bà tam cung hốt hết mớ rồi.kk bị bã dụ . emoji emoji,1
lúc nào đi gank cũng đem giáo án nâng cấp băng giá cả,0
"nam mô a di đà phật, cầu linh hồn bé được siêu thoát.",0
nghe giang hồ kêu thuốc lào thanh hóa bao phê luôn.,0
khong còn gì để nói đúng là ác quỷ. hãy cách ly bọn chúng và có những hình phạt thích đáng,1
tai bã như tai trâu mắt thì mù nên ai nói gì mặc kệ :v,1
di lam tu thien ma chui vay thi cong duc dau con nua,0
càng tàn ác thì vạch áo cho dân xem lưng,1
thằng nào kêu tao dạng háng leo rank là ăn ban nha emoji,0
thoại cc nhá thầy,1
"khong phải táo mọi năm rồi, ngọc hoàng vs cô đẩu đâuu",0
đijt mẹ thằng ad phản động tuyên truyền vớ vẩn,1
bích thoa vậy là hử khói việt nam rồi emoji emoji,0
vest độc nhất vô nhị chỉ có trên cao bằng mới có :)),0
kể ra ví mặt con này với con linh cẩu ăn xác thối ở châu phi cũng là xúc phạm linh cẩu .nhưng thấy nó cũng giống thật .tên em là linh cẩu không phải cá lóc nha,1
thế mà mất tất . cơ hội lấy lại tiền quá mong manh . bài học đắt giá,0
á hậu tường san có khuân mặt cân đối và đẹp nhất.,0
đến con chó nó còn có ý cầu tiến chán lãnh đạovn,1
là sv hay người ?,1
qua mùa dịch này đề nghị bầu sô hài việt nam mời cụ này về cho vui,0
cái đầm cửa hà kiều anh trông nhạt nhẽo quá !,1
đcm yêu nhau thế cơ à?,1
chỉ có trấn thành thoi mày ơi. làm gì có chấn thành,0
nhung lê ng này đâu có chung chuyến bay vs nhung đâu,0
ăn điêu nói hớt quen.,1
câu chốt của anh tôi hay ))))) ok ok em học bài tiếp đây nhà bao việc,0
khánh sky chẳng nhẽ tao lại nói thẳng ra là thằng cạn tàu gáo máng khong -icm ? :),1
có thể nào do cách phát âm theo vùng miền dẫn đến sai?,0
"đeos thân nó thì thân ai , đợi myz nó giúp á có mà đến mùa quýt . tốt nhất cố mà tự thân vận đôngn",1
"cái này bọn khựa, hay bọn tàu làm ấy nhỉ :3",1
đăng ninh ke me m,1
"khong phân biệt vùng thông báo bay( fir) và lãnh lổ vùng trời. ad đúng là ngu căn bản, ngu bền vững nhỉ? tội nghiệp",1
dlv: đây chỉ là con sâu làm rầu nồi canh thôi :v,1
t khong nuốt nổi thời trang,1
dừa cái lone lắm nghe emoji emoji emoji,1
"bn nói chuẩn cmnr, nhai cứ như bò nhai cỏ, bảo dân trí thấp lại tự ái.",1
cụ khoẽ lắm chúc mừng cụ con nghĩ bài quyền này gọi là: ngọc trãng quyền,0
cười lên rồi mọi chuyện sẽ qua emoji emoji de de de de,0
có lẽ là do cốc cafe lúc sáng chứ kpai do chuyện lúc sáng :)),0
vậy nên bầu thằng chó ad này làm đê. nó giỏi lắm,1
thảo tino có nha! thường thì ngta bán 1tr 1 hộp tôi bán rẻ cho 500k 1 hộp nhé !,0
"thien binh trang bạn lịch sự- admin lịch sự, b cục súc , - admin dí l vào mặt b luôn )))",1
mặt quần biết khùng,1
cuối năm 2017 mà bây giờ đã lọt cuối 2019. bọn ngu dốt này con ốc làm chưa được nhưng thích chém gió,1
"nc cưng ghê. nghe mà cười suốt, thật thà chất phác",0
m lên báo cáo tài chính hợp nhất đó mà xem! nói ra đã thấy mày óc chó ntn rồi! lũ thổ dân mồm vẩu!,1
"không nên chủ quan lơ là,hãy nghiêm khắc với những người từ bển về.",0
xin cánh tay của các anh em chưa xem tập nào như tao :((,0
chó,1
vâng.thằng cc nào cũng ngồi ngoài phán như thánh chờ xong rồi ms vào.chả biết cái đéo j.ng ta làm gì chúng mày biết chắc.biết bao nhiêu vụ ngăn chặn được không đưa ra ng ta báo cáo cho chúng mày à,1
nguyễn đăng dự nhục mặt fan mu bạn ơi,1
linh nguyen trend này hình như có lâu lắm roi nhỉ )))),0
hạ anh tiền đang nhiều quá. mà giờ cách ly chưa ai tiêu hộ đây,0
give away đôi giày thể thai thượng đình giá 80k quán tạp hoá,0
"ôi, mỗi bộ suit brioni may kỳ công và đẹp quá. đúng là tuyệt đỉnh công phu.",0
"thu hà là đẹp đúng với lứa tuổi, không thấm mỹ, còn lại xin không bình luận",0
hang luc nao cung phai chuan nhu hom nay giao toi day nhe,0
chả hiểu biết j về kinh tế thị trường định hướng xhcn cũng phán! :),0
tổ cha nhà mấy thằng quản lý với bảo kê ngu như con lợn ! đã biết thể trạng của các em ý đều là nước nôi rất ít mà lại khong chịu cảnh giác vấn đề củi lửa .,1
gì gì? messi luôn thua ronaldo là múi và tuổi nhé!,1
bộ hàng hải :)) admin ngu đéo chịu đc :)))))))))))) ôi bộ hàng hải ))))),1
"cứ thế duy trì nhé, chúc mừng bước đầu chiến thắng, chúc mừng vn",0
bà kim tiêm này nghe bảo là tiến sỹ phải khong mọi người,0
lựa cái đầu buồi abe nè,1
nhẫn tâm hết chỗ nói.,1
"vẫn khong quên thái lan có subachai subachoc,việt nam có susan 0175 :))",0
còn này thật hoc,1
"ô hay, nhật là thánh chắc mà đi lấy làm tiêu chuẩn so với việt nam???",0
"yên tâm đi, ở việt nam thằng nào nguy hiểm có nguy cơ kéo cả dây chết là nó sẽ bị ngã cầu thang hoặc ngã xe ngay lập tức. giấy chứng nhận tâm thần được coi là kim bài miễn tử.",1
vậy mà có người đòi nhanh chóng có vaccine covid19,0
xau cai mieng nhu cai lon nguoi ta cco thang,1
nên chọn chiếc ô tô suzuki chứ đừng chọn chiếc kia.,0
nếu không có can đảm như dân hồng kong sẽ không có thay đổi,0
"pha đột phá phút 50 quá đẹp, đúng chuẩn thương hiệu m10!",0
béo đáng yêu hơn ... e bán thuốc béo thật đó nhoa,0
khắc tiệp thì lấy việt tiệp khoá mõm lại,1
con này em ruột chà mu hay gì mà ăn nói cốt cách lươn lẹo giống nhau ghê,0
chẳng thấy hay gì cả.,1
con đàn bà lèo lon,1
":( em ở bên czech, đeo khẩu trang cũng bị dân chúng nó nhìn nó kỳ thị đây!",0
ói,1
ảnh mùa thu suối yến cảnh đẹp người càng đẹp. cám ơn tác giả.,0
ý thức của chị nhung còn ít hơn cả nhân bánh mì của t :)),1
nuôi con khôn lớn tới chừng tuổi đó..có nỗi đau nào bằng,0
nhờ nó tố cáo mà khỏi ai thắc mắc thằng nào là thằng mặt heo emoji emoji emoji emoji,1
"trần dần quay đầu, tổ quốc sẽ luôn đón chào và tha thứ",0
chúng nó cấu kết với nhau để khép tội cho hdhải bằng mọi thủ đoạn ! bọn chó đấy còn dã man tàn nhẫn như thằng hung thủ kia và vẫn đang nhởn nhơ ngoài vòng pháp luật ! đáng sợ,1
đừng đụng đến bắc kỳ,1
ngon lành quá trời cằm tiền đi đường quyền quâ tr xắc sắc,0
"khổ thân các fan messi quá, bài nào cũng lôi ro vào đc. dù chẳng liên quan gì. điều đó chứng tỏ ido của các bạn thấp kém quá, thấp kém quá. các bạn làm như vậy càng làm nhiều người coi thường messi của các bạn hơn mà thôi.",1
sáng ra chỉ mong mở báo vnexpress và đọc được tin như này.,0
"la liga ngày càng đi xuống, biết tới khi nào mới phục hồi được. pl bây giờ đáng xem nhất, kế đến là serie a",1
điểm sàn như thế này là quá thấp. ít nhất theo phổ điểm năm nay phải 24đ.,0
"đội hình đá rất ăn ý, các cầu thủ di chuyển và bắt pressing quá hay",0
mấy thằng để ảnh bìa darcy chắc cũng toàn tay nhanh hơn não ))),1
"cùng lắm thì mình về quê, mình nuôi cá và trồng thêm rau 3",0
phải thuê hlv cở ông nguyễn văn sĩ thì mới mong khác biệt.,0
lyna ngọc ít bữa quay từ mới đẻ tới lớn nhìn dzui nè c,0
chị ba sang quá à...đi hửi quần xì của con les,1
phương minn sau khi bạn nói câu này tôi biết bạn là 1 người biết nghe nhạc,0
đình quang xạo l z pa,1
tỉnh nào báo cáo chống tham nhũng cũng đẹp không riêng gì sóc trăng,0
"lê tuấn nào nào, đừng khịa k98 của em chứ anh ))))",0
tao gõ chớt mẹ mày chứ ở đó mà múa . abe said :)),1
khịa nhau cái lồn.bố mày còn đéo có yz700 fake mà đeo đây! :)))) có giày đeo là ngon rồi đm,1
"căn bản lắm crush vailon , khong biết tỏ tình con nào :))",1
ae cho mình xin 1 đăng ký kênh ạ...cảm ơn mọi người,0
thế nên ai cũng yêu quí bác dần chứ không ưa gì bọn ba que rách năm 2020 rồi vẫn ngu,1
"cứ dính đến mà túy thì đem đi tử hình hết đi. làm nghiêm trong vòng 3 năm, đảm bảo sẽ dẹp được tệ nạn này.",1
lê đinh cường cố tình cà khịa đó bạn. cuối clip j lấy luôn chiếc mes,0
loài này có nguy cơ cao với loài người. cần loại bỏ.,0
"chuẩn bị trung quốc hoá miền bắc mà, các bạn không theo dõi sao ???",0
"mọi người đều khen họa sĩ vẽ đẹp nhưng thật sự, mình không thấy hài lòng chút nào ở các tranh vẽ hai ca sĩ ngọc lan và khánh ly. những nghệ sĩ khác mình không quan tâm nhiều nên không có ý kiến.",1
thuế má đóng đầy đủ! làm đéo có chuyện t nợ 29t.,1
vn mjnh qua nhjeu luat an tien dan... emoji,1
đm thề chưa bao giờ xem phim mà ngủ )) đây là lần đầu,1
tức nhiên mày xạo quá,1
hightlight của abe là cái ngu của 5 tk kia đó abe :)))),1
nhìn như mấy ông review rồi ghép nhạc dubstep vào vậy :)),0
ns vậy lại xúc phạm cái đầu b i emoji,1
"trời ơi dễ hiểu ghê, thế mà con trần đoàn kiếm chuyện vs cô, đợi clip xin lỗi",0
canh đéo trượt giây nào nhưng vẫn có 1k7 thằng like trước t : kingg vậy,0
theo em nghĩ mỗi góc anh phải treo thêm 1 quả chanh nó mới sợ,0
dung dương phải nghe a tiệp nói ing lích cơ mới buồn cười emoji,0
địt mẹ các bạn ý. cười rụng con mẹ nó mồm rồi.,1
thế nên cập nhập tình hình corona của việt nam thì tốt hơn. page xàm đế bỏ fl đi mọi người ơi,1
17:28 pháo cao xạ 12ly7 còn không thắm thì ak tuổi gì,0
riot tiến trần khong để ý vs cả khong có tn chờ nên khong chấp nhận emoji,0
a ở trỏng dồi ai đi dubai làm clip hả a tiệp ơi emoji,0
làm gì có fan cứng làm gì sống nhanh như mấy ông vô ý thức hihi,0
quốc thắng trương nguyễn phương thùy làm giàu hong có khó,0
thảo vy t nhớ m vừa dứt câu t chi tiền là huy nó bị chặt liền luôn á :))),0
cô chú cũng chúc tùng và ông già của tùng cuối tuần vui vẻ ! 3,0
rô nói vậy chắc người việt không có ý thức bằng bọn nhật,1
chiich phu tran dan.bi cach ly car chisnh phu.,1
vâng trách nhiệm của nhà nc là thảm họa 3 tháng mới dám công bố nn,0
ông ấy sẽ khỏi và đăc cử nhiệm kỳ mới. đó là sứ mệnh mà ông mang .,0
lê đinh cường - khong lẽ trên đời này có 1 chiếc anh 2 ?,0
ngoc pham đệch,1
tặng cho những con bò thích làm theo và học tập theo... emoji emoji,1
đường hư hỏng là do các thanh niên ngồi tọa kháng - 1 bò đỏ cho biết,0
thượng tầng của barca rất buồn cười từ thời ông bartomeu.,1
"các a các chị cho phép e xả chút ạ. dkm mấy cái thằng hãm lol đi hát cái kiểu ki bo kẹt sỉ . ăn mà ịt muốn ỉa . t thanh toán suốt rồi nhé ịt thèm chặt chém cái hội chúng mày mà mấy cái thể loại kêu t chặt chém. loại mất dạy , chúng m động mồ động mả hả",1
này dạo này nó cứ happy new year là như nào thế chúng mày. đang nghỉ hè mà,0
sắm vài chiếc roll royce phantom ra biển số trắng việt nam chơi,0
"ôi trời giai cấp lđ ở ta thì đổi trắng thay đen nhanh lắm,nhìn thì vậy mà lại không phải vậy,chỉ có điều rõ ràng nhất là chỗ nào cũng có chuyện vợ ông này cặp với chồng bà kia!",1
lấy bài này làm đoạn mở đầu vs khi kết thúc stream đi a,0
abe cứu cậu vàng với abe ơi..cậu vàng đi thật rùi ông giáo ơi,0
mong ông donald trump khỏi bệnh nhưng lại mong ông biden thắng cử,0
ở cái xứ độc tài độc đảng nầy mọi chuyện sẽ được che chắn nếu chủ trường là con gái của tướng vệ và thủ tướng phúc !,1
côn đồ cục súc vô nhân tính đề nghi vn. nhà nước vn ban thưởng.,1
dùng bố để khều donate xong đối xử chả khác gì con ghẻ :((((((,0
hổi còn xem cái bài đi ăn ốc cùng con hạnh và gặp anh nyc :)),0
"đi chữa bệnh thôi,đừng có họp với chả hành nữa...",0
my tran e nói thật vai luông đéo vòng vo tí nào mà lòng vòng có 1 tí thôi,0
không biết nói gì luôn. đã có người nhắc mà vẫn không tha cho con cá.,0
sao chúng mày khong nhịn tham ô cửa quyền đi .,1
vãi...,1
tầm này năm ngoái emoji . năm nay mh để đầu nguyên vẹn khong trao cho ai hết.,0
quan thì ăn cái bụng to như trống. còn người dân thì ốm yếu nuôi tụi nó,1
trúc loan bị ngu à? nghe nhạc 2 thằng mà éo hiểu vấn đề,1
vai ;)),1
chuẩn mấy bài trước nghe còn được chứ bài này mà ai khen hay thì t cũng chịu,0
dit_me bữa ni đường 3m cũng có ca đứng,1
"đúng là cái dân bắc kỳ, tội này là do đảng cả - ad cho hay :3",1
khả năng chấn thương tái phát thường xuyên khi về đá ở anh.,0
"tranh luận thì phải theo quy tắc lần lượt nói để mọi người còn nghe chứ kiểu như ông trump toàn ngắt lời người ta mà được nhiều người khen là nhanh nhẹn,hoạt ngôn,mạnh mẽ,ứng phó nhanh lẹ.",1
đào văn hậu ơ vãi thật nó bắt trend mình này emoji emoji emoji,0
đúng là nổi tiếng đẹp trai có tiền thì gái nào cũng có!,0
bà này bã chữi gớm giết thiẹt tôi khong ngờ bã là người miền tây luôn xấu hổ,1
"nhớ hồi trc ghét a này cực, giờ hết roi emoji emoji",0
"chính sách của việt cộng là ngu dân để trị, tài giỏi thông minh thì bị việt cộng bỏ tù là đúng rồi.",1
thanhhuy nguyen vai,1
hết cái để nổ rồi trump ơi,1
"đất nông nghiệp đòi đền ngang đất ở, rồi kêu oan, đến hài và kém hiểu biết",0
đm ad phản lại cái động. là công an thì có quyền nhé. đéo biết gì lại còn nguy hiểm. sửu nhi,1
hài vai. buồn mà xem video của thầy là muốn tự tử :)),0
nghe tới khúc chỉ hát lại nhớ tới clip của đì va quanh ta ))))),0
ít nhất thì ngta có bệnh ngta báo chứ khong như con nhung có bệnh mà đi vòng vòng,1
dạo này thấy idol của tôi xuống sắc quá. lo ngại về sức khỏe của idol quá.,0
hưng phạm vừa nghe vừa mở đau để trưởng thành - htrol remix,0
phá hết đi rồi chết. cuộc sống thật mong manh,1
cần tiêu diệt dân tộc tàu khựa,1
"con tôi ở nhà rất ngoan, lâu lâu chỉ tụ tập bạn bè nhậu sáng đêm thôi, đây là lần đầu nó lỡ tay giết người khi có cơ hội",1
"cho nghỉ là may, hóa ra mục đích nói ra là khong cho nghĩ à emoji",0
ông cho toi chém ông ba nhắc có chết nay khong ba ve nói chuyện buồn dụ o nhe,1
vướng rào cản pháp lý khiến eu phòng chống covid- 19 một cách nữa vời.,0
"đoàn chinh con quái vật chắc được xuất hiện 1,2 phút trong bóng tối",0
dân băc minh khong xu đep con cho nay,1
thu hít trẻ trâu,1
trang trần dit_me cm với t,1
lưu mạnh thắng át hết vocal rồi emd mà luyến láy vậy thì hơi sai,0
vinh nguyễn văn c.i vừa sinh baby hơn 2 tuần roi á e emoji,0
thi hành án tử thì khác gì cái thoòng treo trên cổ chúng nó... mẹ tổ cha bọn tham nhũng,1
thì rõ ràng vn vô đích nên tuy sống với ô nhiễm ở mức nguy hại nhưng dân ta vẫn vui vẻ đi bão và tướng niểng bảo dân ta vẫn vô cùng thông minh đấy thôi !,1
đệt! )),1
trời,1
con bóng chúa sẽ bị ma ám in bv emoji,1
"tiếc vc, đứa em thích đéo biết pubg và thế là cũng chả biết refund :((",0
sao khoc loc di chua nao o dai loan ma chua con nay vay tfoi,0
chúa đã lên thiên đường ai muốn theo chúa thì hãy lên thiên đường,0
cái loai pe de thiet thoi nam,1
câu fame vớ vẩn,1
thế là dở rồi,1
ngọc hay làm cánh hoa cho huy coi đó nhớ hem gia huy,0
xin bình tĩnh và lắng nghe nhau thì mọi việc sẽ được giải quyết,0
huỳnh lục trend chụp hình mới nàk cục cưng. haha...,0
có cl bố mày tin ấy,1
trần phương thanh chứ dì đm tuần mua cỡ hai ba món kk,0
"nguyễn trọng thái đợi cái lone , đ!t chị m emoji",1
"ngoc quynh nhu nguyen thằng lồn cha với con đĩ mẹ mày không biết dạy mày nên mày mới dựng lồn lên xem vào chuyện của người khác, bộ tao ăn hết của ông nội mày sao mà mày lôi tao vào. từ đầu tao đâu có lôi tên con đĩ mẹ mày ra nói đâu",1
paula lưu dân bmay thích pbvm nhỉ sv,1
cái mỏ con linh cá lóc ni giống như cái đít vịt,1
"tran dan, ong co binh thuong khong vay ong?, ong nen di gap bac si de tri binh hoang tuong nhe ong, chuc ong khoe va bot di su hoang tuong.",1
hằng thanh vai đây là cl emoji hoa đ gì mà hoa emoji,1
fan mềm đâu vào điểm danh rồi tự an ủi nhau đi mấy thằng lol :((,1
chúc mừng bayern - clb nhuộm đỏ trời âu đích thực.,0
đầu bò tv nó điên á,1
"ad óc cứt vai. ngu còn tỏ ra nguy hiểm, ra gặm xương đi ad.",1
"nhạc binz xem thì hay vì luôn có các e sexy , nghe thì khong rõ, 1 phần do nhạc touliver không tôn được giọng hát ca sỹ do chú trọng thể hiện nhạc quá mức.tóm lại nhạc binz là xem nhạc phù hợp hơn nghe nhạc.",1
"nhìn không ra minh tuyết luôn, mt bị gì vậy ta?",1
"tội nghiệp em, và ẻm kia nhìn chạy mất dép thấy thương.",0
đang cần tiền ai biết ở đâu mướn đi biểu tình chỉ em với,1
mưa bảo sao không lên sóng được... bộ lên sóng ở ngoài trời hả,0
mất hình tượng vai,1
nghe hoài lâm hát không hợp tai cho lắm. có lẽ mỗi người mỗi sở thích.,1
minh nguyen sắp đc thịt ch trưởng thì nghe tin động trời,0
con cẹc,1
phùng thị thanh độ tân hoa hậu thế giới việt nam emoji,0
địt cụ chúng nó? bắt sâu nặng quá. một đất nước xã hội khốn nạn,1
bóc lột còn hơn cả bọn thực dân nữa !,1
chi3 oi cho con xin lam oxin cho c3 nhe. cung c3 va ah.,0
tuấn nguyễn chúng tôi đánh giá rất cao trình độ nấu ăn của b,0
"riết thấy màu mè, sến xẩm, ai cũng có đỉnh cao của cuộc đời, khi mà đã xuống thì có gượng cũng không được vì sắc đẹp và tuổi tác không cho phép.",1
thế mới thấy công tác khoanh vùng chúng ta đang làm vô cùng hiệu quả,0
"nhìn a độ y như rằng quay lẹ đi tao còn đi ngủ, mặt khong có tinh thần lun",0
con nay tamthan nangkhung batron,1
thôi toang!,1
khong chơi mấy trò này chó lấy j nuôi bụng bầu?,1
hứa lý thảo vy lo thì lo mà vẫn hông giảm cân ăn tết nghe )) vừa nằm ăn vừa lo,0
page của mày h xàm lon quá....riết toàn ngta zô chửi cha mắng mẹ mày khong vậy ad,1
cái quần nhìn tục thấy mợ,1
chúc con luôn bình an và trở thành người xuất chúng sau này con nha.,0
ma cây nghe nói tỉ lệ chính xác bộ kit là 100 mà 3 lần gì bạn,0
100k like sói xoá kênh của ông già nhé các bạn ))),0
"sao khong lấy lao mà đâm nó , để nó tấn công vậy lỡ chìm tàu thì sao ?rớt xuống nước là nó xé thịt ra ăn",1
mẹ kiếp. công lý của đồng tiền.,1
bạn chả có tí hành kinh nào văn hoá cả,1
phim rất rất nhạt...còn kristen thì chắc khong bh có nổi 1 fim đóng hay đc...,1
kiểm tra thiết kế - thi công xem sao ? tại sao trụ cổng lại dễ dàng đổ sập xuống như vậy ? tại sao các cô lại để các cháu chơi ngoài cổng trường như vậy ? chia sẻ nỗi đau với các gia đình.,1
đm gội làm lồ.n gì!,1
nghe đồn đang huy động mở sàn giao dịch quốc gia gì mà :))),0
"hàn quốc là phồn vinh giả tạo, làm tay sai cho đế quốc thôi",1
"không biết không quan tâm nhóm nhạc hàn quốc nào, toàn nhảy múa đu đưa.",1
cô ba ơi nhà giàu giúp đỡ mảnh đời nghèo khổ là công đức lắm nha cô,0
"báo chí vn như cái củ căc vậy,tụi nó có con có cháu có ba có mẹ,mà ăn ở khong có đức,v thôi cho con ở nhà mẹ di,cho di học làm mẹ gì,an nói xạo xược,ăn khong nói có mà cũng bày đặt đẻ con,giáo dục con,cho con di học đm t khinh cái xã hội vn,",1
có ai quay bên nimo toàn được vàng mà đéo được kim cương như tôi không :),0
đây là quần què à,1
quyên phạm mịe :))),1
phan thị huyền trang thanks e nhé. mà chắc cũng khong sao đâu e,0
"sáng thứ bảy,thấy các bé lớp 1đeo cặp đi học thêm, mặt vẫn ngây ngủ, tay mang thức ăn. chúng ta đang đánh cắp tuổi thơ của các cháu, khi nào hết cảnh này thì giáo dục thành công",1
lại thế cường xu may mắn của bạn đẹp thế. ib mình với.,0
"trần vỹ không biết nhục mới đi đạo nhái, những thằng fan là nhục gấp đôi vì hâm mộ thằng đạo chất xám của ng khác",1
"chỉ lo mỗi có học tiếng anh, lại còn ham đọc truyện tranh, còn được đi mỹ.",0
các cụ bảo hổ giữ khong ăn thịt con nhưng hai đứa này không còn việc gì là nó không làm với con cháu mình. đề nghị điều tra xử lý thật nghiêm minh nhất là hành vi mất hết nhân tính của đối tượng bé,1
bá dơ quá a be ơi 3,1
đéo nào đoạn đánh răng tởm vai mà lâu vc emoji,1
nguyễn văn thiện chậm cdmm,1
duy nguyễn phục cái máu lồn,1
không phải cha mẹ bé mà đau lòng quá . cộng đồng mạng hãy theo sát để vụ này khong bị chìm xuồng cho đến khi tên súc vật này vô tù,1
"uầy, thiên thời khó nói lắm. biết nắm bắt thời cơ có thể được đấy.",0
thấy cô đẹp giống phụ nữ hon khánh chi .trong tập này á,0
"càng đọc càng tức con quỷ đó. bây giơ vì nó bao nhiu ng chuẩn bị thất nghiệp, người gia thì lo sợ hoang mang, bao nhiu chủ doanh nghiệp đợt này tiu luôn. thứ gì đâu ak",1
từ đầu năm chưa dư được đồng nào. lại còn hứng bão.,0
"kiêu con bò đỏ này ra cùng đồng bọn bò đỏ con rp cái app airvisual là hn hết ô nhiễm ngay mà , lo gì emoji",1
tấn thời kiểu khong có cao trào nhưng nhạc nghe hay và lạ tai,0
bữa nào a lân nói ông trần dần hát quốc ca nước chxhcnvn xem như thế nào.,0
thông tin bữa giờ rồi mà nhiều người không biết còn ăn nữa trời,1
"mình sống ở q3 hơn 20 năm rồi, chưa bao giờ thấy khu vực q3 ngập cả.",0
emoji emoji emoji emoji emoji emoji emoji emoji emoji emoji,0
hoàng lệ phát biểu ngu quá ! xây dựng thì khong có thấy toàn kiểu chia rẻ ! vớ vẩn,1
"đào q.anh q.anh đào câu kia là ông độ nói, người lớn th cha m",1
chúc mừng.em hồ duy hải.mong sự công bằng cho em...,0
mộc ca nghĩa là có tiền mua sữa va bỉm cho con.. ấy mà emoji emoji,0
hai tháng mà trông kháu khỉnh quá. chúc bé mau mạnh khỏe.,0
chỉ cần 1 hero độtày nữa là lên 3sao rồi vậy mà :(((,0
"dịp mẹ toi bây đi lũ phản động hại dân,hại nước.trò củ cứ đêm ra diễn hoài,hết trò rồi hả.để cho dân được sống yên với,người trong một nước mà cứ muốn làm hại nhau.",1
nhiều khi không hiểu nổi khi một nước giầu có mà thiếu cả kinh phí bảo tồn một cái cây...!?,1
là đúng. quyết định cắt đi 20cm tóc thật là sáng suốt cđ,0
link công chiếu mv là 1 thằng con trai 20h tối nay,0
cln lồn này xàm lồn,1
"đúng là cầm thú đội lớp người , thương các em quá",1
t chưa bao giờ coi vũ khắc tiệp là một nghệ sĩ cả.,0
"google, intel, ibm của mỹ đua công nghệ tạo ra máy tính lượng tử, chip lượng tử cách đây mấy năm rồi ạ và họ cũng có sản phẩm mẫu đầu tiên. trung quốc chỉ sao chép những gì được công bố và nghiên cứu sau thôi ạ.",1
con bóng sadec,1
chung quy lại người ta nói con người hơn nhau ở giá trị cũng đúng,0
khoe khoan láo phét đeo.vàng gïã.sőng gïa tąo.,1
đi lang thang vu vơ mà cũng gặp nhà chó quyền :))) chịu thua,1
... trần dần là bậc thánh minh.. gặp vi rut cúm..ẩn mình nơi nao???,0
vãi so sánh. tuy chẳng ưa j bọn lãnh đạo nhưng phải thực tế 1 tí. đường trong tp mang ra so sánh với đường sa mạc -_-,1
o khong thây so đsng chông dich ma con tam trang đang .,0
mấy cái hội phụ nữ đông lào chả được tích sự gì nhỉ ! nam đá bóng thì thể thao là yêu nước còn nữ thì không ah ?,1
giảm giá siêu tốc cho tất cả các anh chị em mua hàng hôm nay emoji emoji emoji,0
mặt khá là nhăn ))) lương hơi thấp suy nghĩ hơi nhiều ))),0
diễn tập gì nữa quay xong rồi. đang biên tập để tết chiếu rồi.,0
nhìn xấu vãi nhìn cái mặt vẫn còn dẫn og đi phẫu thuật rồi gì còn xấu còn như đàn og,1
nguyễn thuận cmt não đi bạn,1
cay đỏ dái,1
"cuối cùng, thì cả ba đều phải buông thả nhau ra, để cùng được sống.",0
nguyễn trọng hiệp chửa thì thôi làm sao được :))),0
đã 20 năm rồi cơ à.quả nhiên tg không chờ đợi ai cả,0
nhạt nhòa quá,1
chưa chiếu đã quảng cáo cmnr... lại cắt cmn hết để có thời gian đọc slogan,1
bóng đá- chính là rạp xiếc .,1
nhìn del hỉu j luôn,1
mang thần khuyển susan 0175 của thầy ra gánh à :v,0
có học thức chỉ tiếc văn hoá quá kém ...ý thức thua cả một con chó,1
có ai thấy mắt bà này bên to bên nhỏ khong ta emoji emoji,0
ôi 1 thằng bede,1
chi kim oi dang lam bo coi chi ne! cuoi den dau bung luon chi oi,0
"lạc hậu, nghèo đói , trộm cươp...thời đại rực cmn rỡ",1
máu cộng sản ăn vào người rùi nên vậy.,1
from quảng ninh with love chúc gia đình anh chị nghỉ lễ vui vẻ,0
sàn tuổi hoài linh rồi nhưng một người gọi anh một người gọi chú!,0
"cho hỏi ngu chút nha moi_nguoi, cô là người thuộc lgbt hay là sao ạ?",0
con co rona dau mà hỏng tap vo coi mo di nay vun on,1
lũ bò tin rằng coi pháo bông tốt hơn xây tượng đài...rồi xem bóng đá lại hừng hực khí thế hưng phấn hơn gấp mấy lần pháo bông .... cuối cùng thì lôi thằng nát ngây ngô vào chơi đồ ...xong cả đám cười ngặt ngẹo happy vãi nồi ! đất nước lạc quan lạ cmn lùng .,1
"a này nói đạo lý hay nè,khong biết có dương tính với mai thuý khong",0
đỷ mẹ,1
"con hàng này ngon quá, t sục 5 phút bắn cmm rồi",1
lương cn ở tp không mua nổi mỗi ngày 5kg cá đâu...,0
tiến lê bố m thích đấy đạo đức cl,1
ngày trước đi đài loan làm lđ và đã học dc nhiều thứ từ bên đó,0
"tôi không biết bà ấy làm thế nào để xử lý gã ấy, chỉ thấy đánh bùm bùm .",0
"địt mẹ, ông thử ăn cá kho đi, càng hâm lại nó ăn lại càng ngon vailone :)",0
nhìn các con luôn ở bên joly là biết ai có nhiều tg ở bên chúng hơn rồi,0
"tôi không có ý chê bai vì cũng chưa coi phim. tuy nhiên, xem đoạn nhỏ đánh lộn ở trên thì vẫn thấy đánh kiểu quơ quào, có chất diễn chứ không thật, nên đừng tung hô quá đáng.",1
nói qq gì đéo hiểu từ đầu đến đuôi,1
"1 năm hoàn hảo cho bayern,hi vọng họ có thể giữ được phong độ này",0
"thật sự mà nói tối qua cùng bạn gái đi xem, xem được nửa phim mình kêu về thôi em. phí thời gian ra rạp xem một bộ phim với nội dung và tính tiết thiếu thuyết phục. nội dung khong có j. tốn 190k 70k bỏng ngô là 2 li nước.",1
tuy rằng anh nói rất thuyết phục nhưng em vẫn phải mua,0
má lên clip rồi. mà đéo hiểu có ai giúp cho những người này hay không. mặt rõ ràng ra rồi. mà cũng chẳng đéo quan tâm,1
"có sự khởi đầu rất tốt, hi vọng em sẽ còn tiến xa trong tương lai.",0
mong pháp luật xử thật nghiêm để đất nước được an toàn hơn.,0
nguyễn nam chửi tụi nó làm gì ôn ơi súc vật mà có hiểu tiếng người đâu,1
khong đếm đk ông ấy nói bao nhiêu từ tất nhiên emoji emoji,0
lào sẽ điều lực lượng hải quân tinh nhuệ nhất để chế ngự khựa.:3,0
phạm văn lộc phát biểu hay nhưng mà là yên nghỉ nha dit_me emoji,1
nguyễn hiếu hàng 1 1 với fake là 1 chứ khác biệt lz gì đâu ))),1
may là có ý thức chứ khong như mấy người bỏ trốn :)),0
baic q7 bạn à! vừa ngon vừa rẻ. xe trung quốc giờ hơn hẳn xe hàn!,0
giờ trung thu nó là mùa sinh sản rồii..đêm 14 là chúng nó bắt đầu phối giống,0
hứa sơn để tý tôi lấy hình ghép cho bạn 1 kiểu nhé emoji,0
"tài năng xuất chúng và nhân cách và nhân cách vĩ đại.thực ra đến bây giờ mình vẫn không hiểu tại sao lại có người bảo ghét messi,chẳng lẽ họ đố kỵ và cay cú quá sao.trước mình fan ars,bị messi cho ăn hành nhiều,cũng cay cú,",1
"từ chân lý giả, tư tưởng giả ,đạo đức giả, đường lối giả , bầu cử giả, luật pháp giả nó sinh ra đủ thứ giả và sự dối trá, lừa lộc, xã hội này đã là xã hội suy đồi thối nát đến mọi rợ.",1
sắp có sản phẩm hợp tác với bên jav nha các học trò,0
nguyễn hạnh mai phục con ciu,1
hiện trạng bây giờ những con này vẫn đang bị vi rút siêu vi b à. sao không đưa chúng về thế giới tự nhiên,1
"t từng bị như vầy ,mất mẹ 1 năm bọn fb nó ms phản hồi trả acc :)))",0
page này bây h toàn chửi sai ))) đk cái đọc cũng mang tính giải trí cao )),0
giống bố từ lúc còn bé tí..nhìn thích thật chứ emoji,0
"ông già lấy hết tiền đi đãi bạn, tháng này tùng sói thiếu sữa rồi :v",0
khánh con sao khong lấy số người chết của ý ra nhỉ. ý cũng là châu âu đó. hi sinh người chết vừa làm tăng miễn dịch cộng đồng vừa cho đỡ chật đất. cách làm của tây hay thật ta ơi emoji,1
mắc đ t quá,1
loại nghiện game săm trổ khong có tương lai đâu nha,1
thầy lol bữa kêu khong reaction nữa sau vụ hương ly roi mà emoji emoji,1
hết hy vọng vào ông trump rồi,1
chuôi con linh love chet chet me no di nguoi dep oi,1
"người mỹ rất tỉnh tao, sáng suốt khi ủng hộ tt trump",0
việt yến chăc t khong lau chìu gì cái chổ ở t luôn quá... xui xui phải đền nữa,0
thằng cha nào đó sáng lên ti vi phỏng vấn danh nhân thời đại chiều là thấy nó vào khám rồi chuyện vn,1
"tram nguyen ũa, nó thích ia thôi chứ đâu có chây chét như mấy con đó :))))",0
"lại thiếu sót ở khâu kiểm định chất lượng an toàn vệ sinh thực phẩm. mong ngành chức năng lên tiếng, để người dân an tâm khi dùng hàng vn.",1
mấy cđ dislike là mấy cđ khùn lồn,1
"chuyển qua insta thì hack bằng lol,bằng niềm tin",1
sắp thành triều tiên của đông nam á cmnr nhờ sự lảnh đạo tài tình và sáng suốt của đảng cơm sườn.,1
huyền khánh phùng yêu tùng sói như yêu cô huyền vậy :v,0
ăn mặc còn thua ng ăn xin,1
khong có gì bất ngờ. chỉ là sớm hay muộn nước anh sẽ toang thôi. emoji,0
nhin mat la biet đai du roi...chư đai gia noi j...vang da thi có..no wa pd oi,1
"trông như thằng điên, hãm",1
lúc này chỉ thở thôi chúng ta cũng quý bằng vàng so với châu âu :(,0
"chỉ những năm đầu thôi,giờ cũng xoàng như messi vậy.",0
"quá mất dạy . đồng bọn với con bò thái ngọc nhiên ở an giang . lũ cầu cá móng phèn vô học mất dạy lại tham tiền vô đối bất chấp sĩ diện ( vô chổ làm hộ chiếu thấy rất nhiều chị em cá gô bỏ trong gổ chuẩn bị xuất ngoại qua ..sing ,",1
cô này có cặp môi giống angelina jolie. giống hệt.,0
quynhanh nguyen muốn xem mà cứ sợ giống cái phim địa đạo cá sấu :)) em sợ vđ,0
e thấy tư duy anh ba không thi siêu trí tuệ bộ môn marco thì hơi phí,0
"chị ba nói đúng rồi. chị ba bán nước cầu vinh. đời ông cố nội thằng cha chị ba, tham sống sợ chết đầu hàng giặt",1
rubi bella pham thanh loan nguyễn thanh trúc ở nhà hết đi,0
"đầu còn lắc được là chưa kẹt nha, mấy anh nói khi nào không nhúc nhích được mới là kẹc",1
"si đã sút pen thành công, xin chúc mừngnhờ si mà bà xã đã thắng",0
tại sao lại ngày càng nhiều thành phần mang máu côn đồ như vậy .có lẽ nên giáo dục nhân cách và những luật cơ bản nhiều hơn từ bậc tiểu học thay vì quá chú trọng vào kiến thức như hiện nay.,1
chúc mừng công an hà tĩnh. bọn này liều ghê thật!,0
cái đờ mờ :(((,1
bán ba cái nước hoa xạo,1
một bài toán hay về các đặt vấn đề cũng như lời giải của thầy trần phương.,0
"có bão thì mới có mưa nhiều, nắng hạn thì còn tệ hơn gấp mấy lần.",0
giờ khong đánh cũng đã khai chính cờ đỏ sao vàng là bọn khủng bố.cần phải dẹp ngay bọn khủng bố cờ đỏ sao vàng này ra khỏi xã hội việt nam và cả nhân loại của thế giới emoji,1
anh sấy tơi đất lắm rồi các em máy nước vào rồi bừa đi để cấy,0
"không cần nói nhiều!, việc messi đã đoạt 6 qbv, 6 giày vàng, lương cao nhất,..., mọi thứ đều bỏ xa 7 tạ đã khiến 7 tạ và fan của gã cay lắm, nay messi ở lại và được barca đối đãi như ông hoàng thì họ lại còn ghen tức và cay đắng dài dài, hi hi!.",1
thì bjo nó vẫn chiếm đó thôi giải thích để tỏ ra mình ngu hả,1
",ai ho ông khùng trần dần len nói xàm lúc nầy vậy?",1
chầu chực đến khổ z cũng được huấn luyện đấy chắc đây thuộc về nghiệp vụ :v,0
trần nhật emoji ủa tao nhai lai của ai. m lạ lồn thế . đmm lướt lại cmt xem tòan mấy thánh kêu sống chậm thôi sống nhanh quá ak hay m cx nằm trong số cmt đấy roi m quay ra ns tao,1
diện trần khó thương nhiều vào để đất nước nó lớn mạnh trở lại rồi lại đi cướp nước ngủ còn sủa,1
thấy nên nhờ doinb dạy cho cái giáo án ngắm gái vs lựa gái cho học trof đi,0
cuộc đời khong nói trước điều gì hết đừng quá tự tinh vậy,0
xị em mìn vẫn bắt kịp xu thế thảo nguyên huỳnh kim khánh,0
khiep qua!!!! vo van hoa!!! dien.,1
"lại là...nguy cơ bị nhiễn vô cùng thấp, chủ quan một cái là đi luôn",0
đjt nhau thế kỉ đây rồi,1
tâm người bố . soi sáng con mình ! một người cha vĩ đại !,0
"cứ đúng đủ nguyên tắc mà làm, không thừa không thiếu.",0
bọn chó,1
"jack hát nhạc vàng thì hợp,luyến láy như c",1
chuẩn. theo t đấy bài này của jack nghe khong hay mấy gọi là tạm thôi,0
"một baì viết phân tich và đánh giá có cơ sở rõ rang .đanh theṕ cho lẽ phải ,sự thật .nhưng rõ rang hơn là lưư manh coi thương mang sống cuả đồng loại .khong đử tư cách và khong thể biện minh đc tội phạm nguyên hình và có tổ chức .xin cảm ơn tg.",1
có cái cc cái gì cũng vịn vào khoảng cách :)),1
còn chân giả dụ ma ra con dao cho chị ba emoji emoji emoji emoji,0
ông này diễn hài nói mua vui cho mọi người mà. đừng chửi ông ấy.,0
hay lắm 35 ng rồi cbi hỏng rồi đang cănng mà vẫn chưa cho các cháu thpt nghỉ,0
các bạn nhớ là chúng tôi luôn mở cửa chào đón các bạn .,0
trần nhật lý do em đồng ý là sợ anh khong chịu đợi đó,0
"nghe bảo thịt sam ngon lắm, còn thịt so thì ít nghe ai kể lại",0
nhìn cái mặt đã thấy biến thái rồi,1
co oi mieng linh nhu lon nguoi ta co thang vay do co,1
nản cái chế độ...,1
a châu ơi cho e xin in4 đi có dịp e dt hỏi thăm cô kim,0
đù ..đăńg qúa,1
"các bạn bò đỏ đã thấy tởm chưa, là một công dân thết nghĩ một chế độ tốt , là lo được an sinh xã hội, y tế, giáo dục tốt. con cái các bạn xinh ra được miễn phí đến khi vào đại học, các bạn bị tai nạn vào viện không phải ứng tiền trước.",1
ghét nhất nuôi chó không đảm bảo an toàn cho người xung quanh,0
đọc báo thấy vụ triều tiên thử bom h mà vn vô cùng quan ngại :v,0
đi tìm nó đánh chết mẹ nó luôn chị,1
: ( vãi nồi !,1
sói vlog mua cua siêu to khổng lồ cho ông già emoji,0
"trời ăn nói vậy mà giàu thì đâu có giá trị , bà ơi giàu có bị già chết khong? ngã mạng thấy sợ quá .",1
"bảo hiểm gì khi nằm viện mà thanh toán cũng bị gây khó dễ, như tôi đây bị sốt cao co giật, đi cấp cứu, xet nghiệm không rõ nguyên nhân, hạ sốt xong theo dõi họ bảo tôi về. do chưa rõ nguyên nhân nên không cho đơn thuốc gì hết,",1
hoan hô cảnh sát ấn độ đã làm một việc rất có ý nghĩa,0
đeo kiểu đó có khác gì bảo tụi ăn cướp tao giàu lắm,0
"ông này nói bậy nhiều lần , máy năm về trước tiên đoán cs sẻ giải thể để cho họ đào lên thế vậy mà bây giờ cũng còn dám bố nữa. chắc dịch bệnh nhiều quá quần lót khan hiếm khó mua cho nên không thấy ông ta trùm cái mặt lại",1
đây là lý do tại sao thích tuấn hưng vs khắc việt,0
ai lấy mk sớm muộn cũng thành tỷ phú vì mk mơ khá chuẩn bắt số chỉ có độc đắc,0
cml,1
cai mat nha tien tri tran dan.nhin giong cai phau cau ga cong nghiep wa moi_nguoi oi,1
"mất nhân tính, 2 chị em nhà này còn hơn loài cầm thú. mong pháp luật xử lý mạnh tay, thể hiện được sự răn đe trong bản án, để sau này không còn trường hợp tương tự sảy ra. thật đáng thương cho các bé!",1
"1 ăn cả, ngã ăn l n :))) lê chi",1
sương nguyệt anh và sương nguyệt ánh nữa tên nào đúng,0
cũng chỉ có 1 lần sống sống sao cho đáng.đấu tranh thôi mà,0
"bình thường không sập, lúc mới khai giảng lại sập",0
không thấy con trai và vk kiêm chị dâu của con trai biden nhỉ?,0
bọn mù quáng emoji emoji emoji dịch như này bọn nó ở nhà cày view....,0
phan thị mỹ dung like đê dit_me,1
chú trung đầu l chứ chú tí đầu lân clg emoji,1
mấy thợ làm tiktok vẫn chưa thấy ai ra siêu phẩm tấc nhiêng nhể?...,0
bút dùng vẫn còn mực cần pass lại cho ae nào chưa có . giá yêu thương 5k,0
nên hiểu hoàn cảnh của các cô trong tình hướng đó.,0
vai ạ,1
"nghèo chết mẹ,thiếu nợ người ta chết mẹ.bộ mặt con mẹ gì.nguỵ biện.",1
qua tôi có đề xuất 8 3 nên tặng nó viên kẹo đồng mà khong đc thông qua ))),0
thượng đẳng j mà chậm quá trend này việt nam làm biết bao lâu rồi emoji,0
nguoi đẹp thanh quôc chua đon tiêng tri trầng dầng zề viêt nam tránh dịch à ?,0
"phải mạnh tay với bọn này lên. phạt hành chính, phạt tù. chúng nó mới sợ.",0
chiếc xe hơi kia sao liều mạng vậy? vẫn chạy đâm đầu vào,0
no qua ma oi nguoi ta giau khong ai ma dem khoe nhu ma dau noi la biet no roi 2020 ruoc ma ve no dum nha con khoai dot phao,1
nhiều bn sống nhanh quá hay sao mà ns sống chậm thôi,0
"ở xứ sở nào đó thì người ta lại đối xử với nhau như người rừng, chém giết nhau vì lý do vặt vãnh. thật kì lạ !!",1
"chúc các em bình tĩnh, tự tin hoàn thành tốt phần thi của mình!",0
vlol v:))),1
đéo hiểu page này lập nên nhầm mục đích gì :)))))))))))))),0
mày khong biết phân biệt đâu là giỏi đâu là phá hoại à,0
bình võ người sida đâu ai xông pha đi hiến máu emoji,0
quânanh dogy chứ,1
gu ăn mặc như cc :v,1
sáng mắt chưa nhung :),1
mồm con linh không khác gì như cái lồn trâu emoji emoji emoji emoji emoji,1
cái này thì đúng rồi ad vn khong kiểm soát đc giá cả mà,0
"im lặng nếu không muốn bị điều tra , đây là vấn đề nhạy cảm :v",0
ở bển luôn đi về vn làm cái đéo gì khong bik,1
con linh cá lóc là loại người không tha thứ dc.,1
thông đít hàng ngày :),1
"thiên tai sợ thiệt, cây dừa còn gãy nói gì trụ điện!",0
"alibaba tính làm hệ sinh thái: vừa bán hàng, cho grab đảm nhiệm đi giao",0
lập các phòng cách ly tại chỗ ngay ! hạn chế tập trung!,0
em là một cô gái nông thôn. sống nội tâm. trầm tính.,0
em mà đập đc thằng chính phủ như vậy chắc e đã làm rồi emoji,1
"t đang nợ 1tr, thêm chỗ này là 30tr à :(",1
thấy thích quá một vùng quê miền trung.tôi cũng thường ra vùng này.,0
hà boo diễn hôm 4-5 1 chị ạ. từ sau khong đi nữa.,0
giàu mà ý thức như cái đầu cac :),1
mỹ hạnh trend mới emoji emoji emoji emoji emoji emoji haha,0
kimthy lê sao bít cu nta tí hon,1
đĩ già khùng,1
"fake và real vậy đi , mua gì thì tùy điều kiện mỗi người :))))",0
thằng to ăn to .thằng bé ăn bé đúng là tấn trò đời,1
cần thuê con bmw 523i (3 ngày 2 đêm) để lấy lòng gđ bạn gái...gấp emoji,0
đọc tiêu đề rồi vào xem cảm giác thất vọng quá!!!,0
lần nào nhìn mặt thằng bạn cũng tưởng trùm susan :)),0
trần thị ngọc anh t chỉ nói khong biết thực hư thế nào thì đừng cào phím.còn t cmt cho vui thôi.động gì đến mồ mả nhà bạn đâu mà dựng lông lên thế.,1
kênh như con c,1
call me ppoong mày là người của 3 hả? t nói khong đúng sao? phản động chả lẻ pải được tôn trọng sao.,1
nguyễn thuận khong hay thì bảo khong hay? căng clgb,1
người mới thất tình mà nghe chắc khong chịu nổi luôn,0
đừng đem việt nam! ra so ở tầm khu vực ngại quá qua châu phi đi...!,0
"thân thị bích quyên cái này là những con người phá nc, bán ns",1
mk khong p fan jack mà thấy nhạc cx dc khong đến nỗi khó nghe )),0
tuấn mạnh :))) nhật nổi tiếng biến thái mà,1
"hoàng liên trời ơi,mày chậm rồi,20h hôm qua comeback là t like liền rồi kaka",0
ai cung dich corona sau con nho nay khong bi vay ta do khung,1
"cái này là nói thiệt..con quỹ này bán hàng dõm 100 ..nhỏ bạn toi có mua 1 lần về xài thử, như là nước lạnh, nt hỏi thì bị chặn, lúc trước mình cũg tưởng uy tín mà nge nói dậy lúc nó live mình vô hỏi bị nó chặn ln...lừa đảo",1
thinh nguyen ct chứ đâu má. tự cách ly rồi. emoji,0
muốn tiết kiệm cả xăng lẫn sửa thì toyo nhé... che nắng mưa rét là ok...?,0
vvbgfggff nshsbbsna võ minh hiếu lộc tài ( bảy miếng đất),0
tại chị nhung dung dăng dung dẻ mà mình phải đeo khẩu trang emoji,0
thu hà phải có bà khong hay chứ má chả lẽ hay hết emoji,0
"ê chó ad. nó nói chất độc khong thể ăn được có gì sai à? chỉ cái lủ chó như...cha mẹ mày chẳng hạn, trộn chất độc vào để tăng lợi nhuận rồi kéo theo việc hại dân thui nhé",1
bọn đấy ngang với đa cấp đấy tàn mồm thầy cúng,1
chug nao bon quan chuc cs bj lat do thj vn moi co tuong lai,1
khi bạn có cái quần trong đắt hơn cái quần ngoài và muốn khoe nó )),0
hóng bò đỏ vào sủa đất nước mình còn nghèo,1
chào e người là điếc :)) thì quan hệ thích chơi kk haha,0
thằng này là thằng điên chứ gì nữa,1
thanh niên ngồi ngà phán thì cái gì chả có lý :))),0
thế mày nghĩ nó quan tâm đến việc mày vội hay khong vội à. ngu v khong l :v,1
người việt mà đéo được về việt . đâm đầu chết mẹ đi cho mấy mà vừa lòng .,1
"chương trình này hay, sau có con mình sẽ chăm cho con xem thế giới động vật",0
bà bị nhiễm là đúng thôi chẳng có gì là lạ đất nước bà là thánh sống nên coi thường đại dịch mà cả thế giới đang lao đao chống trả . kỳ thị khi đeo khẩu trang xem như một bệnh cúm bình thường khi nào chết mới trắng mắt ra đúng là ( nước đến trôn l ...,1
"trump làm kinh tế giỏi nhưng chức vụ tổng thống không thích hợp với ông,",1
bản án nhẹ tựa lông hồng.,1
chịu. toàn đầu gấu không.,1
con nay da vo mat no cho đa,1
ai bảo con trai khong mang lại đc hạnh phúc cho nhau,0
clm oke abe,1
lê hải long ủa v họ nuôi bò dê lợn gà là động vật để ăn thì liên quan j đến việc cấm mình ăn bạn ? bây g vật nuôi và vật nuôi để ăn bạn còn đéo phân biệt dc thì bạn có não làm j v bạn ?,1
nhìn biden không có cái thần và phong thái của 1 tt mỹ,0
bạn còn phải hỏi nữa! bạn cứ chờ 5 năm nữa vàng xuống 35 triệu cây rồi hãy bán.,0
thay im me mom di,1
mọi thứ đều đẹp trừ 2 quả thận,1
nguyễn trọng hiệp đm óc cức à bạn trẻ...,1
nhìn cái mặt muốn xịt chó cắn,1
nghe có vẻ hơi vô lí nhưng lại rất thuyết phụcc :v,0
ghi ta nhìn phổng phao thế kia mà non xanh hả đẹp thế,0
tạ thị ngọc duyên mày cũng v chứ khác đéo đâu xớ,1
nhạc dở hơn nhiều so với hồng nhan bạc phận sóng gió thề !,0
cậu đồng giờ ông có tiền ông được đi ra các nước phát triển hơn thì ông ntn ??,0
"thà làm phim còn hơn bởi vợ chồng cô này chẳng bao giờ thật lòng, toàn diễn.",1
chị ơi . em fb nick anh japans .. chị kết bạn cho em chấp nhận,0
klq mới bạn thi xong và chuẩn bị trường nào học vậy,0
còn chỗ gởi bé sau khi tiêm cũng phải ktra xem có bất thường gì khong,0
tiểu vy mặc quần nhăn nhúm. mpt đẹp!,1
mấy bài trước hợp tác với kicm còn hay chứ vô nghe bài mới như hạch vậy,1
rồi sau đó chết bảo tại số,1
hãy nhìn ánh sáng của đảng và quên đi sự bất công của cuộc sống. emoji,1
nhin guong mat sang lan ....cai dau trong rong ...o ben trong cai gi cung thui ....mo mieng ra cai gi cung thui .....dat nuoc oii....,1
người bắc kỳ họ có khái niệm. hy sinh đời bố củng cố đời con. đụng đến chén cơm nhà nó mà. cầu mong sao nó đi sớm hơn.,1
trư bát giới đã viết ae cho sập cmn đi,1
thật đáng trân trọng. 1 người dám hi sinh thân mình để bảo vệ mọi người,0
vô chính phủ mà,1
quá manh động và côn đồ chém chết người chỉ vì mâu thuẫn trong quán nhậu mà thôi. quá nhanh quá nguy hiểm.,1
nhớ ngay xưa vụ gján đjệp mỹ dẫn đến sự sup đổ của ljên xô!,0
ác quá. căm phẫn người mẹ bỏ con.,1
"bmw dạo này thiết kế mất chất quá, thua xa xe trung quốc.",1
minh sang chưa bh bị như v :)))) kh mệt nổi vs m m yếu quá,0
sự chủ quan của ông trump đã phải trả giá đắt. hy vọng ông sẽ sớm vượt qua.,0
đế quốc tư bản ngoại bang thì muốn gắn 2 cái đảo đó vào việt nam ! còn lãnh đạo đông lào thì lại muốn gắn cả việt nam vào dưới đít trung qq !!! thật oan nghiệt,1
tk trọng tài m ráng núp kính đi nhe emoji t bắn á,0
đồng chí trần dần đã hoàn thành xuất sắc nhiệm vụ của đảng và nhà nước giao cho,0
lắm tiền mà đéo bh chịu làm even cho học sinh,1
phương minn khong nghe nổi thì out mắc cailon gì dislike emoji,1
khung,1
khá lắm . dám đứng ra chửi cả 1 lũ dô dăn quá . :,0
tôi nghĩ loa phường vẫn có vai trò quan trọng với người dân,0
"hướng dương fan mà làm ăn thế bao giờ không, bớ làng nước emoji",0
":)) nó chửi cho đúng :)) chứ khong phải là nó chửi sai.nó chửi cho khôn ra chứ nó chửi khong phải là để cho tụt hậu,cho đi xuống...tuy văn phong thô- tục nhưng nó thật...nên đéo thể cãi được ,thấy xấu hổ thì phải thay đổi",1
hóng dlv vào liếm,1
hâm mộ quả page này v. đã chửi hay lại còn vẽ đẹp. phát huy nhé ad oii,0
mong mọi điều tốt lành sẽ đến với ông và phu nhân. tôi yêu tổng thống trump 3,0
lỗ đít nè chơi đi,1
tôi rất ngưỡng mộ ông! chúc ông sức khỏe và dành chiến thắng!,0
anh chính thức thành kẻ thù không đội trời chung của đám dâm lợn viên. hihi,1
"hiz, e vô tìnhh bị vài lần thế này... fai nói là đau thấu",0
các ông đi chơi bỏ tôi ở nhà với bà chủ kênh thế à,0
dương )) làm gì kệ mẹ bạn,1
tôi độc thân và cũng đã mua sau khi nghiên cứu kỹ lưỡng.,0
khoe cho qua tượng đau qua ra la một con b d co chi một cay dinh ở giữa han,0
nước có màu cũng la không màu cũng la. nhờ ơn cộng sản mới đc vầy,1
anh bo là 1 trong số rất ít những ca sỹ không có antifan,0
"nghệ sĩ hoạt động trong các loại hình nghệ thuật, nhất là lĩnh vực biểu diễn, luôn thu hút sự quan tâm của công chúng !!! mà chuyện ly hôn thì diễn ra như cơm bữa , thế hệ trẻ sau này thấy thần tượng như vậy thì không biết ra sao !!!",1
con chó diên dan chuong trình nghe muon ỉa ra quần,1
giọng ca hảm chết cdm ng nghê luôn mà share cái j,1
không cho chúng bố ăn là chết với chúng bố. thiên đường xhcn nó thế đấy con ạ.,1
"dit_me...thằng assmin này phản lại cái động...bố nó thông minh,tài giỏi mới làm lãnh đạo...nó có gen di truyền thông minh,tài giỏi đó mới làm lãnh đạo như bố nó...không lẽ mày muốn thằng phụ bếp làm tủ lạnh ,thằng thiến heo làm tbt...v..v..",1
"bảo yêu nước, thương nước, xong đi du lịch về lây bệnh cho nước mà là yêu nước à :)) đi du lịch về thì tự biết khai báo cách li đi... đằng này thì...nếu nhiều tiền quá kb lri thì đi làm từ thiện đê lại còn du ms chả lịch :3",1
xịt lốp oto khác vs xịt lốp xe máy. tiền phạt oto khác vs xe máy,0
phạt cái cm,1
chi oi chi gisu vo nhu vsy cji lam tu thien di chi,0
nguyễn trọng hiệp cấy tội xl,1
ông trump sẽ tung đòn phản công nước rút vì đó là sở trường của ông trump.,0
"tự hào quá việt nam ơi! đúng mà, việt nam xử lý quá tuyệt vời",0
thùy trang (giảm cân dema fitness) thứ bạn mất nết :)),1
dit_me ông nói phét à emoji cái vòng cổ đã quá 2l cụ rồi,1
con mẹ mày trốn học thầy tao qua đây khịa cái gì đây emoji emoji emoji,1
đảng cộng chó,1
"hà nguyễn khánh duy gái nhật đi tàu đi ngầm nó ngứa mu quá, lấy tay móc gãi tỉnh queo. nhìn ghê lắm kìa",1
chị pa nhận kiếm cu để bú,1
và bộ tộc mixi cũng từ đó ra đời dưới sự lãnh đạo của tộc trưởng người cao bằng buồi to như lõi giấy vệ sinh )),1
"hoài lâm còn quá trẻ, cậu ấy nên gạt đi quá khứ để làm lại từ đầu.",0
dk me khong biet tang thue moi truong de lam gi ?,1
ngộ ha! mấy bố cứ ngồi đây mà phán thử hỏi làm sao phát triển được ... ủa nếu có chinhd sách phát triển gì gì đó của mấy bố vào đây thì vn chắc gì đã tiế bộ? đã đéo giúp ích đc cho đất nước rồi còn ngồi đây thử hỏi sao phát triển được :,1
trừ nói tục ra cách nói chuyện rất dễ thương lắm áo vàng ơi.,0
"phải luôn khuyến cáo người dân phòng dịch, chứ thấy nhiều người chủ quan lắm.",0
vai :) mẹ vừa gọi bảo lên ls đi ở đây chưa có ai bị dịch cả,0
hôi pen à?,1
nguyễn chí lợi iq vô cực mới nghĩ ra con mắt emoji,0
mic vàng có 1 cú hôi pen sau khi fati kiếm! cules giải thích này có phải siêu phẩm khong?1 bàn vô thưởng vô phạt,1
thôi anh im mẹ mồm đi nói nhiều quá,1
barca đụng bayern munich thì xác định bị loại từ vòng bảng sớm nhé,1
"cám ơn bs và đó là công việc của y học hiện đại, của bs.",0
nếu học sinh chỉ cần cái điện thoại thông minh là tự tra cứu học tập được thì thôi ở nhà tự học luôn đi chứ cần đến trường làm gì nữa?. tưởng tượng cái cảnh giờ ra chơi thay vì chạy nhảy thì toàn ngồi cắm đầu chơi game chắc chết quá.,1
2 anh nầy nói chuyện như 2 anh ngáo đá,1
phùng khắc hoàng linh cũng thế hả c emoji emoji emoji,0
có ai biết giải nam phụ xuất sắc phim gì không vậy?,0
"mới chỉ là các cầu thủ trẻ tiềm năng chứ nói là thế hệ vàng thì hơi quá, thành tích cá nhân và tập thể chưa có gì mà được mấy ông lớn tranh giành đẩy giá kinh quá.",1
như cc luôn ấy :v bài này view khong cao đâu,1
người japan vốn ý thức rấtt caoo cao hơn tình cảm của toi dành cho crush nữa,0
con ruột mình sinh ra mà vẫn chưa đc vầy...thật ngưỡng mộ anh cường,0
"xin kể 1 câu chuyện lớp bên cạnh lớp cậu út nhà mình. tiết đầu tiên là học toán, hết tiết toán khong có giờ giải lao mà vào học ngay tiết tiếng việt. có 1 bạn nói với cô giáo là sao học nhiều thế cô, con khong học nữa đâu, học vừa mệt vừa chán.",1
khong giống con giáp nào,1
hay lắm nó đi họp cổ đông bị virus thì chết trùm !!! oke hay lắm nghèo khổ có nhau,1
chúng m thử kéo chuột ghìm tâm với cái biểu cảm như a tao xem . hộ cái,0
hàn quốc thuợng đẳng lắm mọi người đừng lo cho hàn quốc nha,1
đợt này thấy toàn tầng lớp đại gia khong ý nhờ.có tiền đi du lịch kug khổ mà,0
lâu lâu thầy đc pha quét sạch ghê hem đạika vạn phúc huy,0
đùa chuẩn trịnh đình quang luôn emoji ra thêm hit mới đi a ơi,0
lỗi không phải tại anh đâu mà là tại mấy anh công an không xích anh được sớm hơn thôi chứ bên vũ hán anh vào lò lâu rồi,1
giống loài loan luân la vây,1
"bảo thanh béo ra nhiều quá,riêng anh trung anh và hoàng thuỳ linh giữ phong độ rất ổn định",1
duy anh pham dit_me,1
trần huỳnh như dơ vc,1
tôi năm nay 40 tuổi mà chưa thấy trường hợp nào như thế này,0
lời nói đâu mất tiền mua sau bà ăn nói khong có văn hóa dzay,1
"ủa chứ em nghe mấy chú mấy bác hồi xưa kể là người ngoài bắc với tư thế hào hùng đào núi, vượt rừng vào miền nam giải phóng ách đô hộ của thực dân pháp. vậy khí phách anh hùng, hào cường ngày xưa đâu rồi. sao giờ than với rên nghe chi mà não ruột quá dạ.",1
ông nói clg nghe cũng thấy hay :)) đợi concard :)),1
"nghe lần đầu thấy dở, nghe 2 3 lần (có loa) lại nghiện",0
diệu kỳ. thực sự là diệu kỳ. không thể nói khác được!,0
"nói chuyện thiếu văn hóa , tục tiểu , không ra gì",1
"án quá nhẹ cho những việc làm thú tính, bệnh hoạn, mất nhân tính của hắn đối với 2 cháu bé. một cháu lại chậm phát triển về trí tuệ nữa, kết thêm cho hắn cái tội bắt ép, đe dọa,, khủng bố tinh thần nữa mới đúng",1
tổng số tiền mà ông trump vận động được đang nhiều hơn so với ôg biden.,0
đm thằng thớt page này đúng là thánh tổ lái kiểu đéo gì nó cũng quay đc.phi tên lửa bằng mõm ít thui khong đang lái trên đường bom nổ chết mẹ mày đấy.,1
một doanh nghiệp đóng thuế cả ngàn tỷ mỗi năm bị lũ ngu chó đẻ giết chết! và 1 thằng add óc éo bằng con chó,1
"tôi không thích trump, nhưng mong ông và đệ nhất phu nhân hoa kỳ mau bình phục",1
"trời ơi, cô nói chuyện giọng cưng xỉu 3 3 3 iu quá",0
không bằng cầm thú!,1
khó mõm nó lại emoji,1
trần huỳnh như bạn dơ quá đi emoji,1
phải chăng chế tài xử phạt còn quá nhẹ. haiz nhiều bạn trẻ bây giờ ngông quá.,1
thằng nào dám cho nó địa chỉ nhà để đến thu tiền khong ))))),0
trend có từ hàng nghìn năm trước công nguyên tại vn ))),0
xã hội thối nát,1
";))) phê mà tuý mà cứ livestream thế này, chẳng mấy chốc mà ế ma tuý emoji",0
"anh tôi không chửi thề nhé , đấy là tinh hoa dân tộc đấy mọi người à emoji",0
"tâm nguyễn phát ngôn đúng chất não cứt . người việt mà đéo về việt thì ông muốn họ sang trung quốc à ? giàu thì cũng tiền họ làm ra , có xin nhà ông đéo đâu ? họ về đéo ảnh hưởng đến đất nước là được . ý kiến cái đéo gì .",1
hằng hằng hôm nào gần đi học tôi cạo trọc bạn ạ emoji,0
"vào rừng hái hoa để ăn thì chịu rồi, toàn các bác lớn tuổi chứ trẻ trâu đâu mà đi ăn linh tinh thế nhỉ.",1
"súng bắn không xuyên ,dao chặt không đứt gạch ném vào máu phụt ra",0
bà nội m,1
không bẩn thỉu không phải cộng sản mà.,1
bốc bốc hửi hửi :)),1
"mở mồm thì kêu suy tủy mà suốt ngày kêu đừng im lặng, phải lên tiếng đi",0
trịnh quang công đấy. ngta còn muốn sống như đứa trẻ kìa ck emoji,0
trần dần khong nhiễm ncovid nhưng nhiễm virus hoang tưởng! emoji emoji emoji,0
"tiêu hoang thì mình không nói, ai cũng tiêu nhưng đấm thẳng mặt chồng thì thì thua.",1
"đã xác định có độc, cơ quan chức năng phải cho thu hồi ngay.",0
"thật là may, sau 1h bão đã suy yếu, bà con bớt khổ nhiều!",0
khong hiểu phong cách này thì đẹp ở chỗ nào emoji,0
"duy nguyen ảnh này mặt rữ quá emoji ,cười cà khịa ms vui",0
"thối nát quá rồi,ai cuồng vào chống chế quả này xem ?",0
nhìn mặt đã thấy chán mà còn 2 nhiệm kì thì chán con mẹ nó luôn rui,1
chúc con mau chóng hồi phục sức khoẻ nha cậu bé hulk,0
đm. tao là ca thì tao có quyền nhé. đm ad phản cmn động,1
1 hộ nghèo thì tầm 3 4 năm mới để dành đủ số này !,0
"chúc cô chú luôn luôn vui vẻ , khỏe mạnh và hạnh phúc",0
cho chết mẹ nó cái đám bò đỏ đần độn,1
muốn có fan cứng là làm như nào ta :v cmt nhiều hả,0
lệ đĩ mà. em nó nghĩ tiền của pa chắc từ trời rơi xuống.,1
"trantuan khoi tran muốn chụp hông :), rủ bạn gì đó chụp",0
"cám ơn các bác sỹ, cảm ơn nhưng nhà hảo tâm đã cứu sống một cuộc đời bất hạnh.",0
add ngu vãi nồi,1
ngay xua la chi em than thiet cho vang va nha ma bay gio chui nhau nhu hat hay,0
đình quang xấu như anh thì em cũng muốn emoji emoji emoji,0
huỳnh tuấn phản động đó bạn,1
"sơn rất có duyên, quỳnh cũng thế, tại sao 2 bạn lại không yêu thật nhỉ?",0
"y như phim viễn tưởng, sắp trở thành sự thật kakakaka",0
my thsnjs minh hieu chuc nguoi that binh an vui ve,0
thánh kiếm đâu za cái này. mà đọc cái bl của thằng kia song. tôi đi đái đéo hết bc,1
bài học cho các bà mẹ ly hôn nếu có con gái nên gửi ông bà ngoại rồi tái giá,0
đề nghị các đồng bào tự do ngôn luận trong khuôn khổ cho phép,0
hóa ra nuôi con tu hú và nuôi con cúc cu như nhau,0
riết thấy page này xàm lồn vãi o.o chửi thì chửi cho đúng.cái gì đáng chửi thì chửi. chứ cái vẹo gì cũng chửi.sai cũng chửi đúng cũng chửi.thành chí phèo cmnr,1
bên a toang lắm hay sao mà phải điều trị ngoại trú nghe oải.,0
đậu rồi má hay đậu má rồi các bạn nhỏ ??? :))),1
khoe puồi,1
nể nhất mấy bác giờ còn thả haha được emoji emoji,0
phobolsatv bác lân cho em xin facebook của bác dần đi...,0
nguyễn trọng hiệp lấy ảnh mạng hay là tạo nick ảo v,0
nguyễn hiếu các bro đừng chửu nhau có mỗi đôi giày,0
":)) vấn đề sang đấy làm đc cơm cháo gì hay lại ăn bám trợ cấp, làm nail với culi như cái đám đu càng thọt mà ra rả kêu gửi tiền về nước nghe to tát quá hihi",1
nam mô a di đà phậtnam mô quan thế âm bồ tát cứu khổ cứu nạn,0
"người dân mỹ sẽ biết họ cần ai !mong ông trump chiến thắng,",0
thời nay biết mặt không biết lòng thôi thì cứ để xem cho kĩ hẳn nói,0
tập cận bình qua mĩ cũng bị dân tq bên đó treo băng rôn biểu tình chửi như chó )),1
"thật ác độc quá đi,ảnh chỉ mất show thời corona ạm thời thôi",0
câu hỏi ngược lại có nên theo một ngừoi con trai có quá nhiều em crussh ???,0
đéo hiểu thằng này khong có não sao làm đc quan nhỉ?,1
đến hoàng duy hùng còn giác ngộ huống chi trần dần.,0
tùng sói lại said sao khong đăng cảnh ông làm tôi khóc đi :),0
ai lớp du chu cờ mo.. sợ bã nói tới câu sau bíp..bíp.. bíp,0
"hehe, thuật phân li tán của ông này đúng là cao thủ.",0
my trần ủa ụ á emoji,1
giá cổ phiếu tăng vùn vụt...không lẽ lại phản đối?,0
học trò lol,1
dit_me vtv mặt trời,1
"vn giờ toàn mấy thằng ngu thất học lên làm lãnh đạo,phát biểu ngu khong chịu được",1
"sự thật thì nó rẫy mãi éo chết...còn xứ lừa thì đang trong cơn hấp hối vì hết tiền, nợ ngập đầu, tài nguyên cạn kiệt còn số đông dân đen đang ngập ngụa trong chất độc!... nay thấy tổng thống nó qua thăm, dân mừng như gặp thánh...",1
võ thị quỳnh uốn zs nhuộm nè. hy vọng là đừng giống trên kia emoji emoji,0
"thôi m ơi,chết vì corona lại mang tiếng đất nước mình",0
hữu tân nguyễn thử rồi làm chuyến xuyên việt bạn ơi,0
đm mặc sịp vào chim to vai ạ )))),1
nếu e còn tồn tại - thất tình 2 bài hot bạn nhé :d,0
ông lại lấy hết tiền mua sữa của tôi rồi. sói said,0
không mở đường bên đồng nai thì điểm kẹt nằm trên cầu,0
ad óc chó,1
lệ hằng tại bữa em bị trúng lời nguyền chặt heo á,0
lê thế hào cc dell bk cailoz j ve nghe thuat im,1
chụt chụt thông kiểu đéo gì )) toang thật sự roi,1
không có tiền mình phải quảng cáo nhiều nên emoji emoji,0
biết rõ nguy hiểm mà vẫn làm và thiếu biện pháp an toàn thì thật quá liều lĩnh,0
ông chủ đem nhân viên đi khảo sát địa hình nuôi tôm,0
phạm văn rạng từng bắt dính 3 quả của pele và vô địch sea game lần 1,0
"minh masa mấy nay kêu nghèo, ứng tuyển đi cậu emoji emoji",0
"khi lời nói tỏ ra không còn hiệu lực thì quả đấm ra đời, khi quả đấm tỏ ra không nguy hiểm thì rút dao đâm liền.",1
nam mô a di đà phậtnguyện cầu con luôn được mạnh khỏe bình an thân tâm.,0
"ơ, e tưởng phải bằng nhiều vailon chứ :)))",1
tr giờ học dùng dt thì ok rồi đó. ít nhiều có thầy cô quản lý việc sd điện thoại. vấn đề là ngoài giờ đó khong thuộc phạm vi qly của giáo viên. nên hsinh sẽ sd khong đúng mục đích (chiếm tỉ lệ lớn). quy định này chưa sát thực tế tâm sinh lý học sinh.,1
. điều tra mà đòi như bắt phù thủy không bằng ấy nhỉ?,0
"cai du ma deo bit dang song trong cai thoi ky gi,ma lam alibaba the khong bit",1
"bửa nào kêu bọn đầu gấu giết hết gia đình ad. lúc đó nó sẽ post: giết người thì nó bắt, trộm nó bỏ tù, lương thiện nó tha. mồ tổ cha mày rảnh hơi, hết chuyện làm hả mậy. gặp tao là tao giết lun chứ bỏ tù chi",1
bn vào trầnđoànofficial nghe chửi minh khịa khong dám nói tên minh hiếu,0
chi ba oi em quy chi qua chi cho em hoc cach giau voi em nghro qua day chi oi,0
ad óc con chó vãi lồn,1
ngọc tính vừa thấy thông báo rồi vào luôn mà đã hơn 7k roi,0
bọn rẻ tiền này mà nhà nước muốn đập thì chúng nó chết từ vài năm trc rồi,1
hi chắc tụi bay cũng chung bọn với nhóm xộn lào đó rồi,1
cháu cứ tưởng mỗi người ủng hộ 5k lấy quỹ phòng chống covid. xd,0
chao chi hieu chi dep pua de thuong nua co pua my goi chp em ngan do nha chi,0
con linh nó vẫn chứng nào tật nấy . vì bản chất của nó là vậy. emoji,1
vài thập kỷ nữa thôi thì chiếc máy này sẽ nhỏ gọn như cái đồng hồ,0
tết không nhạt đi. chỉ là chúng ta không còn là những đứa trẻ nữa ))).,0
con quỷ ngọc hiếu.. cái thứ ngu ngục tù.. đou mẹ nó bị con minh hiếu chửi sắp mặt lon.. giờ lại áp phe với con minh hiếu...khong biết sĩ diện...,1
trán ngắn tóc dài mồm lai trung cuốc.,1
"chúc refund cực kì thành công tại giải lần này anh nhé, let go refund gaming 3",0
sài tiền âm phủ mang đời đúng roi ta nói bê dê o vn ai cung xinh ai cung đẹp sao be de o tư bản no xấu ma no ao no nô banh xax sài tiền am phu mảng đời kk,1
"bị nhiễm covit 19 sao khong ở bên anh mà chữa về vn làm đéo gì để lây nhiễm người khác tốn kém tiền nhà nước ,bọn nhà giầu đú đỏn",1
ad ngu như 1 con chó....xh nước nào mà khong có cướp giật.....chẳng qua là kéo giảm chứ làm cc j hết tuyệt đối.....mày ăn cức nên não mày khong phát triển hả ad!!!,1
"ông can đang bận bảo vệ bọn ngu nhưng ra vẽ gánh team , và đứng trong bệ đá cổ nhưng vẫn cần sự cover từ đồng đội tránh bị dive bệ đá ))",1
ôi toàn những người giỏi toán comment. mình đọc lướt qua mà chóng cả mặt.,0
thời điểm này có nên đi du lịch đà nẵng hội an chưa mọi người.,0
tội nghiệp con quá. không có mẹ. bị bố đẻ đánh dã man . hắn lại còn nghiện ngập và nguy hiểm nữa.,1
nghe giọng khong hay bằng trước . đề nghị bác độ để giọng cute khác đi .,0
"à, chỉ là 2-1 thôi, chứ mắc công 2-8 thì anh tùng có cơ hội bào chữa.",0
ngu còn sủa cho lớn...lúc đầu cũng mê việt kiều,1
chuyện người ta làm chúng bây ở đây làm thầy bói. rảnh háng thật,1
"lưu bá mạnh cô dạy em bài thể dục buổi sáng , 1 2 3 cô hít the lòn ma the lòn ma",1
"xương máu của đồng chí mà chúng nó còn trục lợi, thì mạng sống dân đen có là gì.",1
"thp sai thì tẩy chay, còn tml này cũng hay ho đ gì, nó mà khong bị kiện thì cũng ngậm tiền rồi kệ con mệ tất cả bọn mày uống nước đái ruồi , bênh ngu vll",1
huhu toang,1
người cõi trên chuẩn bị trốn về việt nam cũng còn nói cõi trên hoài mệt quá,0
ai lốp du chu cờ mo. nếu cô muốn nhận con nuôi thì con xin sẵn lòng làm con cô,0
chị gặp con linh lóc chi đánh cho nó te tua ra nhé,1
"rõ là nhà vệ sinh có nước có vòi xịt đầy đủ mà nhiều thành phần cứ suy nghĩ là đồ công cộng nên méo cần phải kỹ,lạ lùng zị đó.",1
đông ca là địt cụ m ngủ đi,1
"bình boong đuổi kịp rồi, thái đợi 15 năm nữa nhé!",0
ong xao lon qua di ong oi.,1
đi trong đô thị là quá phù hợp.. nhỏ gọn đỡ tiêu hao nhiên liệu..,0
ngưỡng mộ trình độ khoa học kỹ thuật của người nhật,0
mấy bé 2k1 không biết đã tìm thấy xác ở dưới sông chưa nhỉ ))),0
tonight phodiwalk nha mah friend thục yến :))))))))),0
đập vào mặt cái nk sale up to 50 thế này còn gì bằng bạch tuyết said,0
nhình dễ thương đẹp quá chứ. miệng cô này có duyên,0
ở nhật nhưng làm việc hành chính theo kiểu việt nam - buồn,1
trần thị ngọc anh ngang thế ? đã là ổ dịch còn đòi đi hiến máu :),0
xạo l n quen rồi bạn ơi. emoji,1
"cỗ bàn thế này vẫn chén dc ae nhể gấu bốn mắt, phạm phương nga, độc muỗi.bọn m chỉ có khong ăn cứt nát và lá xoan thôi",1
"tụi mày tuổi lồn, nói thế cho nó vuông",1
"ngoài bệnh kiêu ngạo , tự hào dân tộc ảo tưởng . thì còn bệnh hùa theo phong trào , luôn coi tư tưởng của số đông , miệt thị cá nhân khác biệt . những đứa phản động như mình , khi phát biểu suy nghĩ cá nhân ,",1
nói chuyện vô văn hóa... bắn chết m giờ!,1
"rơi súng không có nghĩa là hết nguy hiểm ,11 năm tù quá nặng.",1
hôm nay admin mày chửi đúng lắm! yên lặng đáng sợ,1
bạn ấy nói thì đúng nhưng nó tỉ lệ nghịch với cái họ làm nói toẹt ra bọn đa cấp toàn nói đạo lí nên mới nhiều ng bị lừa,1
"nó ra cái luật trưng dụng lấy đồ của dân mà khong có quyền đòi,chó đẻ thiệt",1
tự nhiên quyên góp tiền để xem 2 ứng cử viên đấu võ mồm.,1
mong các bé bình phục. mong sư vững tâm vượt qua thử thách đầy tai ách này!,0
cảm ơn các anh đã vì cuộc sống bình yên của nhân dân.,0
nếu không có điều kiện đến phòng gym. tập theo mây bài này cũng đủ khỏe đẹp,0
ở đó mà bán rẻ tâm hồn. sủa cc,1
emoji nói vậy thì mất danh tiếng bac ba phi vn quá,0
"hi sinh thầm lặng cho mấy thằng sếp của nó đứng đằng xa, nó cũng có phần chia chát trong đó rồi còn gì bạn ! tôi muốn cứ 3km lại có 1 trạm bắn tốc độ công khai, hoặc gắn camera. như thế dân sẽ sợ và tự giác chấp hành hơn.",1
hoan hô chiến sĩ giỏi giangtả sung hữu đột phạm toang thật rồi !,0
cái tóc trên đầu không quyết định tri thức của cậu ấy. nhìn cậu khá bảnh trai và tóc cũng không khó coi. vậy tại sao phải cấm cậu đi học. đây là 1 quyết định cứng nhắc. thiếu tôn trọng tự do cá nhân của mỗi người.,1
không phải côn đồ mà trong nhà lại có sẵn kiếm,1
người thiệt hại là chủ xe . thì để chủ xe tự ý thức .,0
"helo các chú , hôm nay cháu sẽ review ông già của cháu nhé :))",0
khong sợ kẻ địch mạnh chỉ sợ đồng đội ngu như bò hh,0
chính mồm lão dũng hứa khong chống đc tham nhũng sẽ từ chức,0
thằng búa liềm nào mà không như thế này,1
"nói chung là đừng có kiểu nhân viên gọi tư vấn lẽo nhẽo cả ngày. ai là tài xế đường dài chắc biết lái xe tập trung cao độ như thế nào? hết đưa này đến đưa khác gọi tư vấn bla bla, mà vay rồi chưa kịp đóng lãi thì nói không ra gì cả.",1
nghe cô mh nt hát mắc cười quá.có duyên j đâu.nt thật thà .,0
nó đéo phải như trong phim mà còn phải đợi xem xét tình cảm như thế nào đây là ngoài đời nhá đợi đợi cc,1
tụi học trò vô văn hóa,1
bà này tối ngày quay ở ngoài đường khong giám quay ở trong nhà,0
"tên hùng này vừa côn đồ, vừa hèn hạ. mong cq ca vào cuộc xử lý thật nghiêm.",1
võ hồng nhung phạm hồng giang maii anhh uyên thảo tống xuân hòa linh khánh :)),0
người trong hình vs anh độ gióng nhau như hai giọt nước,0
ngu vai ))),1
"cái miệng cua con bong thuôi này chuoi ngta sẽ bị ung thu hong,lưoi miệng cực kô?",1
cách tốt nhất để thoát tàu là dân chủ hóa đất nước nhưng lãnh đạo việt nam hiện nay lại xa rời dân chủ.,1
mình không hiểu được vì sao một nước nông nghiệp chăn nuôi xhcn lừng danh như đông lào mà thịt heo lại đắt gấp đôi gấp 3 thịt lợn nhập khẩu tư bản được nuôi tít bên kia nữa vòng trái đất mang về tận cửa nhà !!!!,1
dou ma thầy,1
cầu mong mọi người bình an! cố lên việt nam! đất nước chiến thắng!,0
dmcs :)),1
phương tú ai biết người nghe đâu mà mấy bài đấy vẫn hit emoji,0
":) ông viện trưởng khôn quá, nói dứt khoát, hay giết quách tử tù này đi, có lẽ vì thế mà giờ lão vẫn còn sống",1
pepper tieu trung hoàng c khong biết tứ quý át bắt được đôi 2 :)))),0
những 3 cô ngồi nhìn khong có chút động thái nào bảo vệ đứa bé bị đánh.,0
địt mẹ thg hát nhá !! lấy ngay cái đít anh độ nói chuyện haizz :(((,1
bảo sao mỗi lần sắm đồ gia dụng là cứ phải qua nguyễn kim mới chịu :p,0
mixi không đan em một ai một mình mixi chấp hết emoji,0
"nhìn gần thì như thk đần, khi thì lại gần ôi ông trần dần!!!",1
phạm thu trang nguyễn minh phượng hay là trang lòn nhỉ emoji,1
phản đối thì phản đối nhưng mà cầm lá cờ j thế??lại phản động kích động rồi,0
nếu thấy cô không livestream 3 ngày là biết cô bị sao rồi đó nha :)),0
cánh hoa gì lạ l.o.n zị nè nguyễn mỹ diễm,1
"nam trần hôm nay mỹ chết 15000 người,thôi rồi nguỵ ơi chờ chết đi trần dần",1
để phát triển bền vững thì côn đảo nên hạn chế nhập cư,0
"cầu chúc ông mau bình phục, ông ấy là 1 người cha tuyệt vời",0
cũng là bắn..sao khong bắn thằng to hơn có phải đã khong,0
quá tuyệt vời vn ơi cố lên đã có nhà lãnh đạo chỉ đường dẫn lối,0
thiếu gì người trên mạng nói đùa cho vui! cần gì phải đính chánh!,0
qua sam,1
hồng ân hơn trăm củ làm đám ma xong còn dư nhiu ta :)),0
"thanh tung dame chị to quá, bạn làm ngay tiêu điểm tướng cho tôi..",0
hoàng thiện đạo đức mình đéo khá hơn nhưng mình cũng biết like dạo hoặc buồn :v con hơn các bạn nếu đéo thích thì like dạo hoặc xem chùa khong cần vào thả haha ngta đăng để đọc và biết điều chứ đéo phải vào thả haha trước sự lo lắng của toàn dân,1
lâu lâu đói lại phải vẽ để đút mồm chứ,1
"phim hồi hộp, gay cấn, nói chung là cung đáng đồng tiền bát gạo emoji",0
sẽ có một câu hỏi rằng: vậy sao cô không chết đi ?,0
"mấy lần trước khong ý kiến, lần này chửi thẳng luôn: ad ngu",1
"ngược với trường cấp 3 của mình, cấm để tóc dài :))mấy năm c3 toàn để đầu cua",0
"dưới đất thì nước sông ô nhiễm, trên trời thì bụi.",0
nhà tiên tri vũ trụ trần dần không sao là thấy vui rồi.,0
xạo lol quá má ơi,1
mv này chất hơn thì đéo xem,1
"gớm thế chú, cái này tốt nhưng chú làm quá thì phải 12 con hàu cơ á",0
noway mặc áo friday chắc abe mặc áo tuesday rồi :)))),0
mất lịch sự thì có,1
nạn ma tuý ngày càng nhiều kéo theo bao nhiêu là tai hoạ cho người lương thiện.,0
nguyễn ly mỗi lần mở đá banh bạn nói j nè emoji emoji,0
chửi vừa vần vừa đã tai hay quá cô ơi emoji emoji_love,0
"haizz... lái xe kiểu gì vậy trời??? : nhìn cái đầu xe 4w mà nát bét như thế, dù chỉ đụng xe 2 bánh, là hiểu rồi đó! :o đề nghị thâu bằng lái của tài xế vĩnh viễn luôn đi. :",1
đừng bao giờ khinh thường chủ tịch độ nhé các ông,0
"bao nhiêu ngày nay báo chí, tivi phát liên tục mà sao họ vẫn ăn là thế nào nhỉ?",0
"nhìn anh độ giống sơn tùng mtp vai, à mà nhầm giống gờ-đờ ga ron hơn",0
các ông mất cái chân vịt hay bánh lái thì con cá nó mất cái mỏ hay cái vây.,0
"t thấy thằng mai anh tuấn nói chuẩn rồi đó, thằng dưới thấy sao ?",0
khoa ta chỉ cần nhung tiếp xúc bồn rửa tay bắn nước bọt là có khả năng,0
bốc sư tất nhiên là xạo quá ròi tất nhiên là súng bắn không tói ông nhưng tất nhiên rằng corona tất nhiên là sẽ tới thăm viếng bốc sư tất nhiên,1
chúc ngài sớm bình phục để tôi chiến thắng quang minh chính đại .,0
bà này xạo khổ mà cú nói giàu,1
"vả vô cái mỏ lon mày bây giờ, thứ học sinh trời đánh",1
trần sang óc vật,1
"cho cách ly vĩnh viễn khỏi xa hội , gắn chip điện tử theo dõi , với loại biến thái hại đời các cháu .",1
bay lak với hút đá nhiều thì nó gầy thôi có lìn gì phải thắc mắc,0
"cảm thấy ngột ngạt quá thì đưa a vào rừng ở, ở đấy không khí trong lành tha hồ mà a tận hưởng.",1
fadil nhé. bền bỉ ít hỏng vặt số tự động. ngon nhất trong phân khúc a.,0
tiên cha chug mày trong đó chỉ có vị bộ trưởng bộ văn hóa thể thao và du lịch của việt nam và ông trần anh tuấn phó chủ tịch vff là phó chủ tịch thường trực của liên đoàn bóng đá đna và các quan chức thành viên của liên đoàn trao thưởng chỉ là chụp hik lưu,1
vừa vào gr chưa làm đc gì thì đc làm fan cứng :)p??,0
cha trời sao mới tiêm ngày 7 mà bữa nay lại cho tiêm lại rồi ít nhất phải 2tuần,0
"anh thái mua khẩu trang gấp thôi,tự bảo vệ mình nhó",0
ngô hiếu a độ bảo đừng đăng mấy ảnh cu tùng kèm dòng chữ tự ghi vào :),0
cái đất nc nhiều chó giấy nhưng sáng chế toàn nông dân thì hy vọng cc gì?,1
đây là thầy giáo ba emoji còn baroibeo là khác nữa,0
các bạn có thấy các ông mấy bà mấy năm nay toàn đề ra những cái rất là vớ vẩn vô ích vô nghiã không... éo thấy làm gì có lợi cho đất nước?,1
nhìn tướng của nhà tiên tri mà tôi thấy bần tiện lưu manh thế nào í,1
tập này chuyển qua engsub cũng hơi mệt emoji emoji emoji,0
"hệ sinh thái tự điều chỉnh, cân bằng, không sao cả",0
đào mạnh an bên anh họ thờ ơ với dịch bệnh. vn vẫn là tốt nhất,0
phai cho co nay 1 bai hoc de biet the nao la le do..an noi qua u la mat day... vo van hoa.,1
"tôi cũng có con năm nay học lớp 1, thật sự ct học quá nặng, mới 2 tuần chưa nhớ được chữa cái này đã học qua chữ khác, mới 2 tuần mà đã ghép vần rồi. nếu bé nào khong học trước thì khẳng định là khong bao giờ theo kịp,",1
bác nói thế nhưng cấp dưới bác họ có làm theo hay không thôi mà hay nại đục nước béo cò,1
học sinh như cái đách l abe,1
"nặng quá bác ơi, cháu nhà tôi nhỏ mà phải viết tới hơn 11h mới xong",0
bé cũng chả bé hẳn. lớn cũng chưa lớn hẳn. tính cách vẫn ẩm ương :))) chán.,0
bắn chết mẹ nó đi,1
đập chết cmn luôn,1
giàu thường hay quên cách ăn mặc á :)),1
ong noi nay khung khung ngao da ma,1
"trời ơi, đừng có biến những thứ truyền thống thành thứ bình thường. những thứ trên không thể gọi là bánh trung thu, chỉ là bánh ngọt ăn trong mùa thu thôi nhé,",1
cận cl ! dân nghèo rớt ra xây cái nhà ga 900mil usd... 2,1
tất cả hãy dừng lại ))) nguyễn ngọc dung trương ngọc linh,0
"thực ra: ba que là bọn ăn trên ngồi chốc. chỉ mị dân cai trị để tham nhủng làm đất nước tụt hậu.. chúng là thầy của bọn bò đỏ.. mà bò mãi o nhận ra vì nhồi sọ umê, chửi càng, bò ơi nghỉ lại đi, chứ đừng để bị làm nội tạng cho giặc tàu..!",1
"đề nghị gửi thông báo tới tận các thôn xóm, trên loa phóng thanh của thôn, bản.",0
cẩm thuý nguyễn hữu đức huyền trân bún bean mắm shrimp,0
chặt cuu,1
"số tiết cho lớp 1 và 2 tăng hai tiết một tuần so với chương trình cũ. ngược lại số tiết cho lớp 3, 4, 5 trong chương trình mới lại giảm nên để giáo viên và phụ huynh đánh giá. mới vào lớp 1 thôi mà đã cảm thấy áp lực học tập nặng nề cho trẻ con quá.",1
co lam. gi giau vay co day con lam voi con lam hoai ma khong du an,0
che oi che noi hai ma cuoi van xinh iu che wa di ha.,0
"cảm ơn tác giả, tôi cũng đang trên con đường chinh phục e đây",0
"bay len ma bay den 46lan ah,cai dit cu may",1
"đỉnh cao của tinh tế và sang trọng, chỉ có thể là các nhà mốt lâu đời ở châu âu",0
ba nay mat dai qua lon roi an noi tuc tiu hay ho gi,1
châu hạ nghi cđ nhâyy,1
theo ý kiến cá nhân mình thì mình thấy kicm đẹp trai hơn jack :v,0
thôi! cứ từ từ. các bác cứ la toáng lên. quan trọng hóa vấn đề.,0
"nó đi tìm bạn đời đấy, cứ cấm đoán khổ cho nó và nguy hiểm cho người. tây cũng lắm chuyện quá. tưởng là biết tuốt rồi chứ lại cứ bảo thủ.",1
"vậy chứ đại gia nó cũng quất láng, lảm nhãm làm ji cũng đéo có tiền mua đâu",1
trần vỹ nếu nó khong đạo nhái thì đâu có tiếng xấu muôn đời,1
cho biết xây trong bao lâu ??? tiền và thời gian quan trọng như nhau .,0
chứ độ nối đúng vãi lồn,1
"nói gì thì nói, người mỹ quá chủ quan, coi thường việc phòng,chống virus covid-19. cứ nhìn họ sinh hoat là biết.",1
gáy thì phải gọi là cực nhanh từ vị trí độ mixi )))),0
cái mieng con linh loc ik nhu cái lon trau,1
tội phạm nguy hiểm.. xúi giục đứa bé đi phạm pháp.. rất ảnh hưởng đến cuộc sống sau này của bé.. cần phải phạt thật nặng,1
chậm thôi mấy anh ơi . em mới bấm cái tym đầu tiên chưa kịp chụp nx emoji,0
ủng hộ để cho quay lại thôi. chứ bài này cx khong hay cho lắm. emoji,0
lúc trc thu ngầm..giờ ban hành luật để dễ thu công khai,0
đây là một sự so sánh đơn giản giữa lý thuyết và thực tế :,0
3 3 3 từ hôm nay việt nam đã có pikachu go để chơi rồi nhé,0
đau cả ruột vì suýt nữa được tặng miếng đất rồi :)),0
"cai lol me toi may nhìn đi , toi mày nhin cho ki anh ba chỉ làm dc một lần nv thôi , dc chưa , cđm toi mày",1
"đệ cứng vây cánh hà lan đổ bộ, khi thế lực của ông cứng rồi mới dám bật lại si",0
t khong thích khong ưa mẹ này.... mà dx cái chưit ngta nghe hài vai bù lại củng đỡ emoji emoji,1
"công cha như núi thái sơn, nghĩa mẹ như nước trong nguồn chảy ra, rảnh về phụ mẹ giúp cha, cực kì thuyết phục mả cha chúng mày )))))",1
"cho nên đâu phải cứ phương tây là văn minh. vẫn có người này người kia. hành vi này mà xảy ra ở vn thì sẽ có khối bạn lên mạng gào khóc, so sánh vn và văn minh phương tây.",1
phan văn chương hôi lông có cái hình đi đâu cũng đăng,0
dạng như con mụ bộ y tế khóc khi bệnh nhân uống phải thuốc giả vậy á,1
l mày cho chó nó còn không liếm nữa có đâu mà mày đưa lộn cho người ta ăn con thú vật đầu thai,1
phải bồi thường thôi ! nói gì nữa !,1
"nên cân nhắc thận trọng, không thể dục tốc mà bất đạt.",0
toàn giáo án lủng mà cứ dựng lonn là sao )))),1
đá hộ là cái chắc :( anh độ làm gì sút được vào lưới team bạn đâu,0
ba thái anh van đưa con này về vn gấp để trị bệnh,0
"câu cá là tạo nghiệp rất nặng, không nên coi đây là giải trí",0
"hậu quả của việc khai thác nước ngầm gây sụt lún và bê tông, đô thị hóa.",1
truyền thống văn hóa tốt đẹp từ thời hòn dái viễn đông nhé :v,1
đâu phải cứ là người nhật thì có nhân phẩm tốt đâu emoji,0
sang vn chơi đi. anh tặng mấy hộp dùng hết mùa dịch :))),0
cái phiếu phạt 20k này csgt đéo bao giờ nghi cái gì hết nha tao bị mấy tờ có cả 50k nữa chỉ là bọn nó tự nghi vào rồi làm màu thôi,1
văn việt quay ăn lon,1
"giác ngộ đi , tp hcm nhé , bác giết sg rồi emoji emoji emoji emoji",1
"không hiểu tại sao,nhìn cái bánh sinh nhật tuổi 30 mà khóc",0
coi chừng nha abe đừng gáy như yásuo nhiều quá nha,0
"giống quá trời ơi,bên phải là hàng real,bên trái là hàng fake.",0
chúc mừng sinh nhật con gái. nhìn bé có tố chất của 1 ng mẫu tương lai,0
bạn hỏi ý kiến vợ bạn rồi sau đó làm ngược lại.ắt sẽ thành công,0
lộc phát cútt emoji emoji,1
sản phẩm như này khong ai kiểm tra trước khi cấp phép ra thị trường hả ta???,0
đm cái đầu b gì cũng tăng ...đm,1
"thật ra rất thích cái quần nhưng nay nó chật tiếc khong bỏ nên mặc tạo thành mẫu quần độc lạ , nhưng độc lạ đâu khong thấy chỉ thấy chỉ thấy lố",1
đoạn đầu gay vai emoji emoji,1
tội nghiệp hwtừ ngày bị mỹ ... thì xảy ra nhiều việc quá,0
"đúng vậy, nặng là không xác đáng. phải nói là quá nặng.đừng làm cho các cháu phải sợ học đến vậy. con tôi kể có bạn cô kêu đứng dậy trả lời chỉ biết khóc. chưa gì đã thấy bé về nhà viết như đã biết chữ, tôi người lớn thấy cũng còn sợ luôn.",1
chẳng qua là chính quyền trở nên vô dụng nên người dân mới tự mình làm thôi,0
covid-19 là cái gương chiếu yêu hay gì á :))) biết bao nhiêu bộ mặt ngu dốt lòi ra,1
trump là một vi tổng thống tuyệt với nhất nước mỹ.,0
làm ít rượu táo mèo xong tối đá phò trên stream chứ thầy :),0
ai lớp du chu cà mo emoji_love emoji_love emoji_love emoji_love,0
em chào chị ba chị ba có tấm lòng từ bi luôn giúp các em nghèo khổ,0
"tư tưởng bá chủ, bá quyền thế giới đã lỗi thời, hãy mau tỉnh ngộ.",1
"thương anh í quá, sao chính quyền không cho ông cách ly ở nhà tang lễ cho tiện nhang đèn, hòm gỗ kèm nến lung linh cho ấm áp!",1
bốc họ chăn gái,1
"xử anh này án nhẹ hơn mới đúng, ông nội kia hung hăng quá thể",0
"từ hồi dần idol ra video chửi th hai zụ, t bỏ paris by night luôn",0
chuyển a sang phòng tạm giam cho đỡ ngột ngạt )),1
sống khong có tuổi thơ biết lấy gì để nhớ về thanh xuân :)),0
bạch nhi )) nhỡ khong nhịn nổi nữa thì sao emoji emoji,0
tối nay shop acc thầy ba sẽ có nhiều acc hơn để chúng ta mua :)),0
nứng quá abe oi chơi e đi abe emoji emoji emoji,1
chỉ có những người ngu lâu dốt bền mới khoe của,1
chuẩn bị đấu tố kiểu búa liềm,1
theo azerbaijan thì 2 su-25 đang bay thì ngọn núi lao tới tông trúng 2 su-25...,0
"ủa thế bác dần của toi có nằm vùng bên đó khong kk, emoji emoji",0
con linh cá lóc xấu người lại xấu nết chưa ai có cái mồm xấu như con đó,1
mày cứ nghĩ mày là ông cễnh con à,1
và đó cũng lần cuối cùng chúng ta thấy đưọc bạn mũi nắp...,0
phải phạt về kinh tế thật nặng để dăn đe những người sau,0
tuổi thọ của cụ cá sấu này ngang ngửa những chú voi và chú rùa nhỉ.,0
nhx mà anh ơi lương a có 7-8 tr mà sao mua đc cái ổ cứng 9 tr 5 thế :)),0
lý do rất đơn giản là cầm đèn chạy trước ô tô và có rất nhiều rủi do .,0
"nó cướp được tiền,nó có quyền_đồng bọn với quan.còn tnlt thì đồng bọn với dân_tuổi gì ls có quyền chứ?",1
si đa mà xông pha hiến máu là có thật :)),1
"mv hay,toàn là sao hài mà tôi yêu quý,đức phúc đỉnh thật.",0
trung trần vai:)),1
bán nước hoa 500k như nước lã...khong thơm tho gì hết...like trim thì chửi mắn cha mẹ người ta.. giờ khóc rồi hả. nhân quả đó e ơi....bán hàng thật đi...,1
xin bão nuol hãy chuyển hướng và từ từ giảm cấp độ nhé.,0
ở mỹ mà nhìn như ăn mài nhìn ghê quá,1
n.v. phấn tỉnh hải dương vẫn đang test sức đề kháng học sinh thpt mọi người nhá,0
ý thức như qq,1
"ô đừng em, đừng làm mới những cái đã đi sâu vào lòng người rồi. hảy hát như bao nhiêu người khác khi hát dòng bolero này. anh xin đó.",1
mốt là mỗi xe phải đem theo 1 cái phao phòng trường hợp té ao nhé,0
lê văn đạt emoji emoji cô giáo tự ở nhà luôn khong dám ra ngoài cửa nhà nửa bc,0
nhịn nói sẽ bớt ngu chú ạ...hi,1
các hãng mì tôm ch quảng cáo mua mì tặng đèn nên chưa có cái để đi chơi :(,0
"le viet anh nếu nhà t có ng bị thì sẽ xung phong đi cách ly chứ khong để lâu ngày đâu mà bị lm sao cả, chỉ có mấy loại cm trốn cách ly khong chữa kịp mới chết thôi, loại như cm thì nên chết sớm khong lại lây ra cộng đồng",1
đã có cầu nhơn trạch thì cầu cát lái sẽ chậm thêm nữa vì quá gần nhau...,0
con nay mat dai that,1
"khốn nạn. cả 2 chị em đều sống bất nhân tính, giao cấu với ngay cả cháu ruột của mình, lũ ác độcmong pháp luật xử lý nghiêm khắc với 2 tên này",1
thò chắng.,1
"cháu tôi mới học lớp 1 được 3 tuần. không ngày nào cô không nhắn tin kêu than cháu viết chậm, đọc chậm. mới học có 3 tuần mà đòi phải đọc trơn trơn tru cả câu luôn chứ khong được đánh vần. viết phải thẳng, đẹp, không nghiêng vẹo,",1
nguyễn chả bù chỗ bạn hành xe máy còn đắt hơn cả ô tô )))),0
mặc cái quần giống thằng biến thái,1
ôi a dg nhai bcs rùi đấy,1
phục cái máu lồn,1
bộ hết người hay sao vậy trời...,1
30:03 con đ.ĩ l.oz thúi emoji emoji emoji,1
nếu bò viên cá viên ăn nhiều ngán thì về việt nam há mồm ra bảo đảm dân vn sẽ biến cái lỗ mồm ông thành cái bể phốt. và ông chỉ cần nhai thôi khong phải làm gì hết. emoji emoji emoji,1
đạp xe tăng cường sức khỏe nhưng nguy hiểm do vô ý thức.,1
20-10 vui vẻ con bóng sadec:)),1
tuổi chàng hơn gấp đôi tuổi nàng nhưng nhìn vẫn rất xứng đôi.,0
mày chả có tý văn hóa máu lon j,1
cô minh hiếu mà hết thời là mày cũng hết đường làm ăn luôn nha con bóng đồng tháp bán dồ giả,1
thầy câm mẹ mồm đi không em đấm cho bây giờ,1
nhung nó còn vậy thế giới chưa phẫn nộ thì thôi còn đăng khịa nhật ?,0
trời ơi sao mà ác dữ vậy,1
"cầu cát lái đã trễ hẹn nhiều lần , mong lần này thành hiện thực.",0
tập để cho nó biết mình cùi bắp sao ah. đâu có ngu ! :3,0
"trước kia: cái vụ nón bảo hiểm cũg bọn điên chúng bây đợi ra luật rồi đổ xô đi mua, làm cho khan hiếm hàng. tíh mạg của mìh khong lo đợi khi ép buộc rồi đổ xô đi mua, tự mìh làm khổ mình. đúg là ngu vải.",1
"nay ai rảnh rỗi đi du lịch được rồi, rẻ, không đông người",0
đờ mờ cuộc sống,1
cũng đang đi i10 2015. thick hơn morning trường hải 2016,0
anh ba giống duke 2016 thời skt. đi top toàn chơi vs lính . 3 lane kia lo hết,0
"đã được cảnh báo, mà vẫn liều quá, xin chia buồn.",0
vâng ạ nhưng em buồn vai lon anh ưi emoji,1
giầu thế mà khong đi thẩm mỹ. cho nó xinh đi để tiền làm cái gì sấu như con quỷ,1
phương oanh đẹp nhất nhưng nếu mặc đầm màu sáng sẽ đẹp hơn. thích diễn xuất của bảo thanh nhưng giảm ký đi nhé em,1
"chính mắt thấy tai nghe quốc sư mạnh dỏi là mừng gòi, mốt có hài coi gòi !!!",0
"biden trong kỳ vọng của châu âu, còn trump là kỳ vọng của thế giới!",0
kế hoạch lãi 10tr đồng nhưng khi thực hiện thành 140 tỷ,1
đưa chị kim đi thi thách thức danh hài đi. cười muốn xỉu,0
"nhà tộc trưởng nuôi thú dữ trong nhà, mà đã dữ còn sa đoạ nỹaw",0
những hành động này gọi là phi thể thao nè! ít nhất phải tuân thủ luật giao thông rồi hãy thể dục thể thao chứ! lớn hết mà như con nít lên 5 lên 7 vậy đó!,1
"bố chồng giống gờ đờ ra gôn, còn chồng tùng con giống top ạ ))",0
cảm ơn bạn rất nhiều dã cho chúng tôi biết thông tin này,0
ôi chém người như chém khong khí,1
arteta sẽ đưa arsenal vô địch nha trong 2-3 năm tới,0
"nhật, hàn tự tử nhiều quá. thà tiền ít nhưng tự do vui khỏe còn tốt hơn.",0
"đọc tiêu đề tưởng ý thức tốt, không ngờ cũng có tranh giành nhể.",0
đa số thực phẩm khong bị tẩm hóa chất đều an toàn,0
con nay hun du lam nhin cai mo no khong vua kia thay cho chuoi thach thuc nguoi ta kia emoji emoji emoji,1
mình hãy xem giá con tiguan của vw kìa. chỉ hơn 500tr.,0
thằng chụp ảnh làm trong này chắc cbi bị điều tra :3,0
chuong trinh xam,1
"tuổi nhỏ làm việc nhỏ , nên xem hoạt hình đi em đừng có đú với mấy anh lớn :((",0
xót ruột mong mọi người mọi nhà bình yên vững chải vượt qua bão dữ,0
m im đi add,1
chàng trai yêu thương bộ tộc là bà phù thủy đây ak anh :3,0
"anh tôi nói hợp lí vai , nghe hơi võ lâm nhưng lại rất kiếm hiệp",0
đúng là nhật cái gì cũng xịn ý thức rách cũng cho xịn hơn vn :)),1
con quỷ cái,1
đôi lúc trong lòng đầy tâm sự nhưng biết nói cùng ai và hiện tại cũng thế,0
đù mé,1
"thương tâm quá các con ơi, cha mẹ các bé ở đâu mà để bé 2 tuổi đi tắm ao.",0
ảnh ghép hú hồn cái lol còn nguyên emoji emoji,1
"chắc lão đại biểu này ít đọc báo nên hơi bị mù thông tin, bây giờ ra đường gặp trẻ trâu thì bị đấm lúc nào éo biết nhé",1
"sau li hôn phụ nữ mới là người chịu thiệt thòi,có vẻ hoài lâm thì như ngược lại nhỉ ?",1
dit_me vô lí,1
tết thầy mà để sela xông nhà là năm sau tán gia bại sản luôn đó thầy.,0
mỗi một sinh mệnh mới sinh ra là một món quà tuyệt vời của tạo hóa!,0
"thế thì bên asia entertainment thuê về được hơn chứ thuy nga mà thuê ông này thì có mà bị kick khỏi vn, ông dần vẫn mang tính phản động mà.",1
nguyễn vi vân dờ còn tết nhất dì như ngày thường hết đi hè,0
đặng thị sậu thì 1 bộ phận bảo vệ bạn cây đấy emoji emoji emoji,0
nhìn giống mấy con quái vật trong phim kinh dị mỹ,0
trên đời này lại có những kiểu mẹ thế này. chắc phải cho cách ly vĩnh viễn xã hội chứ sao mà cải tạo cho được khi họ đã làm vậy với chính con đẻ của mình.,1
"tránh vỏ dưa, gặp vỏ dừa là có thật emoji emoji emoji",0
khóc cc. nước mắt cá sấu. đồ giả mà toàn chốt đơn roi quăng. ngoài giới chỉ thấy mày dơ xạo lồn thôi haha,1
đó là một tín hiệu đáng mừng vì đồng ruộng không có thuốc trừ sâu,0
trump quá chủ quan không chỉ cho bản thân mà cho cả đất nước mỹ.,0
pubg mobile vn đang cảm thấy cô đơn cùng mixi gaming emoji,0
cầu mong mưa thật lớn vì quê tôi đang bị hạn thiếu nước.,0
thật chán với chế độ quản lý dân sinh,1
một con bò vừa cmt,1
như đọc truyện kinh dị rẻ tiền vậy.,1
doanh nghiệp thì cũng là dân. nói chính xác là lấy đất của người này giao cho người khác . và quan chức được hưởng lợi từ chênh lệch giá đất cực khủng. đó chính xác là sự cướp bóc.,1
lê thế võ giống kiểu biết khi nào chết hay gì á :)),0
úi tốt nghiệp còn không đỗ thì làm được gì các em ơii emoji emoji emoji,0
giáo án xịn sò ntn mà thầy khong đem ra cho các prô lây ơ xem à thầy )),0
con c.a nhổ nuoc bọt voi danh dan thì xloi song huề,1
khi bạn mua quần đùi gucci nhưng sợ bọn nó không biết,0
h ngưa niê kdăm người ta đăng bài từ hôm qua mà hôm nay vô phán zz,0
nghe rất yếu sinh lý nhưng lại yếu cả sử địa toán văn anh ???,0
chửi thằng nguyễn sin đi chị thằng này ác lắm. hình như mũi chị hiếu hơi lệch á.,1
nhật nguyễn nếu bạn thích coi clip của trần dần thì đây:,0
đúng quần què,1
sao anh bảo là người ta viết điêu cho anh. đó là hiểu hiện của sự lươn lẹo dồi,1
"sam luôn luôn đi theo cặp nhé, 2 con chồng lên nhau ý",0
mục đích của bolsa tv khi phỏng vấn trần dần là gì? lập trường của người phỏng vấn khi phỏng vấn ông dần là gì? khi phỏng vấn người khác ít nhất cũng mang một tư thái tôn trọng khách khí với đối tượng được phỏng vấn.,1
đù má thùng rỗng kêu to,1
"an ninh và tình báo vn nên tiêu diệt tên trần dần này, tên điên khùng.",1
"hãy làm bến xe như nhà ga hàng không ấy, tránh được mọi lộn xộn!",0
hoàng cung thúy kiều nước tư bản là lone gì za,1
đối thủ này vẫn yếu hơn bà xã nhiềubà xã vẫn gỡ đc 2 quả mà,0
anh độ off sang động viên các em đi anh : toang quá hicc,0
nguyễn hữu tiến lần trước còn định ra xem khu cách ly :)),0
chiến trần tao lao.,1
tội ác này không phải sát nhân nhưng còn ghê tỏm hơn,1
nguyễn duy hà trả cho nguyễn hồng nhung rồi chú ạ :(((,0
"lên bản ăn ở, học tiếng mông, đấy là tâm huyết và sự chuyên nghiệp. chả bù sau này và bây giờ phim nói về dân tộc thiểu số, xem không nổi. tác phong đi đứng, ăn nói rặt người miền xuôi, người kinh. nhưng vẫn vô tư sản xuất.",1
hồng phúc của nhân dân vn ngày càng được nhân rộng.,0
bòn chú kim quyen tran hằng lệ giờ còn hận luôn á )))))),0
thiếu tính liên hoàn như phố đi bộ quanh hồ gươm.,0
thật đau lòng! tội các em quá! xem lại cách xây cổng trường! cổng rất khó sập!,0
anh nguyen tuan biến con mẹ mày,1
mất mẹ fan cứng mặc dù vẫn tương tác đen vai,1
đố bể chỉ vì mỡt con vi rút tên nhung cồ lẽn việt nam ỏi,1
tôi thích ông trump. tôi tin ông sẽ có thêm một nhiệm kì nữa làm tổng thống,0
"cái thằng bán bằng là đồ giả! phải bỏ tù nó, đúng ra phải bán cái bằng thiệt!",0
cô minh hiếu chửi nge đã tai lun ...cô chửi hay quá ! hoan hô cô hj,0
trang quỳnh nguyễn a đang mong mỗi ngày cơn dịch qua đi và có thuốc điều trị,0
vương thị ly nghe a độ chia sẻ bí kíp để có bộ tóc đẹp l lộn kìa :)))),0
đưa lên kiểu này có khi ngày mai nó cho người ra đập bỏ luôn là hiểu nhé emoji,1
eo ôi ghê quá. :- nhưng mà nhìn đĩa tiết canh ngon thế,1
"đăng thảo htrc t cũng giơ mẫu này ra, may a thơj đ biết làm nên đổi mẫu khác)))",0
nhãn đoàn nhắm bay đc thì biến mẹ bên đó luôn đừng có về đây bay về để lây bệnh cho ngta hay gì á nuôi mấy đứa này thiệt tiếc tiền gì đâu,1
tủn 3k hàng f1 emoji emoji hàng fake loại 1 thì nói đại đi emoji emoji,0
phạm đăng the mat nước do roi ma khong biet ngu ma con kich voi dong,1
"tụi dâm loạn viên ăn hết đống cá rồi tắm biển hết đi nha, sao mấy vụ này chả thấy thằng dlv nào vào sủa vậy, ẳng nữa đi mấy cưng",1
"chiến binh báo đen đã ra đi nhưng ý chí, tinh thần báo đen thì còn mãi. rip!",0
hầu hết người tây phương họ xử sự như vậy. tôi vẫn thấy ông biden được hơn bà clinton rất nhiều.,1
đủ thứ thích ad đăng bài này cũng là bồn kỳ lắc nè nè nè emoji,1
hóa chất xử lý sông tô nịt nhập tàu nhưng xuất xứ nhật emoji emoji emoji,0
"thiên nhiên thật kỳ thú, chiến đấu thuận theo tự nhiên! cái kết có hậu!",0
rất có tâm và có tầm mới nói đc những lời như vậy ...,0
công nhân sửa chữa đường dùng máy công suất lớn thổi bụi mù mịt giữa phố_hà nội vn mới có,1
lên đây hỏi thì chín người mười ý mình thích thì mình mua đừng hỏi,0
minh trần ok ơi. e có chất điện zải để tăng sức đề kháng rồi.,0
thằng xamlol. m khong dùng hay dùng thì t care à,1
cười đay trong quân emoji emoji emoji emoji emoji,0
rong được con cá này vào bờ mệt lắm nhưng mà rất khoái,0
dit_me tao buồn vai luôn ý :)),1
tại ngựa lon nhột chứ ai làm lon j má mà sủa,1
nên phạt thật nặng những kẻ buôn bán vô lương.,1
"- lần này ông già mang đi tận 5 vali tiền cô chú ạ, kh cần phải lo đâu.",0
"huỵch toẹt ra chúng nó các đảng viên thường hô hào sống và làm việc theo gương của hồ quang tức hồ chí minh kể cả chúng nó có ấu dâm như tên nguyễn khắc thủy , nguyễn hữu linh.......,",1
cảm ơn anh bô đã cho bác độ nhà em ít lộc đón tết,0
đắng ))),1
cái quần in hệt cái ý thức,1
"học thật thì trong bộ luật có hết rồi, chỉ sợ học giả hoặc ý thức kém mới sợ thôi, xin cảm ơn",1
tây nó bảo ở vn là an toàn nhất roi nên kph lo :))),0
đã bê đê rồi còn bị bệnh xạo lồn,1
"nhật cũng đéo phải thằng vừa gì đâu, với mấy thằng đức nữa, thử khủng hoảng chính trị quân phiệt nhật nó lên xem nó có san bằng cái châu á khong :))",1
hiện tại đã có 700.000 quân rải khắp việt nam! rồi,0
mấy trò ma manh sau khi bị khui đã làm các thánh cuồng xe đức tỉnh giấc.,0
"có ba nước tiếp giáp trung quốc không mắc dịch : lào, mianma, triều tiên",0
chỗ này đit phải chỗ gạ địt nhé hahhahah.,1
ông già đi thái rồi ! tối cháu live chơi subnautica phần 2 cho các chú coi nhé,0
thằng trung có con to lắm,1
thoại trần nhà quê,1
combo gây mù mắt người xem nhất của độ tày ... akm x6 emoji,0
chúng nó toàn ăn hàng sạch thì chẳng khong có tp bẩn,0
anh minh hieu cho em so dien thoai di dang em di lam bung nho lai nha anh,0
mặc bộ đồ bơi bằng hình cá voi sát thủ thì lo gì cá mập,0
vãi cứt,1
huy hoàng ôi voãi noàn 3 năm roi vẫn có ng cmt emoji,0
nói đéo ngoa thì cái xh này nát vai rồi ế emoji emoji emoji,1
sau khi ngạn rời khỏi làng đo đo thì bắt gặp một người tộc trưởng kì lạ :)),0
nhìn ngứa mắt,1
mes không thẻ xa bar. xa là chìm luôn kéo theo cả clb nào mua mes.,0
trung thu namw nay ngoi nha buon vc chi mong ai ruoc em di cung :((,0
tq hứa khong xâm phạm vn roi mà ? s tq chơi kì quá z?,0
"ra rả phát biểu làm như cương quyết bảo vệ môi trường lắm, nhưng tau vẫn cho nhiệt điện vào nhé tụi bay làm éo gì đc ))) đúng là đừng nghe những gì chúng nói",1
ghi thêm chữ đ t chị m nx :)),1
trẻ trâu à,1
anh cho hỏi tối nay bắn đúng khong ..... mấy h vậy mấy bác,0
cần 1 án phạt thích đáng cho ác quỷ đội lốt người cha này .,1
"nhà sản thích tấu hài, tuyên giáo luôn mị dân",1
thế đéo nào xin lỗi 1 câu là xong v?,1
đẹp mà ý thức như cc thì vứt emoji emoji emoji,1
làm subnautica nx anh ơi mẹ anh làm mặn vai ra :))),0
"cô hieu de thương quá.chuc cô nhiều sức khỏe..., emoji emoji emoji",0
anh thư mấy lần đag bú cho chồng c cũng hay cười dị á emoji cái giờ c thèm ổng đ cho c bú nữa emoji,1
quái vật lốc less đang mang vinh quang với giáo án poppy sách phép,0
"hiệp đinh m muốn đi hiến máu giúp họ, nhưg khi hiến rồi mới biết bị nhiễm thì sao hả thằng bàn phím , đầu to mà óc cứ như củ cứt emoji emoji emoji",1
mình nghe nói corona lây qua đường sách vở mà trường mình vẫn học,0
hay cho câu nói như dân tộc ta đã nhiều lần chiến thắng,0
"tâm tâm cố lên bạn, cố lên vì những người đang cố nhé",0
mua đồ hồg mặt từ bé bảo sao nó khong thich súng ((:,0
"trần dần tiên tri người vn sẽ về 1 mối quá đúng lun , nhưng quên vc phải bị tiêu diệt theo tất yếu lịch sử vì chỉ còn vài nước nghèo nàn chịu luồn cúi tàu cộng lưu manh",1
đọc thì dịch từng chữ hahaha voai thật con tau hài cho thiện hạ,0
mình uống mỗi ngày 1 chai nước ngọt liệu có làm sao không nhĩ?,0
lời nhận định và trường hợp thực tế nghe không thuyết phục,0
dit_me mồm đứa nào thôi dám rủa bác tau bị codonqua.,1
"nó nói đúng mà, mà đúng với thanh niên ở mỹ nhé ))",0
đeo cái vòng này rồi thì phật cũng méo độ nổi anh đâu kakaka.,0
nguyễn ánh dương em đang ngồi chơi game là talia mint,0
td yêu quỷ nói chả đúng gì cá,1
nếu giám đốc apple có thấy cmt này thì cho em xin vào làm với ạ,0
"chiếm đoạt tiền dân thôi. giờ toàn thề thốt chơi chữ. tặng quà chứ không phải là hối lộ. thằng cựu bộ trưởng đổ thằng thứ trưởng, thằng thứ trưởng đổ thằng bộ trưởng.",1
"mua ở đâu cho mình địa chỉ với, chồng mình yếu quá :(",0
thằng dư luận viên đinh bá trung !!! thớt nào mày cũng cmt không có não thế,1
"trào lưu khoe của này nọ dạo này đang nở rộ lên trên mạng , toàn là xl",1
"viết cái cho lòng nhẹ ,đúng lúc máy bay rơi là lúc t bị chính quyền xã củ hành, thế nên a ức chế kệ mẹ bố con thằng nào chết ,người trong xã còn hành nhau thì tw nó cũng hành cút",1
quyen hong 17tr500 nha chị xe chính chủ đẹp trên 90,0
may quá mình có fan cứng nhưng kb có đc ngẫu nhiên khong :)),0
vai. bỏ 33 giây cuộc đời ra để cười. tốn thời gian mà đéo đc cl gì,1
sau ngày nào cũg tăg hết z hoag mag tột độ emoji emoji emoji,0
nguyễn hoa xem ròi. htrc vợ chồng e vừa xem xong :)))) hay mà,0
giải pháp cho trường hợp bị áp lực là một lời khuyên ...không áp lực...!,0
"mấy chú cầu thủ vn cố mà vô địch thêm 13 lần nữa rồi anh mày sẽ ra đường đi bão một thể, vì lúc đó mới xứng đáng vô địch đông nam á. ps: vnch giúp mấy chú em 1 lần, so, vn có 2 lần vô địch.",1
"toàn dân đồng lòng nhưng nhung kh đồng lồng, huhu : (",0
"mình rất quý trẻ con nhiều khi thấy nó rất ngay thơ hồn nhiên, nhiều lúc cũng rất bực mình với toi nhỏ , nhưng chưa bao giờ dám nặng tay với nó, mà nhiều ngừoi vẫn nhẫn tâm quá",1
cam on chi noi that su. thank you for letting peoples know.,0
hiếu võ ộp pa như cc :)),1
du ma tu thg cho giu xe den thg suc vat chuyen hanh ly,1
khong phải chê trách chứ giờ mình biết văn hoá lùn là ntn roi .,0
như 1 con khùng,1
có thêm vài người như nhung thì toang.,1
mô phật!nhân quả từ kiếp nào đã tạo ra việc hi hữu trăm năm có 1 này?,0
khiếp thiệt chi xài lặt vặt cá nhân thôi mà hơn 50 tỷ,0
đem lại tiếng cười... ???? toàn post bài hãm lồn mới đáng cười :))))))))),1
"học trên trường, học ở nhà cô, học cả tuần, tối về lại học, mất hết tuổi thơ các cháu rồi. lớp 1 thôi, bày đặt mục tiêu cao xa mà làm gì. đúng là không cho con học chữ trước thì các cháu khốn khổ khi vào lớp 1, không khác gì học cuốn chiếu của sinh viên,",1
"đm, thằng giám đốc này đúng ngu hơn heo. nó nói mình thì cũng kệ mẹ nó rồi âm thầm đì. đây lại tố cáo thì khác éo j nhận mình là thằng mặt heo cho cả thiên hạ biết :))))",1
đặc trưng con đường xuống hố cả nước nó thế !,1
tiếc rằng khi về việt nam giá của nó lại khác hoàn toàn.,0
emoji emoji_love emoji emoji emoji emoji emoji : trần dần.,0
con đỷ mẹ mày con chó,1
"dạo này mấy bố ts giấy phát biểu hơi nhiều, phần lớn cho thấy tư duy kiến thức quá lạc hậu, nhiệt tình cộng với sự ngu dốt thì sẽ thành phá hoại emoji",1
"cháu yêu bác dần lắm ạ,cháu chúc bác mạnh khỏe ạ để còn diễn hài cháu coi",0
linh lóc nó ở đài loan mà em lên sg tìm nó là sao?.,0
các qua lại bế lên nhà đá ngồi thì mới sáng mắt chưa của trúc nhân luôn,0
"mãi mãi là idol của em, dù có bao lâu đi chăng nửa thì idol vẫn là idol",0
"ơn đảng, ơn bác(bác của tụi bây, nó người tàu không liên quan tới tao)",0
mọe,1
ma nây giau nhieu ma che nguoi ngheo khâu nghiep qua chi oi,0
theo lí : chia đềutheo tình: nếu nói được chẳng phải lên đây hỏi ý kiến,0
"gel rửa tay khô mini đi ạ , chỉ từ 70k c . hàng chuẩn usa emoji emoji",0
dẹp bớt các quán nhậu đi. rượu bia vào giết người đâm chém rồi gây tai nạn giao thông cũng từ đây mà ra.,1
xe cong tuc la cong tac.con xe dan tuc la dan den.bon bao ve chi la may con cho giu cua neu dan cho an thi no theo con quan cho no an thi no theo thoi bon cho hua ma,1
bệnh viện mắt trung ương hân hạnh tài trợ pha sấy này emoji emoji,0
ai cung thich dep.do dieu kien khong cho phep c ah.,0
"con linh cá lóc nhìn là biết đep vàng giả, vàng thiệt gì nhẹ tưng vậy.",0
nguyễn vĩnh sơn bé gai là bé gì ? emoji ( đọc văn bản đi),0
tập cặn bã:,1
giết người thì phải đền tội. còn kẻ chết cũng không đáng thương vì những kẻ xem thường người khác thì đáng nhân cái kết đáng vậy.,1
duanhuaditron là clgt :v,1
dành cho ae nào muốn test zô lấy link tải bản china,0
cháu đã lớn và mạnh khỏe lắm rồi. chúc mừng gia đình,0
hihi thích bài này chết đi mất! ôi cái cuộc đời phó thường dân nam bộ của e!,0
anhkiên trần chẳng qua ng ta khong thích thôi thích thì đầy ))),0
lan hoa ăn nói như bộ phận sinh dục vậy bạn êii,1
cha khùng này vẫn còn tự nhận mình là tiên tri vũ trụ à :)),1
ăn tết đéo ngon,1
nói thật chứ điểm sàn đh y thấp chả có ý nghĩa gì cả.,0
"tao lao wa ,toan noi bay ba , vay ma tuong hay lam ha",0
vậy giờ nói sao để nó đền bù đây? nói bao nhiu lâu rồi ?,0
coi chừng bị nghiệp quật,1
có ai thấy khá giống đầu của jadon sancho khong nhỉ?,0
mình chưa bao giờ nghe đc nổi nhạc của bạn jack emoji emoji,0
"cái này zui hơn nè ad, lào cho vn 257k usd viện trợ ))",0
tiên tri vũ trụ? bác nào biết giải thích em với! e không hiểu là gì.,0
"con nay kieu ha ,,,mo cua no an cuc nhieu qua ,,,nen len mang sua qua troi ,,do phan quoc ,,,,,,,,mo lon ,,,,,,,,linh an lon dap chet me no di ,,,,,,,con cho vua gia vua sau",1
"mình đừng nói xạo nói láo nv chị khong thích z , vì chị là chúa nói xạo rồi",1
chúc mừng con đã trở lại với cuộc đời. vui quá !!!,0
ở quê vùng sâu vùng xa chỉ có mỗi cái tv xem vtv nên dân vẫn tin yêu đãng lắm!,0
"3,2km sửa tromg 6 tháng, làm việc hiệu quả quá",1
"tình hình dịch bệnh đang rất phức tạp. mọi người ra đường nhớ đeo khẩu trang. ai sống một mặt thì đeo 1 cái, ai sống hai mặt thì đeo 2 cái. còn ai sống như con kă.c. thì nên đeo bcs thay khẩu trang emoji emoji emoji",1
"vũ thanh huyền mày điên à, bà này đi công tác.",1
"thật sự rất khó chịu với cách giáo dục ntn, năm nay con gái tôi cũng vào lớp 1, tôi khong hiểu nổi:đầu năm học thì loạn đầu sách giáo khoavào năm học thì lớp 1 đã học cả ngàyhọc kiểu j mà 6 buổi học hết bảng chữ cái, nhưng các cháu cầm bút quá ít,",1
quách trúc khong lẽ h tao lại ngoèn rủa hả trúc )),0
má,1
gr nhảm lol chuyên soi mói đời tư ng khác câu like,1
toang thật rồi là 1 fan bóng đá buồn thật chứ khong đc xem đá bóng rồi: haiz,0
"không thể tưởng tượng nổi ,mình đang đọc cái gì đây .",0
toi nhớ từ nhỏ chúng ta đã học môn đạo đức roi mà,0
khi dịch được cách ly tốt bgdvđt said: vẫn diễn biến phức tạp cho nghỉ 4 tuần,0
chàng tộc trưởng trong chuyện khong ai khác đó là....,0
thế cái thằng được chị nhung hôn vào má nó đã qua đời chưa vậy m.n?,0
"có một sự tồn tại của đàn bò mang tên cực kỳ thuyết phục , có sở thích là nhai đi nhai lại, mục đích của chúng trên hành tinh này vẫn chưa có lời giải đáp, theo như các nhà động vật học cho biết loài bò này có lối sống hoang dâm trụy lạc,",1
anh chỉ hợp với bài kiếp vè sầu và đi về nơi xa thôi .thể loại nhạc này nghe không hay,1
nhac nhu lông lon thế chả bi hạch emoji emoji,1
"dlv là cái lũ khong có não hơi đâu tranh chấp với tụi đó, tụi đó nói cái nào lòi ra cái ngu đó liền mà cứ thích nói, khong nói sợ ngta khong biết nó ngu hay sao ah :))",1
mang 1 hình thật rồi làm ra như cổ xưa rồi mang cho ai phục chế xem kết quả sao,0
ý thức để dưới đít à,1
tâm bất biến giữa dòng đời vạn biến ở hang 3ron :dd,0
nhìn anh độ nứng vai :))) quay sang quang tắt nứng,0
hải linh đồng ánh thùy nguyễn ngọc đồng thị ngọc đỡ 1 khoản,0
trong khi tao đang đau đầu vì nợ nần thì chúng mày chỉ nghỉ đến việc đit nhau thôi à,1
tự bóp cu chết nhé,1
đốc nhọ làm phát cho chất emoji t làm quả giống idol chip chất vai,0
dit_me nhìn quả tóc cười vai. mặt tùng sói ngơ như kiểu đ hiểu bố mình làm clg,0
mcvmedia may dung co so sanh lisa toi do di cho,1
"bố này bênh tầu cộng và chống lại nhân dân hk đây. chả thế mà lại kêu gọi không can thiệp khi cảnh sát trung cộng xịt vòi rồng, bắn đạn hơi cay vào dân hk . kêu gọi khong can thiệp khi trung cộng dày xéo lên nền dân chủ của người hk ....",1
trần thu trengg nhìn cái mặt nguy hiểm vậy emoji emoji emoji,0
"họ khó làm giá trên trời thôi, chứ tôi nghĩ cá rẻ thì người mua mới đông.",0
anh trung cô hồn,1
chúc thầy mùa sau mua dc slot vcsa chứ đánh thì đ lên nổi đâu,0
xin mời người nhật nói tiếng việt lên tiếng biện hộ cái,0
vũ trọng quân ủa rồi bú bình cũng khong yên nữa hả,0
"đ t con mẹ. đang ăn cơm nghe đến đoạn bôi c mũi,c mèo đức phan ạ :)))",1
"chị pa còn trinh có cây đinh chính giữa, chị pa đẹp gái có 2 hòn dái 2 bên",1
mẹ mày hưởi quần xì của con ômô ý lộn ômôi chứ kk emoji emoji emoji emoji emoji emoji cười ỉa,1
toàn giáo án máu lồn chảy ngược,1
"chắc bả tưởng nó đâu xa nên đi du lịch, ai dè giờ nó nằm trong ng :)))",0
"chưa ra đã thấy chán hơn , ngáo đét ))",1
"ác quá, còn gái 6t có biết gì đâu, mà đánh nó ác vậy, khong fai cứ cho roi cho vọt là tốt, có tức giận lắm thì nên đánh vào mông thôi, chứ đánh nó bầm tím ng , gãy xương thì còn gì là giáo dục nữa,",1
võ xuân hoan điên hả m,1
"nhà nước mk phải xử lí nghiêm những trường hợp như này,xử thật nặng",0
khẩu nghiệp chêt mẹ may đó trời qua báo may đó hồi xưa may chửi nhiều người . bây giơ trời qua bao may đo minh hiếu may gu rang chiu kk,1
"không phải ai khuyết tật cũng bán vé số hay ăn xin , vẫn có thằng khuyết tật đầu ngoẹo sang một bên vẫn được làm quan thái thú cai trị một dân tộc đó !",1
"địt mẹ lũ chó bán nước hại dân, ăn nhiều cho mập thây",1
"đi học chứ đâu đi làm showbiz ,hay cầu thủ đá banh ...toi không ủng hộ hớt tóc kiểu bờm ngựa ,hay như các cầu thủ nước ngoài ,dạy con nghiêm chỉnh chỉnh chu sống có kỷ luật từ bé khi lớn ít gặp điều may rủi...những đứa tự do cá tính xăm trổ đầy người ,",1
thế lúc nta nó cắm nhà vay ngân hàng để mở bạn có chịu hộ đồng lãi nào khong,0
"việt cộng là cái thứ sinh ra từ thành phần bần cố nông, đã là bần cố nông thì chả có đứa nào được học hành tử tế đến nơi, đến chốn. hậu quả là bọn việt cộng nó quản lý, điều hành đất nước như cái con c, ngóc lên không nổi,",1
nghe vô lý nhưng vẫn rất vô lý mà lại thấy thuyết phục,0
một thanh niên rảnh lol cho hay. dkm nhà mày nó có tiền nó có của nó muốn làm sao nó làm nó khong bỏ ra 500tr nó quyên góp nó kêu gọi quyên góp thì lấy lol đâu ra ng quyên góp thiết nghĩ mày kêu gọi quyên góp thì chắc đk đồng lol nào mà phán loại mày nổi t,1
khong hiểu người có não khong lúc khỏe ăn chơi nhẩy múa sứ người chê bai đất nước đến lúc gặp họa thì chạy về quê hương đúng là lúc gặp họa mới biết đất nước nào là ân tình,1
"chúng mày là con hoang, còn bọn tao là con nhà nước, mày hiểu chứ",1
tấc diêng lâu lâu phỏng dấn idol phát là tấc diêng lượt view tăng hẳn.,0
"dat pham á à, bắt quả tang bạn hiền vô đây nhé emoji emoji",0
1 con chó dlv cho hay :)),1
"vợ chồng tướng phu thê, chúc hai em luôn hạnh phúc.",0
thang khung,1
may xạo lồn do am binh,1
bạn chả có tí máu lồn nào gọi là văn hóa cả emoji emoji,1
phan mạnh cường bạn lên xung phong đi chứ khong ai mong chết đầu tiên đâu,0
nghe sợ quá. thôi đi du lịch cho đỡ sợ emoji emoji,0
cái đụ má lỗ gì mà lỗ hoài z,1
cực kì cái con mã mẹ tụi mày chứ thuyết phục emoji,1
thương cô quá emoji cô thật thà dễ thương iu quá à emoji emoji emoji,0
tưởng nhật bản văn minh thế nào,1
chúc mừng con yêu! mà không biết bây giờ người mẹ đối diện với con sao đây.,0
chet me may chua con kk,1
lâm đình khoa mạnh mẽ lên anh âyy emoji emoji emoji,0
đinh hoàng tùng vừa vào phim bổ luôn vào mặt thật :)),0
ng ta gọi đó la xây đường theo định hướng xa hội chủ nghĩa,0
"thêm một một buổi sáng thanh bình, chúc mừng đất nước ta.",0
vâng a rất thượng đẳng,1
"khong nói c khong bt e giới tính thứ ba, e quá tuyệt vời,,,rất đẹp...",0
ẻm này người đâu ý chứ thái bình quê tôi khong có người như này emoji,0
mãnh thú này giống vs nhà em nhưng nhà em sợ mỗi xả với rau má,0
lũ này chết đi cho đỡ chật đất,1
con tìm zalo cua dì ba ma con tìm khong đc. mobi.,0
"rồi đọc đến đoạn bố mẹ đón về thì mình cũng cạn lời, đáng ra bố mẹ giờ phải chuẩn bị ra tòa mới đúng chứ?",1
tại thằng ad làm đỉ quen rồi nên nó xem đó là việc làm cao cả í mà,1
"la liga thì không biết sao, chứ hàng thủ như này ra c1 mấy ông lớn khác rất khoái, lại toang thôi.",1
bạo dâm thì chỉ có thg pew thích thôi (trích lời tộc trưởng ),0
"vn-th núi liền núi, sông liền sông, hcm-mao trạch đông là lá la la là la :v",0
tôi thấy những người đi xe đạp này có gì sai? xe oto xe máy đc chạy ngoài đường còn xe đạp thì khong đc hả các bạn? họ cũng khong dàn hàng để nói chuyện cười đùa gì. chỉ vì nhiều xe quá và đạp tốc độ tương đương nên đi sát nhau thôi.,1
khong xem cút mẹ mày đi,1
giờ mới thấy có tiền có quyền và đúng là mua tiên cũng được,0
m.n lên google tra trần dần thì thấy ông ấy mất 1977,0
đưa a độ về bắt ít gà tày làm khô gà bán cho các ông đấy,0
ba nay mat dai khoe vang cuop chac hai cai tay no di an noi mat dai,0
huỳnh my đỉ mẹ. t vs m đi trước thời đại mất tiêu roi bé emoji,0
đánh chết mẹ nó đi chị để nó mất dạy quá,1
này ác quỷ chứ không phải con người.,1
vay được thì vay thôi. 1 nhiệm kỳ cũng được mấy năm thôi mà...,0
"chị đẹp vậy , giọng nói dể thương có duyên quá đê",0
"sao quan chức cao cắp csnào , khi vi phạm pl cũng đều trả lời có vẻ ngây ngô , khờ khạo . chẳng lẽ qui trình chọn lọc cán bộ cấp chiến lược là vậy sao ?!.nhìn hành vi các qc phạm pháp thì biết nước nhà do các vĩ lđ sẽ đi về đâu .",1
"tôi ở hà nội, tận mắt chứng kiến lũ chăn dắt trẻ em đi bán tăm bông, kẹo cao su quanh khu phố cổ. nhìn những bé gái nhỏ xíu đáng lẽ ra phải được học hành, phải được vui chơi, thì lại phải lang thang từ hàng này sang quán khác mời khách mua tăm bông,",1
cư sĩ lê tuấn nghĩa vn mình nó phá tan nát hết rừng rồi.,0
lại tổ chức 1 trận duy nhất để tạ được nâng cup. cười lớn.,0
các ông ns ch lj vs loại người này ns ch với vs nó chả khác gì mình ngang nó cả im lặng đi nghiệp từ khác đến thôi ae ạ,1
thầy giáo dậy toán độ tày và học sinh trang mưa :v,0
chế này đeo vàng đẹp nè .đeo zay mới đúng là đeo vàng.con đẹp nữa kk,0
mới đi học học được mấy hôm mà lại phải vào bệnh viện rồi. khổ thân mấy bé...,0
"uầy, thế mà có cái hội lúc nào cũng ngông ngóng cái lũ đu càng đó gửi tiền về đó, chậc chậc emoji",1
"đời chúng ta không trả được, thì con cháu chúng ta trả... lo làm gì ?",0
ông nội nào cũng ở không lắm khi không gọi điện cho bà linh hỏi người ta đ không bởi vậy người ta chửi đâu có quan,1
não chó thì câm đi,1
"học ở trường cả ngày, tối về học đến 23h, chương trình rất phù hợp với các cháu",0
sao trương trình mình hông mời cô hà kiều anh đi ạ,0
minh công nói thật bây gio toi ghét bọn hàn như ghét cức,1
lên đi t ke cho... và cái kết có người đằng sau m tự lo nhá,0
hong son tran nếu không thích bác có thể bấm nút unlike mà chứ bác nói vậy éo ai cảm thông đâu :))),1
"nghe nói nhà có điều kiện, tài trợ lại 400 tỷ đi chị nhung17",0
đây là táo liên quân ad ơi nhầm sang táo quân năm nào cũng lèo trẻ con vậy,0
đóng con cặc nhé!,1
im mồm đi micky. sủa nữa t dính lỗ đít m lại bgio,1
"ngán ngẩm ghê gớm !. tức, nhói tim ! cái gì thế này ! ...",1
tinh trùng khuyết tật,1
có lẻ tôi không có con mắt thẩm mỹ nên chỉ nhìn thấy. . . gớm .,1
các bác sống nhanh vaicutt :(((,1
"tôi không hiểu sao bộ giáo dục cải tiến, cải lùi mãi mấy chục năm nay chưa xong. thà rằng bê nguyên sách của nhật, hàn quốc vào mà dạy.",1
ví nhiều tiền thì con người ta tự nhiên đẹp lên 1 cách lạ thường a ạ,0
em rất không hài lòng với cuộc sống hiện tại không một đồng dính đít,0
"học sinh thcs còn quá nhỏ chưa ý thức đc,giờ nhà trường cho sử dụng đt,thật là tai họa.",1
nhìn mặt là thấy bất lương rồi,1
nhà mình mà muốn đi vào chăm sóc cho con cái phải xin phép thằg hàng xóm . nó cho mới vào đc . nhục nhục đm nó nhục.....,1
vu quynh huong thế mà nó đéo chết đi. giảm quá tải cho thế giới,1
"mình xem ảnh xong rồi đọc cmt của các bạn, thấy các bạn đều chê ng ta không đẹp, thế các bạn có con gái khong? nếu ai đó chê con gái các bạn xấu thì sao?",1
"con bóng đực kia cũng là dạng đầu trâu mặt ngựa, 2 mặt, nịnh bợ.",1
"co ba oi tang con 10trieu xai duoc khong co ba con kho lam hihi,",0
để xem trump nghĩ ra cách chế nhạo như thế nào đây!,0
đụ má mặt nhìn như đàn ông,1
con này hổn như gấu có gì mà ngưỡng mộ,1
dit_me!,1
ôi cát mẹt của bả,1
phục cái cm mày :),1
xin tộc trưởng hãy cho hiếu lợn thần ra trận! đảm bảo sẽ có chiến thắng,0
"má chị chết để lại 100 cây dzàng, chị giào luôn emoji emoji emoji",0
anh ấy nói đúng rồi chỗ này a ấy ở không đc là đúng rồi đề nghị chuyển mẹ a tiệp vào nhà xác ở cho nó ấm cúng emoji,1
beat của bài già cùng nhau là được phải không nhỉ ?,0
khá bẩn ))),1
chị ba .bản lĩnh con cháu hai bà trưng bà triệu emoji emoji emoji_love emoji,0
"tiếng việt học nhanh nên không hiệu quả, các cháu hay quên.",0
tội anh quá đi mong anh chết sớm để đc tự do,1
khong đủ dũng cảm nói thì phải chấp nhận nó thuộc về người khác...,0
"vẫn nghe rap của us uk và mỹ latin, nhưng không thể thẩm được rap vn",0
"thời nhỏ tuy có thiếu thốn mọi thứ thật, nhưng đc cái ăn gì cũng sạch! con người thật thà chứ không gian manh xảo trá như bây giờ! emoji emoji emoji",1
"ở italy còn khong lo , ở việt nam lo gì hãy tin vào nhà nước , quân y , bệnh viện dịch tễ họ thật sự đẳng cấp trong chuyện này đã chữa cho 16 ng , chị nhung vài bữa nữa khỏe giờ đó , nếu khong khỏe thì mình ship cho chị nhung 1 lạng đinh",1
súc vật,1
óc chó. ngu do luyện tập hay bẩm sinh. cái loại ăn cức lựa cục bự nói chuyện ngu đek tả nỗi. 500tr của riêng phan anh đọc đek thông rồi chu mõm lên sủa,1
khong thể phủ nhận: rất nhiều người yêu và tin trump.,0
rồi ông chủ và nhân viên thay phiên nhau bơi ốc..,0
jennifer aniston và brad pitt giờ nhìn thấy già mà xấu nữa.,1
lâu lắm mới nghe cụ cọp nói chuyện đâu đó đàng hoàng. mừng cho cụ.,0
"mấy bác ăn hại có làm éo j em cũng chẳng quan tâm,nói hoài mỏi miệng nhưng cái hành động lâu lâu có tàu lạ hành hung ngư dân,đâm chìm tàu ngư dân của quãng ngãi có biển số tàu trung quốc mà khong lên tiếng thì em khong chịu đuợc,",1
vừa hôm trc nhận bằng khen teacher of the year của bộ gd emoji yêu thầy,0
năm nay là táo quân vi hành b ạ kphai táo lên chầu như mọi năm,0
đúng rồi đéo thể tin được. đáng lẽ phải cào bằng ra mới đúng. thật không thể tin nổi. phải cào bằng ra mới được,1
bui hoang thầy lồn,1
"tôi vẫn không tin bọn dlv ngu học, cho tới khi đọc 1 top comment :v. gặp người có kiến thức phản biện lại thì cụp đuôi ngay, chả biết ghi gì ngoài những câu chửi tục vô nghĩa. :3",1
thế hệ tương lai mà cứ để bị ngộ độc thế này thật là nguy hiểm,0
"nguyễn thị luận ba mẹ các em khong lo lắng cho các e thôi, anh cho nghỉ hết",0
"đổi chiêu rồi nhé, mình gửi đi được nhưng ngta khong nhận đc ))",0
nhìn mặt là biết lòng dạ con mụ này thế nào rồi emoji,1
hơn cả một dãy thái sơn. chúc gia đình anh luôn vui vẻ hạnh phúc,0
tham nhũng hèn gì chúng nó giàu thế,1
hiếu bùi sủa dơ,1
đéo nói nhiều emoji,1
không nên cho hs dùng điện thoại trong trường học vì nó khong phục vụ việc học,0
nguyễn hạnh mai phục cái máu lồn,1
mặt dầy như đít trâu,1
chị kêu cá lóc nhẹ lắm. chị phải kêu linh cá tra mới hộp với cái miệng hô của nó...kk.,1
nhớ hồi đó khánh phương và khánh đơn là anh em sinh đôi ..,0
e sợ t gian lm giàu rồi mà tuổi tác già yếu mẹ rồi,0
"và tất nhiên, 1 lúc nào đó, bạn sẽ nhận ra mặt trái của sự sòng phẳng.",0
"mẹ. hởi thằng nào muốn tự tử, cứ làm gì đó cho công an bắt rồi về nhà tự giận thằng ad sẽ có bài tít: ca đánh người; tại ca mà chết người..... đúng là thằng ad bệnh quạn",1
"hy vọng lần tranh luận sắp tới sẽ thay đổi chủ đề. những chỉ trích của ông biden chính là những gì mà cả thế giới đều đã biết, vì vậy cuộc tranh luận hôm qua chỉ là cơ hội để ông trump biện hộ.",1
đất nước cu ba họ thật là nhân ái. chúc nước bạn luôn luôn chiến thắng,0
"kane vs son đang bá quá rồi, bạn về đây chỉ đi đánh golf là hợp lý",0
"đã nhậu con này, ngon vô đối. tôm hùm gọi bằng cụ :d",0
bé 2 tuổi hắn còn không tha! nếu cô giáo can ngăn cũng sẽ bị đánh luôn không chừng!,1
bọn giàu mà mang thua người nghèo nửa đm chán quá,1
nào chưa có vợ thì sao dỗi vai,1
trà my 10 năm trc ytb cũng khong có livestream đâu nha bạn :)),0
không phải con người nữa rồi xử mức án 30 năm với loại này cho xã hội bình yên,1
vẫn kiểu cs đánh úp như hồi chiến tranh emoji emoji emoji,0
bài hát cuối thiếu mất cái đờn hello kitty huyền thoại rồi cô ơii,0
em xin lỗi chị ba vàng ngọc em ghi sai chū chị thành chū cho em xin lỗi,0
"thằng bê nầy nổ quá, cái miệng nầy tạo nghiệp, bê ng ta coi đc bê nầy khó coi quá",1
chúc mừng hai bé! cảm ơn đội ngũ thầy thuốc việt nam!,0
đẳng cấp dlv.,1
đcm cái bọn animal tand bt ăn tiền nên mới xử như vậy.,1
hi vọng ông dành chiến thắng trong cuộc bầu cử sắp tới.,0
"hơ hơ, ms c.an huyện mà bày đặt lên giọng. xin lỗi cô ba vàng mã c.an tỉnh nhà con còn chưa coi vào mắt huốn j c.an huyện. chú con là đại biểu quốc hội tỉnh mà còn ch dám lên giọng. nổ quá. đr, ở mĩ có bom nguyên tử hk nổ ms là lạ",1
phim chả có gì gọi là hay...quảng cáo quá đà !!,1
chi 3 đẹp pua giau pua vậy uoc gì e dược 1 chi vàng cũng dược,0
có cái nút unlike mà bấm rồi phắn cmmd,1
"ủa nghĩ z là hay lắm ó hỏ,ý thức như cái đách. chán thiệt sự",1
"phải,vn vô số tham nhũng,lại vụ nữa đây,sắp đại hội gì đó",1
dân hàn tiêu dùng không thông tháo. sao không mua vios nhỉ?,0
phạm văn lộc con đỉ mẹ mày tus nào cũng thấy liếm fame,1
đéo trình bày gì hết,1
luật pháp vn thật hài,1
nhân đạo nhất với 2 người này là nên cách ly ra khỏi xh vĩnh viễn.,1
những thành phần làm bại hoại xã hội. đề nghị có biện pháp thật mạnh tay. đi tù cải tạo xong về phạm tội tiếp cũng như khong.,1
ý thức như kặc.,1
lớ ngớ thằng này nó biết dc. nó bỏ boom nguyen tu thì ăn cứt cả lũ :)),0
trẻ trâu đóng film hài hả emoji,1
"xanh là nn, đỏ chủ đt , mấy con kia bank tím ông cụ",0
thảo chăm tôn hẳng con cu tí hon của anh tịp,1
thấy thầy phụt có kích thích khong : emoji emoji emoji,0
có sổ hộ nghèo nên được miễn giảm lỗi chính tả nhé!,0
film cũng ổn nhưng thích mấy đoạn hù giật gân ghê luôn á emoji,0
động cơ là con xe mấy tỷ. hỏi cái mồm dọc.,1
nghe giọng mà n ng hết sức :))))),1
tập thể dục để có sức khỏe tốt chứ đừng để mất mạng!,0
đặng quang thắng bài này của nam sinh và 1 bạn nữ 2k1 thì phải,0
"trứng kho để qua ngày ăn lại dễ bị ngộ độc, mình đã từng bị một lần rồi.",0
hoàng đức đánh chết cha m h chứ ở đấy mà cực kì :)),0
chúc mừng thầy mongg thầy ra những giáo án xịn xò mới mẻ hơn susan.... v.v,0
con i10 chạy ngoài đường đẹp hơn con fadil rất nhiều. quan điểm riêng của e,0
ngô phương thảo lê thương hồng thắm tết này tiếp khong mấy bà )))))),0
"thật là đau thương, xin chia buồn cùng gia đình các cháu, cầu mong siêu thoát",0
chắc lần đấu tiên có đội bóng chuyên nghiệp có 2 hlv trưởng,0
xài hàng mỹ thì bản thân ng lính cũng yên tâm chiến đấu. nghe a e đi bộ đội vê kể bảo pháo của tàu toàn tự bắn vào quân mình nên hay có chiến sỹ tự hy sinh lắm. kk,1
đã mê lâm khánh chi còn có minh hiếu nữa... 2 chị này là nhất,0
không khí đạt chất lượng như hôm nay cũng là nhờ sự tài tình của đảng ta ! đó là mang những nhà máy nhiệt điện than cổ lổ sỉ từ người anh em phương bắc về phục vụ bà con ! bà con cám ơn đảng và nhà nước chưa ?,1
"thấy thằng nào ở đó hơm???---cái thằng mới trả đũa cho anh, nó đang ăn bằng máng",1
"thôi xong, en lol rồi emoji emoji emoji emoji",1
bệnh hoạn v lin,1
"cho e hoi, lam sao de liên lạc trực tiếp với chị minh hiếu vay ạ",0
thật ác độc,1
linda ngay nay rat sat sao.nhung o ngoai ba de thuong ma,0
số like cmt còn nhiều hơn số like avt của toi :( ae vô like cho toi đi,0
nguyễn hữu tài biết trước cuộc đời nó ntn thì thôi gg cho nó lẹ :))),0
cô giàu thật thì cô nên giúp người khó khăn đi đừng chửi m. n nv nữa,0
nhìn mặt mày dao kéo nhiều quá rồi đẹp gì ghê quá,1
"chó là bạn, đéo phải tôi emoji emoji",1
cũng biết tụi nó ngu nhưng mà -_- quá ngu,1
coi vid lúc nữa đêm nữa hôm :) nổi đau này ai thấu emoji,0
ăn cơm với cá mồm tanh chết mẹ thơm người ta không vả vào mồm thì thôi emoji,0
biết điều là tốt . khong t cho xuống cầu sg là chít mẹ,1
cười quài kéi dụ thấy cl xỉu ba ngày xỉu nữa ))))),0
"cameron diaz quyến rũ nhất là trong phim the mask, hút hồn thật sự",0
bi thuốc lào quê mà làm a tôi ra nông nỗi này :)),0
khi bạn thích cái quần đó quá mà nó bị chật kéo không lên,0
"thằng ad khong muốn bme nó ra tù đấy mà, rõ khổ",1
tức nghiêng là a cũng rất zui nếu dc làm quen với e,0
thì dân toàn mặc áo cờ tổ quốc đi đòi đất đòi nhà mà?chắc nó muốn doạ dân hn muốn biểu tình đây,1
nghe rất bình thường nhưng lại không bình thường )),0
mất mẹ cái kềm để kiếm cơm )),1
nhìn cứ tưởng ảnh chụp đen trắng ngày xưa..phục bác quá,0
"tính tạo trend , nhưng fail cmnr",1
sau này cố mà thành ông này bà nọ em ạ. khong làm đc gì là ăn chửi ngập mặt :)),0
"hết anh chung,hn lại tự hào thêm vụ y đức của chị tiến ruồi_bệnh viện đa khoa xanh pôn gian lận kết quả,bớt xén vật tư khi xét nghiệm hiv viêm gan b cho bệnh nhân",1
nhỏ mà lợi hại. sao chúng hiểu mà di chuyển tốt thế nhỉ,0
co ba lon ve khi du no banh xac,1
nhìn nứng gkê ak abe ơi!!!,1
ê lũ ducanger vào xem thành tích cm ngày xưa này,1
đem địch vào vn hoài làm sao người dân chống nỗi đây bác ơi.,0
"thêm bọn khong não nữa, nó còn trùm hơn cả phụ nữ",1
quảng bình luôn là nơi đau thương nhất miền trung,0
gánh gánh cái l má toi bây à. cái gì củng dân.,1
nguyễn đào nguyên sao bênh nhân số 17 công khai tùm lum hết vậy?,0
liếm khong từ 1 cái gì cả cứt và lá xoan cũng liếm nốt,1
mỗi khi anh độ chửi bậy nó sẽ giật... sau khi giật xong anh độ sẽ đập nó xuống bàn và chửi đitconmemay giật cailon :),1
hải yến con thần kinh lạy m. chả muốn xem cũng kệ cả họ nhà m nói để thiên hạ nó điss cho vô mồm,1
trần sang ổ cc,1
"bài hát bình thường, góc quay lúc thu âm quá kém, chèn phim chẳng có logic gì, xem 1 lần vì dư âm của khong màu sẽ khong có lần sau.",1
"chúc mừng chiến công của c04, công an tỉnh hà tĩnh và các lực lượng phối hợp.",0
không hợp lí lắm nma khá là thuyết phụcc ))) nhưng nốt ruồi cb đâu ùii,0
"đang nói đến sự bịa đặt của từ thiên đường xã hội chủ nghĩa. lại tổ lái sang từ khác để lấp liếm à. thôi trả lời đi, có tài liệu nào chứng minh từ này có khong. hay toàn từ mồm bọn chống cộng ra",1
hải đăng t gọi tường gió oánh bỏ mịa bây giờ :((,1
lên youtube seach dương trung quốc chất vấn nguyễn tấn dũng,0
bản chất tên krist xấu sẵn nên cuối cùng vẫn là tội phạm.,1
"từ sơn - bắc ninh , nơi dân chơi hội tụ chu minh sang lương tuấn",0
ấu dâm vãi lz hèn dì cô phương linh bốc phốt ))),1
ngọn cỏ ven đường với được mây rồi :)) còn anh tôi với được luôn crush kìa )))),0
xem bậc lương bác sĩ trên thế giới rồi hãy so sánh chuyên môn.,0
nguyễn nam hà abe có cái quần xanh bén quá bén emoji,0
thế khong-icm khong phải là con trai rồi mà là cây atm,1
90tr dân việt nam đang vả nhung nè,1
yêu xa đấy nhưng nó còn tc với nyc cơ :)) kiểu mình là người thay thế ý :)),0
cô ng mẫu này luộm thuộm nhỉ. móng tay sơn ngón có ngón không. không chỉn chu!mẫu áo chả có gì đặc sắc cả!,1
"tùng sói nghiện mèo tom , còn bạn hiền teo nghiện mì tom emoji emoji",0
về việc ngủ trước của nhà cũng là ý kiến khô g tồi chị trang ưii,0
con nay mat dai,1
quá chán.,1
diệp đình huy phục cái địt mẹ mày,1
không nhốt vào thạ ra lại chạy lung tinh emoji emoji,0
"về hình thể sẽ rớt vòng đầu, không có cơ hội thể hiện tài năng.",0
vai bôi cứt mũi,1
trend qq gì mà lạ lấm. cãi lộn cát không,1
vẫn có 1 người tặng quà va len thai cho mình moi_nguoi ạ.,0
nhìn nhà tiên tri trần dần đáng thương hơn là đáng trách.,0
"mọi con vật đều bình đẳng, nhưng có một số con bình đăng hơn các con khác ;)",0
xạo lồn hông có gì vui nên chúng ta hông nên xạo lồn,1
tuyệt vời bác sỹ cấp. anh giản dị thân thương và siêu giỏi,0
"dit_me cai quy trinh,vao cap cuu deo co tien,deo bao hiem thi nam do di.",1
nhok lầy: địt mẹ hay thì mày share đi. nhai đi nhai lại như con bò. tao khinh quá :)),1
"hai kẻ mất nhân tính, cầm thú. xử lý nghiêm khắc nhất có thể. hãy bảo vệ trẻ em - chủ nhân tương lai của đất nước.",1
ad hãy tìm số báo nào của báo quân đội khi viết ba-rách ô-ba-ma và đô-na trăm . vãi báo,1
biden mà lên thì mỹ sẽ tiếp tục suy tàn. thật buồn.,1
"trường hợp bảng: bayern- barca- inter- marseille thì không cẩn thận barca, bayern bị loại từ vòng 1 :)",1
nhiệm vụ của tao là kiếm báh mì . kẹt xe là chuyện của tụi bây :)))))),0
ok abe cứ mơ mộng nhé emoji emoji emoji emoji emoji,0
mọi tính toán đều vô nghĩa nếu đến hết dịch mà chả có ai nhận được đồng nào.,0
trần dần là cộngg sản nằm vùng bên cali emoji,1
"đình chỉ thôi mà, có phải xa thải đâu, nó lại lên làm lại mấy hồi",0
"been 93 nguyễn thế bây giờ còn chửi ai không, tụi bây cũng ít rảnh lồn quá mà, vô cmt cũng đàng hoàng gì...nói trên đầu người ta không chứ đàng hoàng gì",1
tới đây xóm tôi sẽ khong được cổ vũ trong thời gian dài rồi,0
mình nhận in thiệp giá rẻ nhé cả nhà emoji emoji emoji,0
mất tiền của dân mua hoạ cho dân. thiết kế đấy không có vài thảm hoạ giao thông thì hơi phí. hơn khủng bố rất nhiều!!:(,1
ai tên dư luận viên vào thanh minh coi sao để chửi dữ zậy :)),0
"xin chào đệ nhất quốc sư trần dần , chúc quốc sư khoẻee",0
chậm vai,1
nguyễn trọng hiệp mượn đéo đc cắm cơ. cắm đéo cho mượn đâu.,0
sắm latex mang cho dáng thì mặc gì cũng đẹp het nha cee,0
emoji emoji emoji thanh niên lấy le nhà gái cho hay emoji emoji emoji,0
thôi xong rồi. messi sẽ quyết tâm ra đi trước trận cho mà xem.,0
thay ngáo đá,1
"thật không vui cho azarenka, do chủ quan hay do thời tiết quá lạnh ???",0
khong phải anti nhưng sao mình thấy nhạc của jack khong hay ta? ngấm khong nổi,0
si28 ghi bàn đầu tiên của mùa giải bằng pen do người khác nhường cho !,0
nguyễn trương bửu tấn bạn nghĩ virus nó sống ở đâu nào :))).,0
thằng này đánh trẻ con chấn thương nặng vì nghi cháu lấy trộm vợt cầu lông,0
em đ có cửa emoji,1
"kinh khủng quá , con mình thương nó còn không hết , sao lại mất nhân tính thế",1
"đó là câu chuyện buồn, đánh bài quỳ thôi mà t cũng tức á emoji emoji",0
"khanh pham đấy là mấy cái thể loại âm nhạc của chúng mày, nhạc sơn tùng trẻ trung có vần điệu vươn xa nước ngoài và nước ngoài chỉ có thể nghe nhạc như thế . mày thử mang nhạc jack của mày ra nước ngoài xem có bị cười vào mặt không ??",1
trời ơi! 58 tuổi mà còn bén ngót,1
"cũng đáng thôi. gây tội được thì chịu tội được. trong các loại tội ác, hiếp dâm trẻ em là một trong những tội đáng ghê tởm nhất và cần bị trừng phạt thích đáng.",1
hoàng huy giàu thế về với tổ tiên mang đi làm sao đc emoji,0
tuy là người việt nhưng cũng một phiếu ủng hộ ông trump :d,0
phan linh chán đéo muốn nói luôn,1
"trả lại cho căn nhà, thái độ khác hẳn..........!!!!",0
đm người ta ở tù mà bản mặt thằng phía sau cười như trẩy hội vại á,1
nghe ông này nói dơ lỗ tai emoji,1
con người bắt hết cá của nó thì nó nổi giận tấn công thôi.,0
xem cô live đó giờ mới thấy cô live stream gắt đến thế hay quá cô ơi,0
nhìn chú gầy đi nhiều quá. tóc thì bạc. khổ thân.,0
thế mà chúng nó còn định xây cái 11 ngàn tỉ để chưng bày mả bố nó chắc :)),1
idol của con . ai lớp du chu cờ mo emoji emoji emoji,0
giờ học dùng được thì những giờ không học cấm được à????,0
hoàng khánh quang viễn tao nch tụi bây đừng vui quá nghe,0
trương yến emoji emoji emoji emoji emoji emoji emoji thật á,0
giống mấy ông trong trại thương điên ngôi nghịch kiến ấy .nhưng đây nghịch alone,1
tôi bị tông 1 lần đang đậu làn xe máy khi dừng đèn đỏ. quá nguy hiểm,0
"cấp 8-9 là bão yếu mà như vậy rồi, nếu cấp 12 không biết thế nào",0
"morata là điển hình của bong bóng giá ảo gây ra bởi neymar. chỉ là một tiền tạo hạng trung, ghi hơn 10 bàn mỗi mùa mà có giá tới 6-70 triệu. phi lý hết sức! nếu vậy thì messi và ronaldo, những người ghi 50 bàn trong 10 năm, phải đáng giá 3 tỷ euro mất.",1
from cần thơ with love. chúc a nghỉ lễ thật vv thoải mái ạ,0
paula lưu trong khi 2 ông bà cùng thành phố. đúng là con người mà,0
nhất thiện t cũng méo tin đc,1
cái vụ này chưa trúng tới linda thì đừng nhắc tên linda vào ok,0
không đọc báo xem tv sao trời?,1
đcm cái loại giả đạo đức khi khong được giáo dục,1
"liệu e này sau có đi theo con đường toán học, để có một giải field tương lai?",0
chán cái địt cụ mày,1
à nhân tiện 20 10 e muốn hỏi thầy là khi nào xoá kênh ?,0
"nguyễn hữu minh mua đôi này hàng fake đủ mua bitis real cmnr , chất lượng ăn đứt con hàng dởm này",1
em nghĩ là mùa sau nên đẩy line-up này vào ạ ))))))))))))),0
dùng nó chửi cho sml ak,1
"nói làm túi giấy để bảo vệ môi trường và động vật...thế mà có màng chống dính, bên trong lại lót da bê!!!",1
"phương án hai là tối ưu nhất,đấu nối với các thành phố tương đối gần",0
một trong hai cháu bị tên bé giao cấu (hiếp dâm?) khi còn vị thành niên. vậy là toà án có xét xử cho tên này cách ly với xã hội vĩnh viễn không ?,1
hoàng phong đỗ trúc ngan do tốt nhất nghỉ ăn mấy con lạ lạ nha moi_nguoi,0
tụi con đều đồng lòng xin nghỉ mà lại cho đi học :(,0
đhs nghe xong khóc ạ :(( cảm ơn bố chúc con thi tốt ))) i love sói :,0
nhớ nhà tiên tri trần dần quá ạ . chúc mọi người sức khỏe.,0
"xuất cai l, đm quần áo vn toàn nhập siêu từ tq hết 70 chứ xuất xuất clm chúng mày",1
gam thua cái củ cặc nhé !!,1
"họ coi trọng cái sĩ của họ , thực ra nó là sĩ diện , còn thực tế họ là lu ăn cháo đá bát , thuong cảm cho họ , có não cũng nhu không",1
mắc ói,1
"nhung ma chi chuu qua ,khâu nghiêp đo đep lam va co duyên nua",0
"thật là nghị lực, chúc anh và gia đình nhiều sức khỏe.",0
trần ngọc dũng người bắc thì nói bắc..có cc gì mà phải nhột?,1
"chao minh hieu, hom nay thay minh hieu dep gai qua ha",0
"thật lòng biết ơn cảm ơn tất cả các y, bác sĩ trên tuyến đầu chống dịch.",0
hoàng quản nà như nào hả ck :o sao đọc khó hiểu thế,0
"thanh niên bây giờ khong hiểu nổi,ngông nghênh côn đồ",1
nghe mùi đa cấp khắm vai chưa là j trong cái xã hội này đâu bớt dạy đời đi mấy ng đi xe máy mày còn chưa biết họ có bao nhiêu mét đất ở cầu giấy đâu,1
lúc nào tới đoạn gay cấn cũng nghe nhô nhố nhô nhố )))),0
"út tuyền khong, mình chơi lớn, gần 2 3 ngày roi mua",0
sài vặt 50 tỉ . ước mơ mấy chục đời của 1 gia đình làm nông .,0
attrage cvt bản cao nhất thẳng tiến. thân ái chào quyết thắng!,0
lịt pẹ vỗ tay emoji emoji,1
tấm hình này chắc bộ nhớ máy tính chứa được 1 tấm,0
"à, lại theo giới truyền thông mu mua. 175 triệu hỏi mua chú nhóc 17 tuổi chưa khẳng định được gì thì đúng chỉ có truyền thông nhà barca tự biên tự diễn nâng nhau.",1
bút hình con c,1
ước gì cho nghĩ học mà vẫn đậu tốt nghiệp thì hay biết mấy nhỉ,0
tuyệt vời! cha con anh đã tiếp thêm sức mạnh và niềm tin cho tôi. xin cảm ơn.,0
"đừng lôi mẹ người ta vào, tao địt vào miệng mày vũ long bảo cấm lôi fụ huynh vào nha _",1
thu hít cố lên nhé! mà chắc không nổi 1 triệu như khong icm đâu )),0
có cl chụy mày tin ấy :)),1
"đã like avt của t bao giờ chưa mà gáy, làm như t cần m dùng face lắm ý",0
julie biebz mốt rủ đi ăn vậy cho sang nha homie :))),0
"vi hạ lam chị khong có dơ vậy nha, rất chi là sạch sẽ.",0
hoangg an ôi nhìn con phò sena mà xem emoji đau hết cả mắt,1
"bale chạy tốt 100m, ông thần khiêm tốn thôi. chạy lại nào bale !",0
"chửi hông lại tức quá ngủ hổng được,thức tới sáng luôn emoji",0
ngânn ni đúg roi xog tết treo mỏ lên nhìn ngta mua đồ,0
em i10 này quá đẹp so với phần còn lại. em khong có thành kiến gì về hãng.,0
tuổi thơ dữ dội của một đứa con gái là suốt ngày đi đá bóng với bọn con trai,0
"đánh răng như vậy chảy máu lợi, đau lắm đấy. clip gì mà hại răng miệng quá đi",0
ae cho tôi hỏi nhận ở đâu thế chả biết cái j luôn,0
quần như c,1
má emoji kiều oanh nguyễn thị,1
lẩm cẩm thế này còn gì đủ năng lực và trí lực để lãnh đạo đất nước.,1
"nếu ông này đem thử nghiệm rồi chết vì tai nạn. thằng chó ad lại bảo: cơ quan nhà nước khong quản lí, theo dõi để người dân chết vì phát minh của mình. ex",1
"biết bao xương máu của con dân việt nam đã đổ xuống nhuộm đỏ mảnh đất này mới có được ngày hôm nay, vì lòng tham không đáy mà bọn chó cộng sản tiếp tay cho trung cộng tàn phá đất nước,",1
nhưng em không có kì thị cô minh hiếu mà em cứ cà khịa đứa bạn bede emoji,0
mong cho tất cả mọi người hãy ý thức tốt để đẩy lùi covid!,0
ôi giời ơi giọng nói đi vào lòng người quá anh mình ơi ))),0
mỗi lần lên sóng là đeo vàng làm như giàu lắm hay sao mà khoe của thấy ghê.còn cái mặt mình nhìn chung khong có 1 chỗ nào thiện cảm hết.nhìn mặt là biết cái thứ đàn bà độc mồm độc miệng.hung dữ.nói tục chửi thề v...v tưởng z là hay lắm,1
"duy sama nghỉ nhiều quá thành đúp mẹ nguyên 1 kỳ,sau này học xong đh mới thấy thời gian nó quý như nào",1
trần thị kim anh nhưng họ có tiền họ thấy đẹp được rồi haha,0
bão cát to có nồng độ bụi gần đặc quánh sao mà thở?,0
"mượn xe, mua cua trả góp để mừng mấy thằng em. khổ lắm các ông ạ",0
"không thể tưởng tượng được, những kẻ này cứ như là ma đói ma khát. thế này thì còn ai dám du lịch nơi đây nữa chứ.",1
mọi người like ủng hộ mình nha. cám ơn chúc mọi người nhiều sức khỏe.,0
cô hiếu vẫn giàu hơn bạn. bạn bik đi đường quyền khong emoji,0
"tàu hũ in tiền sang vn gom đất, nhà, vàng và mua chuộc chó với đầy tớ",1
đm page của anh tao là nơi để chúng mày vào đây để cực kỳ thuyết phục à :),1
tuyệt vời ! mong cầu cát lái cũng sớm được thi công,0
vẫn còn phát thải khí nhà kính thì tương lai này sẽ không còn xa nữa.,0
họ bảo vệ loài vật nguy cấp này hiệu quả thật. từ qui mô 20.000 lên 70.000 con,0
"bọn việt cộng hầu hết nó khai lý lịch của nó xuất thân từ những gia đình thành phần là bần cố nông, mà bần cố nông thì đéo được học hành đến nơi đến chốn. hậu quả là bây giờ bọn việt cộng nó quản lý, điều hành đất nước như cái con c !",1
nguyễn trọng hiệp cá sấu mà phải há mồm chứ emoji emoji,0
đã nghe nhưng chắc khong hợp vs mk nên nghe có lần khong thấy gì nổi bật lắm,0
nhảm lon,1
tội nghiệp bé quá. chỉ vì thú vui của người lớn :(,0
thầy park trốn phỏng vấn đi gặp nữ y tá người nhật trợ tim rồi,0
"mày nhìn lại mày đi, đăng clip đell đc 5 like, à phải rồi, bởi vậy mới bươi móc kiếm đàn bà để bình luận kiểu ganh tỵ emoji emoji",1
phải treo cổ chúng nó lên thì may ra .....,1
trai hàn toàn bắt trước trai việt rồi lên sóng :)),0
tuần sau 16 team là hơi căng đó nha :( phải hard hơn nữa,0
cái gì chứ láo cá và lưu manh là vc rành rẻ hơn ai hết !,1
cái này từ năm 2013 rồi ad ơi. cái chính là năm 2016 này tụi nó làm những gì nè,0
dlv đâu rồi ? cháu ngoan đâu rồi ? đảng viên đâu rồi ? bơi vào đây cãi nhau nào !,1
trump chỉ là một người đàn ông khong biết nhận sai trong sai lầm của mình,0
tôi không hiểu có những loại người sinh con để làm gì?,0
chẳng hiểu mày ăn mặc kiểu lồn gi,1
dit_me ông can!,1
tôi đã thấy chó cs trên đất dân.,1
mình đanh vĩnh biệt cao lôn đi anh,1
bùi trường khong có sách phép thì sao thành công đc :)),0
nơi nguy hiểm nhất của các chị em là đất nước ấn độ,0
loài cua này cũng biết cách sắp xếp thứ tự gớm nhỉ,0
càng nói càng ngu.. học bk nhìu qa đâm ra bị lú... cũng tội mà thôi cũng kệ,1
trend này về vn ra đường dơ lên cái lại thâm mắt emoji các idol bậy quá.,0
"trc đi học đại học , chả bjo mua cái này :)) vì khong bjo dùng",0
"cả cái thằng máu lồn ad nữa, dạo này cứ đăng mấy cái nhảm lồn, đ thích mua hộp cơm 200.000 thì vè nhà cắm con mẹ m cơm mà ăn, đi xăm xoi cái lồn ý à",1
bảo xuyên ơi nhìn em rưng rưng nước đái .hahaha,1
anh huanrose còn ăn mỳ tôm vs bụi tiên cơ mà :))))),0
khó hiểu!!!??? tại sao lại giao bé cho người mẹ đã từ chối con mình,0
from đồng nai with love :v chúc anh chị nghĩ lễ vv,0
cái thứ cần trữ mỗi người là cái này chứ khong phải đồ ăn,0
trần mẫn văn thac mac thong tu moi va giai dap :v,0
tao nói thiệt ... tao vẫn xem tin chúng bây hằng ngày và hằng giờ.. nhưng sau tin này .. tao éo xem nữa .. lũ óc chó,1
dương thái phước ba gà not ba chó,1
"barca có thể cùng bảng bayern, liverpool, juventus, psg, zenit hoặc porto. nếu tái ngộ.bayern ư??? ôi không...... tiếng thét thất kinh vọng lên từ đâu đó?",1
"nói chứ nó rẫy chết mà tại chưa thấy thôi , nó giấu đó , một thanh niên cuồng cộng cho biết :))",1
củ kỉ xấu xí để mầm chi,1
"toang , tội arsernal đã bị loại ở c2 nay còn bị cách ly",0
cô chuyển giới đúng năm con ra đời luôn á cô emoji emoji emoji,0
như lol thầy ơi,1
"có những thằng bắc cụ đang dùng cái óc toàn bắc của nó mà suy cho dân nam chúng tao. xin lỗi chứ,từ thời các chúa thì nam bắc đã khác nhau hoàn toàn, đừng đem cái xuất thân ra nhé. chúng tao là dân sg,và chúng tao là dân tộc thiểu số! hahaha.",1
trym to,1
"mới mua 1kg xong hàng tươi sống khong rõ là tq hay vn, dân buôn mà buôn bán toàn đánh tráo khái niệm.",1
thu thảo thế thì bọn bác sỹ này phải đi học lại...,0
toi đau bụng tr emoji emoji emoji emoji emoji emoji,0
bạn nói như phát tự vả vào mồm bạn vậy! tự chơi 1 mình đi chứ thế này đ ai dám chơi cùng,1
khách gửi gỉo trái cây về nước làm quà mà nở lòng nào nó bóc ra ăn,0
diệp bích ái nguyễn ái băng coi diệp nó láo cá nè băng emoji emoji emoji,0
":))) dân biết , dân làm , dân bàn , dân kiểm tra :))))))))",0
đúng ngay cái ngày chơi gặp bọn trẻ trâu phá game :v :v,0
"giá có được một bộ để hằng ngày đi làm, không còn lo gì cảnh kẹt xe nữa.",0
cô ấy ngồi gần khánh chị bị dìm hàng nha cô ấy như bông hoa tươi,0
nát cmnr,1
khong biết thế nào mà con mẹc giống của khong-icm qá emoji,0
"tôi vẫn chưa hiểu, tại sao saigon, một thành phố ngụy đói khổ, bị bọn mỹ ngụy đàn áp, bóc lột, cần chế độ cs ta giải phóng, cứu đói, mà lại nộp ngân sách nhiều thế ! (bằng 55 tỉnh thành khác).",1
thuê 10 triệu 1 năm mở dịch vụ câu 100 ngàn 1 ngày. có cơ lắm mới thuê được.,0
mãi sống phần con mà bỏ đi phần người.còn ác nghiệp nào bằng.,1
"cũng cảnh tốc váy nhưng mang tính cách thiên thần, quyến rũ. cũng cảnh quay này nếu ở điện ảnh mì ăn liền ở ta đóng thì nó dung tục, câu khách.",1
ăn mặc như cái đb:)),1
cc j zay :)),1
trần lệ diễm fan của kp giờ đã lập gia đình hết rồi,0
cố tỏ ra là mình ổn nhưng sâu bên trong nước mắt là biển rộng : (,0
gớm xuống top2 có 1 hôm mà unti cno gáy kinh quá tộc trưởng ak emoji,0
vai dấu bé ba :),1
hết kêu gọi rồi lại nhắn tin :) dây kinh nghiệm đâu roi. xin mời thủ tướng cứ rút thoải mái,1
xin phép moi người cho toi chũi con chó 1 cái :v,1
vlòn.,1
quản lý chặt không cho nhập cảnh trái phép là sẽ không có bệnh à,0
không liên quan nhưng cho mình hỏi tiếc ziên nghĩa là gì thế?? nghe vui vui,0
nguyễn minh thu chếtluondi,1
toang thật nhỉ,1
a lân xem quyền tổ mà mặt đần thối thế là thế nào?,0
djtme nghe có vẻ hợp lí càng nghe ... càng hợp lý :d,0
có ý thức chút coi người nước ngoài mà hành xử không văn minh gì cả,0
fadil nha bạn . xe cứng cáp và nhiều trang bị an toàn,0
một phút bóc đồng bằng cả đời bóc cức emoji,1
bạn muốn biết sam hay so thì hãy thử trc khi ăn nhá,0
võ thị quỳnh kk. kệ lun. chẵng lẽ cả đời khong dài ra tóc đen emoji emoji,0
emoji tôi lại ngỡ là do việt tân chạy chiếc xe đó đó chớ,1
qua đấy đừng dạng háng chờ team gánh nha abe dấu bé 3,0
khoá việt-tiệp đây ạ .khắc việt khoá mõm khắc tiệp mại dô mại dô emoji emoji emoji,1
nó dễ dãi với mình không có nghĩa nó không dễ dãi với thằng khác :),0
cũng được đấy chứ a độ ộ ộ ộ ộ ộ.... emoji emoji emoji,0
sắp tự kỉ vì quá mệt mỏi thì gặp ngay quả ảnh đéo đỡ nổi emoji,1
hôm qua xét nghiệm ra âm tính rồi hôm nay mới thấy đăng bài?,0
phạm hương người ta gọi là đi trước thời đại đấy bạn ạ,0
khong ghi trang mixi lại tưởng e nào khác emoji emoji emoji,0
cảm ơn em da dạy dỗ con linh khùng.,1
adiđà phật chia buồn cùng gia đình bác sĩ và nhân dân trung hoa,0
hoang mang emoji,1
chị ba ơi chị thiệt là đẹp gái. mà chị có hai cái hòn dái.,1
nguyệt quế ngày nào chị cũng sắm đồ tết hết em :)),0
tuổi trẻ chưa trải sự đời... emoji ...phong cách quần què j v... emoji,1
"hội bảo vệ trẻ em - phụ nữ tiêu tốn ngân sách 1 năm bao nhiêu tỷ, có làm được trò gì không ? bao nhiêu trẻ em bị bạo hành, lạm dụng , phụ nữ bị hành hạ đéll bao giờ thấy hội thối đấy ra mặt bảo vệ",1
tây nó tưởng điên trốn trại,1
anh là một tiền vệ tài hoa và điềm đạm. những đường chuyền như thêu hoa dệt gấm,0
xuan huynh bình thuận nè c ơi. nói bame c cẩn thận emoji,0
"giàu vãi nồi, vừa giàu vừa có ý thức nè minh thúy",0
khắc tịp thỳ phải gặp khắc việt emoji emoji emoji,0
chào mừng các cháu đã đến với stream của ông độ :3,0
chính phủ nidalee vãi khoa nay đã lớn,1
trần thanh hà hậu hoàng là ai hả b emoji emoji emoji,0
dâm l,1
kiều an đợi bài đom đóm ý bài đấy lyrics có vẻ hay,0
chắc hít dạ hương xong lú cmnr,1
trong the transporter thì xe này chuyên chở tội phạm đi đánh quả nè !,0
nói bé bé thôi khong chúng nó bảo phản động bây giờ,0
gi vay ba.cung nho no di an cap do ba moi co sai do ba hieu oi.kk chua thay ai khung nhu ba vay.,1
đánh chết mẹ thằng này đi,1
muốn xem nhiều hơn. mà tiết quá. chị kể ít quá hà.,0
"đám này cho đi dài hạn,chứ để nó ra tù sớm cũng chỉ trộm với cướp",1
mày xấu như quỷ,1
ai bt cách khắc phục lỗi mạng khong chứ 4g wifi cũng đứng quài,0
an noi chuyen do van hoa vay ma than tuong,1
trẻ trâu,1
có rất nhiều gương rồi nhưng chúng chưa được soi!,0
tau khửa ghét kpop lại còn nhãy trc mặt bác mao như z là bôi nhọ chính quyền xử ngay :v,1
câm mồm khong thằng ml này,1
ủa rồi nhiều tiền để mang dịch về hay gì,1
nguyễn đăng dự rảnh thế ib hỏi từng thằng đi? lên đây ăn vạ gì thế?,0
chống dịch vừa ổn 1 tí bây giờ phải lo chống bão. ôi đà nẵng quê tôi!,0
nhưng cái thứ dóc láo dù đem cả gia tài ( khong bk có hay là sạo ) cũng méo có ai chứng đức cko đâu,1
noul ơi...xin tha cho dân tôi...giảm sức mạnh đi em noul ơi!!!,0
ước mơ của mình là được ngắm cực quang một lần trong đời.,0
dlv bữa nay hoạt động về mặt kinh tế nữa à. hay đi nhầm bài?,1
1 tỷ khong bằng miếng vải chùi lol mà lại giựt 100 mấy triệu của minh hiếu emoji,1
chó robot thì 1000 năm nữa cũng khong bằng đc chó nhà.,0
ôi tiền nhiều quá! chia nhau rung đùi ngồi đếm còn gì sướng hơn :d,0
phiếu đại cử tri mới quan trọng chứ phiếu phổ thông nhiều hơn chẳng làm gì cả,0
bọn này là quỹ dữ đội lốt người.,1
"cường nguyễn chuẩn, nghe khong để lại ấn tượng gì :)))",0
cu dan doi kho. ma tai sao con an chan tien cua dan ngheo vay troi,1
não chó,1
"ăn sam lúc nào cũng phải ăn cả đôi đực - cái, nếu ăn con so sẽ bị ngộ độc :)",0
"làm sao để các em xem việc học là sự đam mê, thấy vì áp lực và hình thức",0
không biết làm sao như thế nào mà hệ thống thoát nước của bệnh viện lại tệ hại như thế này?,1
bú l ngọc trinh sẽ tinh,1
con người thật có sức tưởng tượng khủng khiếp .. thấy có giống gì đâu .,0
mọi thứ ngày càng đầy. chỉ có thanh xuân ngày càng vơi bớt...,0
"nhiều thằng kêu hư cấu hay chửi ad thì hãy nghe đâu: chuyện mất đồ ở sân bay khong phải 1 lần mà cả trăm lần rồi, chắc lũ chúng mày tai điếc mắt mù mới đéo biết :))",1
"vì đâu mà họ phải làm thế, con giun xéo lắm cũng quằn ,",0
thưa nhà tiên tri cho biết khi nào việt nam sẽ xóa sổ trung quốc vậy?,1
nhìn khó chịu vch.,1
"dăm ba game nhảy nhảy, thế anh còn làm người khong :v",0
ơ cái đ ịt đang ngủ mê bị mẹ chửi bỗng zưng fb tn kêu mở za xem thấy cái page chửi thuê đọc vài tí nghe vui tai vãi lìu tóm lại là a xẽ đưa thắm zô idol,1
"con tôi năm nay học lớp 1, sáng đi học tôi phải vác ba lô giúp con vì quá nặng. đấy là cô giáo lớ con tôi còn cho để bớt sách không phải học ở nhà trên trường rồi đấy.",1
"lào hỗn, dám cấu kết với giặc ngoại xâm chống lại anh hai tung cuốc àh",0
"hệ lụy là người dân phải đi đính chính sổ hộ khẩu, sổ đỏ.",0
"ông trần dần chẳng biết là phản động hay chỉ tấu hài nữa, nếu là phản động thì ổng là phản động ngáo nhất trên đời",1
sao trên trời này lại còn tồn tại những loại cầm thú như hai chị em nhà này nhở. đời thuở nhà ai cậu ruột em trai của mẹ lại đi giao cấu quan hệ với cháu ruột của mình. thật khong bằng loài cầm thú .,1
thằng cha tập qua đây dân mìh nó xem như choá :))))),1
nguyễn hương giang đúng thật bọn nước ngoài quá ngây thơ khong bt j hết,1
ghẹo nó chi để nó chửi trời,1
bọn cặn bả xã hội,1
thằng thua phải chịu án phí chứ nhỉ? hay mình xem film nhiều nên nghĩ vậy?,0
bật loa tiếng hổ gầm vài hôm xem có chạy khôngđảm bảo không còn 1 mống,0
với những người chuyên trộm chó này phải sử thật nặng.,0
vào phòng kín cho đấm lại là huề :v chứ rùm ben kiểu này xấu mặt nội bộ hết :v,0
vậy là tot sẽ có cup c1 ... suy từ 1 số fan xấu tính của messi là vậy !,0
chỉ là chiêu trò bia kèm lạc của các đại lý,1
"không nên nghe từ đàn bà ,và càng không nên tin những gì phụ nữ nói",1
"to su ong can, deu co ong can nao tot. ong can tot chi thay trog phim. sao khong co ng nao di cung chu",1
vừa xem phim xong quay ra thấy idol đăng ảnh mà muốn đập mẹ cái tivi emoji,0
"thực dân pháp rất ác đè đầu cởi cổ thu trăm thư thuế, bây giờ dân tự nguyện đóng nghìn thứ thuế",1
con qui cai chuyen di lua gat... may gat chi minh hieu ... sao lon,1
không có niu vui tđn được emoji có ai cô đơn không ?,0
phú không tên emoji đôn lên sf rep cho dễ bán hả haha,0
bà này người ở bề trên hả gì á... toàn nói chuyện kiểu người khuất mặt khuất mài khong... chắc ở bên trại tâm thần xuất trại...,1
ai noi gi ke chị kim bị liệu giống mẹ mình rat vui,0
"chúc anh em năm mới vui vẻ, an khang thịnh vượng.",0
mầy lên mạng xã hội mà mầy vỗ lồn con nầy quá trời sao khong ai dám làm gì nó hết dậy trời tức muốn ói máu,1
cởi bố ra cho rồi ngứa mắt á emoji,1
bài này như lồn,1
tộc trưởng chuẩn bị làm quả refund gắn kết yêu thương cho ae rồi đấy,0
ngta đẹp và bán hàng có tiếng lâu năm .và đẹp hơn mặt chó,0
nó lại dễ vailon,1
thôi nhà có rồi nên nhường cơ hội may mắn này cho bạn khác nhé,0
chắc chắn là không nên rồi. vì không có điện thoại thì học sinh vẫn học tốt mà.,0
thật hay với câu chốt cuối cùng của bài viết. nghệ sĩ nào cũng sản xuất nước hoa vì nó quá dễ để ra sản phẩm và sau đó dùng tên tuổi của mình để bán cho những người chỉ quan tâm đến thần tượng mà bỏ quên chất lượng sản phẩm.,1
"giọng anh chỉ hát tốt nhạc hoa thôi, kỹ thuật dù tốt cách mấy nhueng chất giọng không hợp thì hát không ra được cái hồn của bài hát... phong cách giống kiểu hà anh tuấn nhưng hoàn toàn chỉ gây ức chế... không hợp xíu nào.... mình là fan anh bo cả 1 thập kỹ.",1
mày lại ngu nữa!!! mày bị nhồi sọ đến mức không thể biết đâu là biển đâu là bờ à!? tội cho m quá,1
đkm dơ vc,1
bạn chả có máu hóa văn lon j cã,1
"chúc mừng anh nhé, chúc bố con anh những lời chúc tốt đẹp và nhiều may mắn...",0
tuyển thủ trong team chuyên nghiệp mang pubg vn ra thế giới này :)),0
"ad nói đúng,còn những thằng phản bác ở đây toàn là lũ vô học nói làm đéo gì",1
thủ môn quá hay !!! leno quá đỉnh ? asenal có viên ngọc quý ...,0
the nay thi bao gio viet nam moi ngoc dau len dc...,0
"tôi còn quá nhiều thứ để phải lo nghĩ , nhưng lại muốn chăm sóc em..",0
"vios ngon hơn hẳn. nhưng đi phố thì số sàn vất vả, lấy số tự động đi cho nhàn.",0
cái việc này làm cho moi_nguoi bị tối cổ quá nhanh quá nguy hiểm emoji,0
các bạn cuba thật xứng đáng với sự cống hiến của họ.,0
vãi lộc,1
qúa thương tâm! xin chia buồn cùng 2 gia đình các cháu.,0
thay đổi như thế này chất lượng chắc cũng khong tốt hơn. mà khong tốt hơn thì như cũ cho khoẻ,1
5 năm tù vẫn là còn nhẹ.,1
bác sỹ cấp rất xứng đáng với danh hiệu công dân ưu tứ thủ đô,0
má. tục vai,1
dễ thôi. hôm bữa tôi còn làm được món trứng chiên đen kìa,0
mình hiểu nè mới biết you vì con sic sanh nay ai ai,0
không biết qui đổi ra thang điểm 1.200 như thế nào?,0
"trong một diễn biến ,chúng ta lại bị chửi rồi emoji",0
1 nhân vật hải ngoại mà tôi yêu thích nhất chúc ông trần dần mạnh khoẻ nhé,0
"quả thận nay đã phình to .nhìn không thấy sport sang như các đối thủ nữa rồi: porche, maserai, mer amg..",1
xử khung hình nặng nhất ngay và luôn cho 2 kẻ khốn nạn này,1
mày nên nhớ là nguời trong nam ngoài bắc cỡ 70 triêu nguời mày chờ chết là vừa,1
"nên lập lại trật tự và dẹp hàng rong đi, phố đi bộ gì mà lộn xộn nhìn mà ngán ngẩm",1
vô liêm sỉ. dối trá. tàn độc mà đòi chổ tựa của văn minh sao? tìm lại các câu nói của đảng viên coi..,1
"bé nhà tôi tuy mới 1 tuổi, nhưng nghĩ đến sau này cháu vào lớp 1 mà lo. vì tôi không có dự định cho cháu đi học thêm trước như mọi người mà sẽ bắt đầu học đọc, học viết khi vào lớp 1.",1
"tư duy rất nhân văn, mình cũng nuôi mèo, yêu mèo lắm.",0
mình nói thật là bài này như lồn,1
yêu nhau bao lâu không quan trọng. quan trọng yêu nhau là phải thật lòng,0
qua tường em lựa váy xinh mặc tết c e oii emoji emoji_love,0
trần công luận đúng .phai phat tù vi gay bao nhieu nguoi ..tot nhat tử hih,1
"giờ sao ai cũng đc đề cử giải này nhỉ, hết trump rồi đến putin giờ đến biden.",1
"tội nghiệp con nhỏ, khùng lâu năm",1
lũlên mạng lừa đão,1
mọi người nên tập trung thưởng thức bóng đá thôi.,0
"buồn quá. mong tụi con sớm siêu thoát, mong gia đình các con sớm nguôi ngoai.",0
đm quả sì tai khiến chị em rụng trứng emoji emoji,0
"cảm ơn tất cả các bạn , chúng tôi vô cùng biết ơn và yêu mến các bạn :vn:",0
veccine là giải pháp tốt. để thế giới được yên bình như xưa.,0
quá khâm phục tài năng huấn luyện của những người dạy chuột !,0
xộn lào quá hà :))) 1 chai bán 1tr giảm còn 300k hai chai :v hàng giả chính hãng nha cả nhà :v,1
"khổ quá đi nè, nói được làm được nga chị ba, mà chất chị ba ở gần kho đạn",0
quỷ dữ,1
sang vũ hán mà ở cho đợ ngột ngạt emoji,1
haizz 523i à dit_me toi lại có 530i nó mới đau hicc khong giúp ông đc rồi,0
kiep sau may con dy bong nay luoi phai thuc vo cua minh moi vua bung tao da la bong ma toi ngay chui nhau xem ma ghet ghe do bong khung lon nhan xet chinh xac,1
"lên nhanh quá, không phân biệt nổi số nào là của ai, chỉ nhớ mỗi số 17.",0
huy tien dit_me,1
mặt hơi xấu,1
tộc trưởng có tố chất quảng cáo đấy vét donate cũng thượng thừa nữa emoji,0
yêu cô mh lắm luôn emoji i love you chu cà mo :)) emoji_love,0
thằng nào khong bầu chọn thầy bắn cm hết,1
"dài 6m cao 2m,nó sẽ là chiếc suv to lớn nhất thế giới",0
có người bên trong mà bê hộp quà như bê cái kẹo vậy,0
thât mến mộ minh hiếu ghê luôn.đây mới gọi là ng mtây thât thà chất phát,0
ăn hôi 1 quả pen. cười nhẹ một cái.,1
"đừg đùa mấy cha ca mập mập :)), cỡ mấy thằg óc chó lập page này thì nó đập cho bố mẹ nhận khong ra nhé",1
"toi khong cần biết fomolsa làm cái quần què gì, toi khong cần biết thằng nào làm cái gì ? trước mắt là phải khắc phục hậu quả, số cá chết nhiễm độc giải quyết làm sao ? ngư dân vùng biển chết làm cái nồi gì sống ? người dân sống trong vùng này sinh hoạt, ă",1
cảm ơn nhóm. xúc động quá. mong con được bình an như tên của con nhé,0
cuối cùng đ c trần dần đã giác ngộ lý tượng cách mạng,0
ai mà kêu con sam khong có gì ăn thì chắc chưa ăn bao giờ ))),0
"nếu ai, hoặc cộng đồng nào giúp tiêu diệt được luôn các chế độ cộng sản còn sót lại trên thế giới, đặc biệt là tại tq và vn, thì nên trao tặng họ giải nobel hòa bình và giải nobel y học. giải nobel hòa bình vì công lao tiêu diệt chủ nghĩa bạo lưc cộng",1
góc nhìn thứ nhất của nhân vật độ )) trong game giữ con khi vợ vắng nhà emoji,0
thực sự bạn này có nhiều điều kiện chứ giờ nhiều bạn phải giỏi cả tiếng anh lẫn chuyên ngành khác mới có chỗ đứng.bạn theo con đường này thì việc giỏi nó là điều tất yếu.,1
bố đéo gánh )) kệ con mẹ chúng m )),1
"nói gì thì nói chớ , toi đang bị cách ly ở đà nẵng emoji emoji",0
"học ở trường thầy, cô giáo dạy hay lắm yêu tổ quốc, yêu đồng bào yêu hcm mà không thấy dạy là phải yêu bản thân, gia đình ba, mẹ yêu chi những cái xa xôi chết mẹ còn nhỏ biết con mẹ gì cứ nhồi yêu nước, yêu hcm ? sao không yêu những thứ gần gũi với mình ?",1
đậu xanh rau má thằng dlv nào vào đỡ dùm cái chủ đề này cái :v ? giải thích sao định hướng xhcn mà lỗ nhiều vậy ?,1
các thánh cuồng trump vào biện hộ cái đi nào :),1
anh ơi bao giờ anh stream trên youtube thế :(( huhu,0
men rượu vào rồi thì sao khong nóng nảy. 2 bên nặng lời là lao vào nhau ngay,0
rất cảm ơn lực lương chống tội phạm ma tuý đã ngăn chặn được tội ác nhưng tôi nghĩ các anh cần thận trọng hơn với bọn ác quỷ vì chúng sẵn sàng liều mạng,1
bác đam và toàn dân việt nam ta cùng nhau cố gắng chống đại dịch bệnh này,0
do con di nug lon,1
"cs trông như là nguyên mẫu của búp bê barbie cổ điển ý, đẹp thật.",0
noi chuyen tao lai nguoi ta hoi ong mot duong ong tra loi mot neo tao lao,1
nghe ông này nói huề cả làng. chuyện đã rồi khong ! khong có câu nào khẳng định,0
cho con e 1 lần lên top đi ạ. khong biết học đâu cái điệu này,0
haiz! vậy mà vẫn có mấy thằng ngu tin đảng! :)),1
ditme tối nay ao làng anh ơi,1
đầu thai nhầm kiếp người,1
trần thị thu hương thúy nga phùng đã bảo trịnh đình quang thật mà khong tin,0
"đ c l c m m... mày ngu vừa thôi,dành ít ngu cho con khác để bọn tao còn kiếm chác chứ... emoji emoji emoji",1
địt mẹ thằng vẹo,1
văn hoá máu lồn huh? )) mất dậy nhưng có che đậy gì đâu :)) like,1
tiên tri gi gọi là tri thần kinh,1
hồi đấy thấy khánh phương đẹp trai nhất trong nhạc trẻ,0
tuyệt đối không được kì thị với dân tộc tq anh em nhé,0
"hoàng trần kỳ duyên tức ghê, lần nào cũng êm xuôi, bữa xui bị phát hiện ;))))",0
cmm dụng tới cô minh hiếu tao kéo ae tao đập chết mẹ mài đó,1
đọc bình luận của mấy bác r7 vs m10 thấy tấu hài :)),0
"ngày xưa nhịn ăn sáng, không quà vặt chỉ vì muốn để đủ tiền mua truyện",0
"với tất cả chúng ta, trump luôn là người đầy bất ngờ! mong ông sớm bình phục!",0
lại thế cường rẻ tiền,1
chả biết hát cg chứ t chỉ đợi anh t ra comeback thôi!!,0
1 vote cho bayern munich lên ngôi siêu cúp châu âu 2020.,0
minh hồng nguyễn có vẻ mình ngược lại thì phải á c emoji emoji,0
ngoài đi quay quảng cáo ra anh tôi còn đóng phim nha moi_nguoi :v,0
ông trần dần khi nào về việt nam nhớ rủ như quỳnh đi cùng cho rực rỡ,0
đó là biểu hiện xl mà những thằng xl y như v sẽ có kết cục ntn đây emoji,1
cái môi của bad này khong biết dùng từ nào để tả. chỉnh sửa nhìn ghê vai,1
bh nó làm quả múa quạt của cậu bảnh thì còn vai nữa,1
đúng là côn đồ! giờ ra đường e chỉ biết câm nín dạ vâng! các chú giờ ghê lắm.,1
nguyễn thanh tín thằng đàn bà mồm dính cut à )),1
"bắt đầu ngày đầu tuần bằng không ca lây nhiễm, chúc mừng tổ quốc ta...",0
"toyota wigo, nhỏ gọn, tiết kiệm xăng và không có gì để hỏng.",0
chị ở xa quá.. không thôi chị nhìn tận tường em xinh đẹp gái..,0
hy vọng lại được thấy những cú bứt tốc siêu đẳng của e như năm nào!,0
con này rễ bị chặt đầu và tứ chi quá.đất đó t thấy nhiều đứa khùng con này khong ngoại lệ,1
việt an dùng vào lúc nào nó cũng thẳng đứng như bút chứ )),0
"dạ phốt tập đoàn c group điện thoại đây ạ , giờ chuyển sang bán áo vest",0
dân có phải toàn đầu bó đâu . mà đcm lấy cái lý do thuỷ triều đỏ ra loè nhau,1
may cho đi súng không nổ . chứ súng nổ vẫn kịp chạy trốn .,0
cave mãi là cave thôi,1
tôi khong tin mu muốn mua fati 170tr,1
kk con này bị cô ba vàng mã đào hết mớ rồi kk.bị sập bẫy của bà tam cung chén mũ rồi kk,1
"là bố có con gái cũng 6 tuổi mà đến mắng nó còn không giám. không biết tên bố này có còn tính người, còn tình phụ tử nữa khong.",1
"có chữ để đọc mà còn không mang ơn ,,,đúng là lũ khốn nạn ,,,,đề nghị đổi chử của thằng giáo sư đầu bùi cho dễ sữ dụng,,,,,,,đã vậy còn tôn thờ hai thằng mũi lõ mắt xanh gây đau khổ cho bao dân tộc trên thế giới,,,,",1
lúc đầu nhìn tinh đâu cô nay la con gai thật khong hoàn hảo khong nhận ra,0
"1 ngày mà 1 trường có 26 em sốt, ho do bệnh khác ?",0
"nỗi lòng của mấy đứa hay ỉ4 dạo, cần lắm những tấm lòng có ý thức emoji",0
ở 1 diễn biến khác ngân 98 đã tránh dịch thành công,0
nó dạy thế này đây.người e yêu thương khong phải bố cũng chẳng phải mẹ.mà là chú bộ đội. ngu mà làm đc tổng thống mỹ thì ai cũng muốn ngu,1
nguyễn quốc an thầy ba stress mấy giờ z tụi xem vs,0
anh quynh cute :)))) nhìn kiểu tóc em này lại nhớ anh kia,0
hùng với tư nha khoẻ không??? má ơi chửi như đúng rồi emoji,0
tôi nhận ra khi ông iphone là fan cưng của tộc trưởng,0
xe bồn chạy kiểu nầy hết ý luôn. thôi tôi ở nhà cho lành.,0
tien loc truong l ấy bạn,1
trại thương điên sẽ mang cho bạn mọi điều mong muốn,1
bị ngu à,1
vậy là 2 mạng người chỉ đáng 30 tháng tù thôi mọi người ạ. cảm thấy hơi sai sai. haizz.,1
thủy tiên nhưng ở siêu thị có bán đâu emoji emoji emoji,0
"bài nào cũng điệu nhạc như vậy, chả có gì mởi mẻ :v",0
cc thầy eie,1
bài này vocal phải to thêm tý. lời cũng ok mà hát nghe bé quá!,0
su ri phải hiểu ý thâm sâu của ổng mới thấy ổng có tâm :))),0
ra chỗ trc t học là đc mà m :)) a ấy cắt đẹp mà rẻ nữa :)),0
như thằng điên,1
"khúc ruột ngàn dặm :)), rồi mấy anh chị thành viên trong cái hội ấy đưa con cháu, gia đình dòng họ qua ở chung với cái tụi đu càng thế mới vui :))",1
phạm hồng minh anh chỉ có giấy hộ nghèo thôi có cần phải xuất trình khong,0
mất mát lớn lao cho các gia đình với 1 lý do rất lãng xẹt,1
mình mạnh dạn dự đoán là jack thích các bạn nữ xinh gái nha emoji_love,0
"nhìn mặt thấy gian rồi, đã vậy còn lôi kéo con nít vào nữa",1
"pha kiến tạo cho roberto mới thấy dc điều mà các cules hay nói, kiến tạo 3 băng",0
hồi bé hay chs mà h bọn hàn ms đú theo emoji emoji,0
thuy beeli lúc moi_nguoi chửi cho xong lại xin lỗi ấy...chán đếch buồn nói,0
có ai nghe nhạc cả rap thấy ná ná giống bình gold khong ạ?,0
chúng ta thấy cây cối lợi ích biết bao nhiêu. hãy trồng và bảo vệ cây xanh.,0
"thiên thời, địa lợi, nhân hòa dường như đều đang chống lại barca",0
bạn cứ tránh xe hàn ra là được rùi hổng còn phải lăn tăn.,0
"gầy lâu năm, gầy kinh niên, ăn ngủ kém, cơ địa khó tăng_cân. ib m tư vấn, 100",0
corona ăn mất cái ý thức của chị rồi hả chị ơi :),1
anh độ đã có công lớn trong việc giúp nông dân cày đất cho tơi lên bằng ak :)),0
bên ngoài hiền lành ngoan ngoãn bên trong đầy tiền :)))),0
"hằng hồ,mỹ yến,nguyen pham gv áp dụng ngay và lun",0
nói bậy tượng hay,1
"sang đó ráng nói tiếng anh cho chuẩn nha thầy, đừng như ai đó emoji emoji",0
"nhìn lướt qua thì trông chất vai, nhìn kỹ lại thì trông như cái đb ý",1
này là đế quốc quẫy muốn chết chứ ở đó rẫy chết :)),1
bon comcom đơn vị tác chiến điện tử vs nhật ký yêu nước dit_me chúng mày vào mà đọc. tưởng ai cũng như chúng mày hết đấy,1
ace nào mún có đầu tóc ưng ý chơi tết thì cứ lh em nha,0
"bé hoan banana tự nhiên kêu nó câm , m có vấn đề về thần kinh khong",1
cái cuộc chiến nồi da nấu thịt thì tự hào rồi nhồi nhét bao thế hệ. còn cái bọn trung cộng nó xua cả triệu quân xuống tàn sát đồng bào thì mấy dòng qua loa.,1
cả ngàn đại biểu qh qua 6 năm vẫn không thông nổi cái luật biểu tình dù nó có sờ sờ trong hiến pháp 2013 ! trong khi đó lại vung tiền làm trò mèo hù doạ nhân dân !,1
trẻ trâu đại chiến,1
toi cười kh ra tiếng mà chảy nước mắt luônn emoji,0
cô trần thị nga bị nhà cầm tiền việt nam bắt tù đày chỉ có một tội duy nhất đó là....!,1
nguyễn thế vinh m chờ hết dịch chắc sang năm chạy grap,0
"éc, khong cần tiêm hockmon mà cũng nữ tính vậy luôn.",0
đơm chết mẹ nó liền :)),1
ông này là ai vậy moi_nguoi?? chờii má kbt gì luôn ))),0
cai mieng noi ra hai chu tu bi ma noi nang vo duc wa.,0
"8000 like đó là phần nhỏ trong số hàng tỷ người dùng fb của tàu , suy ra số lượng óc chó của nó khong đáng kể :v",1
tao báo dlv emoji emoji emoji,1
minh anh lúc đầu đọc tên tưởng kiên lớp mình. emoji,0
lũ khốn nạn. rút sạch sương máu dân,1
đợi đồng chí sống sót mở họp báo và nói thật lòng đống ý ấy cái đã,0
"thế là tự các ông suy ra chữ thiên đường, tự nhét chữ vào mồm chứ đảng khong nói đúng khong",1
cô ơi cô có dòng họ vs hồ xuân hương không cô:)) cô nói gì 1 tỉ không bằng vải chùi âm đạo của cô hả emoji vậy trước tiên thì cô thay lại cái áo của mình đi nghe cô emoji dù sang cở nào thì cái áo là nó làm mất hình tượng hết đó cô ơi emoji ...,1
"chúc ngài nhanh chong hồi phục, trở lại nhà trắng sớm .",0
"mãnh thú nô đùa , đúng là gia môn bất hạnh - gia chủ bất lực",0
"cái cap hơi gây war đó nha!vậy toi nói chương trình mấy người này nọ mấy người chịu không?nói gì thì suy nghĩ vào,xin lỗi chứ chương trình có duyên mà cmt đ có duyên thì dẹp hay im m mồm cho xong!thân!!",1
"trong khi cấp trên thì luôn luôn nói là chương trình không nặng. chẳng lẽ nhà trường và giáo viên đang dạy sai chương trình của bộ. mình đang có con học lớp 1, muốn khóc luôn vì chương trình. 3 tuần 3 bài thi: 1 bài tìm hiểu đan mạch, 1 bài vẽ ô tô mơ ước,",1
thêm cái gì mà thêm. t đếch thèm qt đến vì chưa có thông báo nghĩ học emoji,1
xink vy trung thu mình mặn như này chắc vui lắm )),0
trên thế giới này không ai tấu hài qua tiên tri trần dần. hi hi hi,0
"thực sự là anh đã hết thời, tuổi nghề như vậy đã là đủ với mr. đàm.",1
lz ma no do )),1
cô nc duyên dáng ghê . thích cô qá hà . ai lớp du chu cờ mo emoji,0
khốn nạn,1
mặt tùng sói trông bựa chảy vai kk kiểu hnay t đứa ông già đi pay emoji emoji,0
bây giờ là gần 11h! 40 40 80 phút thì sẽ là 11h80 :))),0
nếu xâm nhập nhưng kô lấy cấp thì kô nặng đâu nhé !,0
lon roi an noi mat dai,1
"cuộc sống mà , ae ủng hộ album quảng cáo của thầy t nhe",0
nếu anh quang còn tồn tại thì rep cmt e dc khong ???,0
trứng để qua đêm là khong tốt cho trẻ con đâu. khổ thân các con quá,0
may chu di củ toc giong giống của mày mới vừa lòng dân,0
nhìn như con bóng lải cái emoji,1
cái thớt idol live này đăng tin toàn để chúng chửi : )),1
đang lúc dầu sôi lửa bỏng bay kiếm clmn hay gì á rồi đem bênh về đây cho nhà nước nuôi tốn cơm tốn gạo,1
"người ăn không hết, kẻ lần chẳng ra.",1
chị ba vàng ngọc có cây đinh mọc giữa dái :)),1
"dit_me fb 1tr fl mà cũng cho bay màu dc,giỏi đấy",1
"theo tôi hiện nay hơi sớm để đầu tư đất, bạn nên chờ vào cuối năm nay.",0
má nó đau tim vai các ông ạ,1
quần què là có thật à. :)))),1
hat sở trường của mình thôi. càng thể hiện càng thấy tệ.,1
giờ này chắc con mụ này nhục lắm đây.,1
bố lạy mày nhung ơi là nhung,1
thứ 6 ngày 13 đi chơi trung thu vui vẻ nha cả nhà,0
chẳng qua là ghen tị với người có tiền! hèn bỏ mẹ chứ có sang lên được tý nào đâu mà chê! người ta sai thì hãy mở mồm!,1
cô bé chịu xách mới yêu chứ. đúng là điệu không đợi tuổi. cưng quá hà,0
nguồn gốc là đứa con gái chọn nhầm người.,1
lỡ rồi múc luôn đi. mấy ảnh về lấy tiền của dân mua lại,1
ghét nhất bọn nhà báo giật tít.,1
nói đạo lý thì phải nhắc đến anh huấn với a khá trước nhé,0
trần kiên trì thấy ng nc ngoài vô trỏng là khỏi bán khỏi tư vấn lun nha emoji,0
"hẳn là 80m2 còn làm anh ngột ngạt, anh tiệp chỉ cần 2m2 thôi :))",0
ý thức đéo bằng con ruồi,1
"về chuyện thằng trương cự, em xin phép được bổ sung như sau",0
thành phần thối nát,1
em đéo ra cao bằng gặp anh đc đcm,1
"nói thầy ngáo thì mấy đứa nó lại tự ái , híc",1
"ngay cả các chuyên gia y tế trong ban đặc trách phòng chống dịch của wh cũng nói mọi người nên tự cách ly hai tuần khi biết mình có tiếp xúc với người dương tính, dù mình vẫn đang xét nghiệm âm tính và không có triệu chứng.",1
dao chặt không đứt kk emoji emoji emoji emoji emoji emoji,0
cầu mong cho mu đừng gặp bayern khong lại bị hạ thảm hại rồi bị troll các bạn fan mu lại biến mất. lâu lắm rồi mới đc dự c1 mong cho các bạn mù u qua đc vòng bảng đỡ khổ thân.,1
"a tâm ở hiền gặp lành rồi, chúc gd anh tâm luôn bình an",0
"virus này bọn tầu sản xuất ra có tác dụng phụ kích thích ảo giác thì phải, thằng nào con nào bị cũng tìm cách đi du lịch",1
bố láo là chính sách phải tuân theo của các đảng viên đcs !,1
cái mặt con bò biểu cảm vãi haha.... đhs tự nhiên thèm thịt bò khô,1
"dùng được trong 2 năm là còn may, đéo biết nổi 2 tháng không",1
lịch sử : là những sự việc hiện thực được ghi chép lại,0
sao mỗi lần tiêm vắc xin cho con . tôi sợ ghê gớm,0
loại côn đồ này chắc phải nâng mức án cao nhất dành cho chúng ! xã hội không yên người dân lo sợ .,1
youtube của cô nha mấy đứa mấy đứa yêu cô ủng hộ cô nhé,0
ngô phương thúy bảo bạn thân chịu khó cách ly đi nhé :)),0
e nói chắc khong sai đâu phải khong thầyy emoji emoji,0
tao chỉ mong bóng đá thua mẹ luôn mấy trận đầu cho xong... đỡ tốn tiền thuế của bố emoji,1
nên trùng tu lại để du khách và con cháu đời sau tham quan,0
2ba là bede,1
dùng lời nói đàng hoàng chúc. nói chuyện không lựa lơi ai để 6 xem chi,0
"brad sinh năm 1963, còn jen sinh năm 1969, nhưng brad vẫn còn giữ được nét trẻ trung trong ánh mắt và nụ cười. jen thì hết trẻ rồi.",1
điểm sàn các trường công bố không nói lên được điều gì cả,0
dân streetwear nhìn phát biết phối đồ của thằng đằng sau đẹp vc luôn :))),0
nhiều người ủng hộ hơn mới quan trọng hơn nhiều tiền hơn nhé,0
ông ta thích sống ở những nơi mà mình có nhiều kỉ niệm,0
"chúc bác dần nhiều sức khoẻ nhé, việt nam muôn năm emoji emoji",0
muốn thầy giải hạn phải theo giá cả thị trường không được thiếu một xu nhá.,0
cả một lũ sâu bọ. chó chết,1
ôi đúng ngày sinh nhật tôi. món quà thật ý nghĩa của sài gòn thành phố tôi yêu,0
tết đến nơi cố cày cuốc để có tiền nhuộm nốt quả tóc này -)),0
dô con di mây ngon lâm ma,1
đéo ai bắt xem ??,1
xin lỗi! đọc về cô này lần đầu chứ không biết bảo thy là ai!,1
2 tầng 53 tỷ. vãi nhồn,1
nguyễn thị thảo : ))))) bạn từ từ hãng về dak mil nha bạn,0
"lạm dụng than tre. bánh mì đen không ngon, theo trend được vài bữa.",0
chào tất nhiên là tiên chi tất nhiên là dũ chụ tất nhiên là chần dần,0
nghe nói mấy bạn hàn có kit phát hiện virus trong 10 phút mà,0
muốn vả mấy cái mỏ của mấy đứa cực kì thuyết phục ghê :,0
ba hard cc :)),1
"ông nhật bản đi bar truyền nhiễm, ông hàn đi hiến máu :))))",0
tiệp có khả năng trở thành 1 người đàn ông hay ho,0
nổ như bom.,1
"ổng không nói bậy nói bạ ,ổng sống được với đám ba que à",0
"có éo gì đâu. đang đấu thầu kêu giờ thăng nào có 1tr usd đưa tao thì trúng. vậy là xong, thằng khựa đc báo trước rồi nên chuẩn bị luôn tiền mặt. :v",1
con này đúng là sạo lồn 9 phương củng khong chừa phương nào hết,1
"tôi không nhịn được cười, công nhận a lân hay thiệt .",0
thầy nhớ mang vinh quang về - nghệ sĩ hài hước clm,0
tôi bắt đầu yêu fati rồi đấy tuy rằng không ưa messi mấy,0
thôi anh im mẹ mồm đi.mặt như cc mà ý thức như bờ phẹc,1
lũ chó. pít là động chạm nhưng tao thjk chửi đấy..,1
ăn sam khi bụng đói cũng bị bủn rủn tay chân nha.,0
"rõ ràng là phi truyền thống, thay đổi cách nhìn nhận cho đa dạng vui cả nhà từ già đến trẻ",1
tối thầy stream đá phò đi thầy ơi,1
vai anh em nhà ông độ đông thế cơ à )) giống nhau y sì,1
ba người đi xe máy dừng chờ đèn thật phúc lớn. còn tên lái xe bồn coi mạng người như cỏ rác luồn lách để vượt đèn đỏ. cần xử lý hình sự trường hợp này. ra đường giờ sợ quá.,1
tôi hết sức quan ngại về chn này..dit_me..tôi ngày cứ quan ngại,1
26 năm nhu thuật nha ! không phải ăn rùa đâu . nhờ khổ luyện đấy,0
"ngoc quynh nhu nguyen nó góp ý thì có ngon vào thẳng facebook linda mà góp, đm góp trên đây cho cha mẹ nó đọc hả gì. thứ ngu mà đéo biết nhận xét",1
"sang page khác nói câu, bị cả đám hùa vào chửi cho ngay và luôn, haizz",0
danh cho banh cai lon luông con lin loc,1
"các công ty nước ngoài dời khỏi tq gần hết rồi, theo khảo sát của fan trump",1
vietnam còn nhiều gđ giàu hơn top 10 kia nhiều mà khong có trong ds,0
"hồi ăn gà của lotte bị bở và hôi sau ba lần, thì khong quay lại hãng này nữa",1
con bóng sa đéc,1
"anh quyền tốt hơn emoji vì vậy , chú 3 hãy cho petland về phú yên đi !",0
"các nhóm, đội,clb xe đạp này toàn là các a,các bác có đk cả đấy,họ có chút đam mê,có ý thức nâng cao sk và đa phần mua xe vài triệu tới cả chục triệu,trang bị như cua rơ chuyên nghiệp nhưng khi họ lưu thông trên đường thì quả thật....",1
khổ vai phải ăn mì ạ : ((,1
mấy thằng lờ bị nhồi não suốt ngày chỉ đi canh bợ đít cho đám cs đéo quan tâm tìm hiểu tin tức dc mẹ gì vẫn vào cmt như đúng rồi,1
33 người rồi sao trường mình chưa cho nghỉ học :((,0
mọi người cho mình hỏi hình này trong giáo án nào vậy mọi người ?,0
"dạo này thắng liên tục, dù không quen lắm nhưng mà vui quá",0
vẫn đéo hiểu 2 câu liên quan lol gì đến nhau,1
ca sĩ khong-icm đéo gì emoji ca sĩ câm,1
"đm. dn nào cũng đóng thuế cả nghìn tỉ. thế có nghĩa là dn nào cũng đc phép làm ăn bố láo à? mà tiền thuế đó ở đâu? cướp ra chắc. do người tiêu dùng, làm ăn sai thì tìm cách đẩy người tiêu dùng vào tù. :v",1
nguyễn hiếu quảng cáo quả chất vai bạn ạ emoji emoji,0
"nhìn cái mỏ nó kìa , già lớn rùi khong phải chửi lộn là hay ,",1
chúc kênh panda của thầy đạt được nhiều sub nha dấu bé ba,0
chạy báo pr ít thôi chị nhật lê ơi. thấy riết nhàm chán như tin vịt,0
"tấn khang liv hahaha, ý thức số 1 thế giới haha hihi hohoho",0
mong là ưu tiên cho các nhà thầu trong nước thi công.,0
ai như con nhung háng rộng kia :))),1
nhưng thứ thuộc về mình khong giữ cho chắc mất cũng phải chấp nhận,0
đọc tin mà thấy căm hờnmặt người dạ thú chẳng còn lương trisói lang chẳng chút từ bixuống tay tàn bạo khác chi hung thầnvừa tồi vừa ác vừa bầnkịch khung mà xử chẳng cần phải nươngđau lòng xin thắp nén hươngtiễn người về chốn thiên đường xa xăm.,1
đầu óc lão này có vấn đề kiểu gì ấy,1
trung đầu bùi,1
20 10 2. (8 2) 2 (8 2) (8 2 2)đúng trình m(8 2)một con số quá đẹp cho culer !,0
quà không quan trọng. e hi vọng một ngày nào đó sẽ được gặp a.,0
thể loại này mình chưa thấy ai thành công bằng sơn tùng,0
"cay thực sự, trời đẹp thế này mà đéo dám ra ngoài anh em ạ :(",0
dân gian người ta gọi là mặt dầy,1
"vậy mà có khối người vẫn gân cổ lên bảo dân mình có cần đóng đồng thuế nào đâu đó. thua cả bò, bò còn được cho ăn mới vắt sữa, này phải tự nai lưng ra kiếm ăn mà sữa vẫn bị vắt đều đều.",1
ai nhập mẻ dậy trời . hôm nay mới xem đồ bại hoại he....,0
"dieu anh do nhưng ông hàn không biết mình bị, còn ông nhật cố tình.",0
thiên đường của cs!,1
chẳng caption đụng chạm tới lòng tự trọng của thằng trộm vặt thớt ấy mà,1
chị làm đẹp thành công lắm . emoji emoji emoji emoji emoji,0
quá xấu hổ. đã nghèo dốt lại khệnh khạng,1
phươngg bìnhh đổi 25 mảnh hàng hiệu đc 750 tinh hoa kìa,0
sao mọi ng chê nhiều v em thì cày view từ qua tới h,0
"nếu điều chỉnh lại thì phải sửa đổi lại rất nhiều giấy tờ , hơi bị mệt đây",0
trong mắt các bạn ấy thì người nhật cũng nào chẳng hoàn mỹ,0
cho chúng đi 20 năm nhé chứ dạng này thả ra nguy hiểm lắm.,0
cspcc mới là đc nhuần nhuyễn chứ csgt chuyên môn mẹ gì mà đòi kĩ lăng dập lửa. tự chửi mình đi.,1
"ông im mẹ mồm đi,xl quen mồm",1
mong muốn các bạn chia sẻ xem ủng hộ đang kí rộng rãi,0
có nên tử hình những con người thiếu ý thức cộng đồng nv khong nhỉ. chả khác nào tuấn khỉ vs những kẻ sát nhân máu lạnh :((,1
"cứ chờ xem , chưa nói đc gì chứ ngày thu 10.000ty chứ ít méo đâu",0
chả hiểu đã báo có bão rồi cứ ra đường làm cái gì??,0
rank việt nam mà yasuo tt6 tt5 thì del phải người việt nam roi,1
mỗi lần train là ổng petland đi ăn ngập mồm mới về emoji,0
ai ăn nói bậy bạ cho ông trần dan bây giờ hãy stop dùng tiep tục nữa dat diều that là gian ác,1
"con số rất ấn tượng, chỉ mỗi tội bám các siêu sao bà xã",1
thành cương nghĩ ló chán đmm,1
"mình thấy anh độ nhắc tên mình , mình liền cmt nun",0
nơi chú có nắng nơi cháu thì khong :))) mùng 2 9 đón mưa bão chú ưi :))),0
ông im mẹ mồm đi. 2010 lần đầu tiên tôi xem ông tiên tri năm mão nước việt đổi cờ ... 10 năm sau cờ mới vẫn chả thấy đâu mà chỉ thấy việt nam chúng tao ngày càng hùng mạnh .,1
có khúc kêu ld share live để e tính cho chị hả ta. ;)),0
cứ xem nó như thỏ thôi vì thật ra cũng đều là loài gậm nhấm cả xd,0
khong có ai là may khong tú đụ cầm dao chém bạn đấy emoji emoji emoji,0
độ khuyên moi_nguoi ủng hộ cho sếp hơn view của bọn chó bts đi :3,1
"cũng thế thôi. quân đội có súng ống mới đàn áp đc dân chứ, khong thì đảo chính từ lâu rồi",1
kết quả của việc cải cách của mày đây thằng mặt lờ,1
"xe này chạy grab được 3 năm rồi, chắc đã trả xong nợ vay ngân hàng.",0
ly ly hey homie ))))))))))))))))))))))) full quá homie êyy,0
đan thi thao nguyen pham thi thi xanh mặt liền :(((((,0
em de mat nhu vay nhin rat dep nhin de thuong lam em gai oi,0
nhựt minh xóa đi quơi emoji,1
hết bia corona rồi đến bia hà nội giờ lại bia trúc bạch,0
đứng hình mất 4s :)) cool ngầu :)) đẹp trai gần nhất nhì cao bằng emoji,0
"theo ý thằng ad là: cứ hùng hồn qua trung quốc mà bảo: mày xả đập cho tao, khong tao sẽ ném boom mày. ad mộng du",1
bê đê dơ,1
đồ ăn dâng tới miệng là có thật )) sướng quá còn gì,0
"tôi thấy mua rất dễ, khi rút ra thì thủ tục khó hơn",0
ba khùng nữa rồi,1
"cơn bão nầy l hoàn lưu kéo mây đi trước mưa trước , tâm bão đi sau nhé các bạn",0
cút luôn hộ cái:)),1
thuyên võ chây thì chết condime với tụi mình roi :))),1
cà khịa vai,1
ghép ảnh lỗi vai,1
chắc ổng còn chưa biết fan real vs fan barca 1 thời đấy :),0
mừng rơi nước mắt. cám ơn y bác sĩ. chúc 2 con hoàn toàn khỏe mạnh,0
"cái này đúng mà, việt nam! m có câu 1 ng làm quan cả họ được nhờ mà! nhưng cái com mẹ quan bjo muốn nó khôn phải lấy bác hồ ra vả vào mặt nó mới khôn lên dc khong cả bố lẫn con đều ngu như nhau cả thôi",1
bộ nào bộ hằng hải. ngu thì ít thể hiện đi. lắng nghe nhiều vào,0
chắc đang bị ngạt mũi nên mở mồm ra thở đấy mà :v,0
"nguyễn loan bạn đừng bùn, anh mình chỉ khoe là anh có nhìu quần thui",0
"đội hình nhà bác trump toàn người mẫu, đẳng cấp nhìn thấy đã kính nể rồi!",0
bay đến đít rồi mà h vẫn la liếm ở đây,1
cho vào khung cố ý giết người đi.chứ cố ý gây thương tích làm gì,0
hahaha. tao laoi bai. quyen. sung ban khong lung sao chem khong duc,0
đã tăng 2 đến 7 thì dân lợi cái lồn mẹ chúng nó à,1
người nổi tiếng mà ý thức kém quá.,1
an nguyen emoji emoji emoji đéo biết gì về thời sự cả,0
bệnh viện đa quốc gia tài trợ cho chương trình này emoji emoji emoji,0
võ trí có ai mà nghe cả chục lần chắc nhớ mỗi tên bài hát không :))),0
quốc trung hè này khỏi đi gia lai hay nước ngoài nữa hê :v vô đak lak nà :v,0
máy khứa có tiền đi nước ngoài đem bệnh về phát tháy gơi cmn,0
đáng nhẽ m khong nên về nước emoji,1
"thằng vẹo lúc bố nó phang mẹ nó thì mẹ nó nghẹo cổ trên gối vì phê, thế là đẻ ra nó cũng vẹo cổ theo. đứng vẹo, ngồi vẹo, lãnh đạo đường lối vẹo",1
xin chúc đệ nhất guốc sư tiger trần sức khỏe đz zồi dào.,0
mình thấy ông này rất kém...,1
"14 ngày khong ca nhiễm mới, tín hiệu thật tích cực cho ngày đầu tháng cô hằng",0
khong biết fan cứng có thêm đc tí tỉ lệ nào không nhỉ :v,0
trong ảnh nhìn đẹp trai mà sao trong clip nhìn hãm loll vậy a,1
qua cuộc tranh luận cho thấy trump chỉ là 1 người làm kinh tế không hơn không kém. mong 1 sự thay đổi lớn cho nước mỹ và cho thế giới.,1
nó mỗi thế thôi 1 lũ lao vào chửi nó khong ra con người. vai thật bọn trẻ,1
"mà t cũng đ hiểu, rõ ràng là bọn quan nó cũng dùng nước mà ? hay bọn nó có nguồn nước riêng nên kệ mẹ dân ???",1
"nha tien tri cung so virut hay sao, tien tri noi cong san tieu tan ma. noi lao,",1
giống g-dragon như hai giọt nước. khác mỗi cái mặt emoji,0
"năm nay quá đen cho trump. mong ông sớm khỏi bệnh, chúa phù hộ ông..",0
"mai han le ngoc, võ thế nguyên, tuấn anh nguyễn thị nhớ nha hônn hihi",0
nhìn cái bút của c em cũng biết c cũng đ phải dạng vừa :),0
abe moi noi cl gi v ?,1
"bởi vậy hể nói đến cộng sản là phải nói đến cái ác ôn , láo cá , lưu manh , mọi rợ của bọn quan chức vc !",1
đất nước ta chịu nhiều thiệt thòi vì trả qua nhiều cuộc chiến tranh liên miên,0
biết bao giờ người dân việt mình có đủ can đảm như dân hongkong ?,0
người nhật mà còn có thể loại khong não này thì bảo sao vn lại khong ..chán dell muốn nói,1
"đền cái cc nhá, vào nước ng ta phá hoại, dân đéo đồng ý nhá, chỉ có tay sai cho tàu đồng ý cho vào thôi. cút hết về nước",1
kéo xuống phía dưới thấy có tin bác bỏ tin sách giáo khoa rồi,0
văn tuấn mai m đéo bt câm mẹ có vài nghệ sĩ đã giải thích vì sao tđ bán hàng 2 loại á,1
"thầy live ở đâu vậy thầy , em mún donet cho thầy hmm",0
mai lại có cái ảnh đầu bố sang con ... con sang bố,0
vở hài quá hay trong mùa dịch ncovid! emoji emoji emoji,0
nguoi ta chuyen gioi rôi. no lam lôn roi đê đu thăng cha tyi bay.,1
a tuân dễ thương quá trời.... cô nói anh cười quá trời..... kưg dễ sợ,0
di dời nhà máy thì cũng phải có kế hoạch từ 1 đến 2 năm chứ,0
nguyễn thị yến nhi đúng là lưỡi khong xương nhiều đường lắt léo,0
jack ma: nếu 35 tuổi mà chưa giàu thì bạn xứng đáng nghèo .,0
long vương địt đấy,1
"đơn giản vì chết ít, nhiều bệnh khác còn chết nhiều hơn.",0
dkm chửi hay lắm. chửi hay lắm,1
coppy anh3 clmm tao rip chet me may,1
chi chi thao nguyen. rùa rùa trend kìa nãy toi mình quen chup,0
chắc trong chuyện vui có liên quan đến bú ku emoji emoji,1
"ở bất cứ nơi nào những người như lester đều là tài nguyên của quốc gia nên được chăm sóc bảo vệ,nhưng với những nước cs họ bị gọi là thành phần phản động,nguy hiểm cho an ninh quốc gia.",1
cố gắng dành giải nhất để về ăn tết với vợ con nhé,0
ăn không ngon lành gì hết. cũng đi mua ăn rồi mới thấy ghê..,0
òa là thầy giáo lại vừa đẹp trai lại chu đáo mê quá đi à,0
"vẫn biết là cái gì cũng không thể tuyệt đối được , nhưng nói như vậy hoá ra người ta mổ chết là do thiếu may mắn à . địt mịa chúng nó nữa , làm đéo có trách nhiện gì cả , mổ thì chết người , tiêm phòng trẻ em cũng vậy . ...",1
2h sáng nghe tới chữ long xuyên 5 năm trước mà rợn hết da gà... do đang ở lx,0
"đu me giau con tham lam bi găt la đung rôi , đu me mây luc đâu nghe lơi no chưi hêt ngưoi nay đên ngưoi kia, ham tiên bi lưa gat rôi chưi con ba vang ngoc",1
mình cần tìm gấp in4 anh ng iu thất lạc ạ! ai biết thì tag hộ vào vs hicc,0
"có lúc 3 người nói cùng lúc, tôi không biết nghe ai.",0
khoảng cách là khong xa nếu ta xem nhau là tất cả để rồi mọc lên bn là canxi,0
nhìn con này thấy gê quá,1
mới ăn hôm qua.khong biết là sam hay là so. emoji emoji,0
bê lol chạy xung quanh.,1
ba con hot cut vao ma an nhe,1
lũ chó chết. đkm loạn mẹ nó rồi. xh như lồn,1
mình mới gặp chị ở vtri emoji emoji khong biết trốn lịch quay đi đâu,0
ảnh hưởng đến công việc thì kệ cụ nhà m,1
trên thực tế cái xh này là đến bọn trẻ con nó còn biết về thực tại xã hội chính trị còn mấy ông ấy ấy lại ô cần biết,1
vn phải có cái riêng biệt cái tự chủ độc lập toàn đi sau làm sau,1
"đậu văn cường nhìn như thằng nghiện, ghê bỏ mẹ ra",0
uong nhieu vi di..no hai..cho..cai..than..toan thuoc..tw..khong,0
"bà nầy nói chuyện khong có văn hoá , khong biết xấu hổ",1
dmcs,1
không được đẹp lắm,1
hoan hô ông trần dần!sk của người ở độ tuổi của ông thật sự rất tốt!,0
đôi lúc vì nỗi buồn chỉ đơn giản bắt nguồn từ việc chẳng có gì để vui emoji,0
thực ra đã từ lâu học sinh đã khong còn sợ các hình thức kỷ luật của trường học,0
việc nhẹ lương cao mình xin nhường cho những người thất nghiệp:)),0
chúng tôi đã đi trước các bn hàng chục năm về cái này rùi,0
nhớ sinh nhật bố mẹ ng thân trc đi đã roi đến ny )) lại còn nyc cơ mới chịu,0
con nhỏ đả kích nick face nó là hoàng lệ.. thêm vô chữ xồn cho nó đẹp đó mà..kaka,1
clip của thằng mặt lồn vks long an yêu cầu giết quách hồ duy hải vì giam giữ loại này rất cực ảnh hưởng đến tình hình an ninh chính trị,1
quá độc ác,1
ông già nhà mình đi họp tổ dân phố với con mều nên mình thay ổng stream ))),0
thử thách cho ông già: làm 1 streamer khong chửi tục :v,0
thông báo cho ad biết nhé hôm này giá xăng sẽ giảm mạnh nhé.,0
"lâu rồi không được ngắm mpt, em vẫn đẹp như ngày nào!",0
"hướng dẫn con mẹ gì, giống như hút thuốc lá thế thôi.",1
không giống ai,1
"thật ý nghĩa, cảm ơn bác sĩ đã góp phần đem đến sự bình an cho mọi người.",0
"nên cho mấy lãnh đạo già về nghỉ hưu được rồi , đem mấy cái tư tưởng trước 1975 về nghỉ hưu chung luôn.",1
"chúng tôi: đại đa số dân đen nước việt, rất cảm ơn thịnh tình và sự nhiệt huyết của quí ngài dành cho môi trường nơi chúng tôi sinh sống. chúng tôi lấy làm tiếc về sự việc đã xảy ra, mà khong biết làm sao để thay đổi, mặc dù 90tr dân nước việt thông minh,",1
thiên tai hạn hán cũng đổ lỗi cho chính phủ. vậy có lẽ tao cũng nên coi mày là thất bại của việc bố mẹ mày làm tình phải khong thằng ad óc chó?,1
"mong em thành tài, đóng góp trí tuệ để xây dựng đất nước.",0
cúp rơi trúng đầu giải gì khong biết chỉ 1 trận! và si ngồi chỉ đạo,0
vũ khắc hoàng đẹt xin chào ae trùng tên khác mỗi họ,0
"ngay cả động vật, khi tìm được món ăn ngon nó cũng để dành và nhường cho con. nhìn gà mẹ và đám gà con, cá mẹ và đàn cá con...",1
chẳng lẽ nên kêu người dân nhắn lại .. xin lỗi bác thủ tướng em bị lụt khong có điện thoại nên bác đừng nhắn đễ làm giàu cho nhà mạng,1
giờ này ngta ngủ hết roi thầy ơi . ai ngủ rồi điểm danh phát,0
"hiền nguyễn nói thì dễ gì bán dc, cố nhắm mắt khong biết để kiếm lợi mà",0
"ý là bạn thích đc dí lồn vào mặt à? vậy thì cũng giống mình. sướng mà, nhờ emoji",1
"kia lành, đẹp, động cơ khoẻ hơn, chi phí sử dụng thấp hơn",0
djtmenhaong emoji emoji emoji,1
nhìn mặt sáng sủa thế khong biết tối thì sao nhỉ. và cái kết,1
bên kia nó khong cho vào viện hay xét nghiệm gì đâu,0
tại sao lại đọc vai rớt .vai rớt là gì vậy. đọc tầm bậy,0
trần đặng thái sơn tên phim sẽ phải là địt mẹ về nhà )),1
tan levan vì chúng ta ăn bám. phá hoại nước mỹ. chúng ta làm sấu mặt nước mỹ gần 50 năm. nên mỹ chán nó bỏ thôi.,1
minh hoàng vai a t,1
"nóng nảy nhất thời, giờ phải trốn chui chốn nhủi.",0
nghĩa là vào đây thì cần lồn gì phải nói chuyện lịch sự hả add ?? :))),1
phương vo nói cl gì z mẹ. nói mà để ng ta từ chối hiểu hay gì á,1
quang quang tường cãi lộn cát không,1
chắc trước đây may làm đi ha sao họ cứ gd đu may vậy,1
"phải mang tiền theo, lì xì cho chúng! thì trắng cũng thành đen",1
lê ngọc minh châu đóng học phí trong nonolive là chổ nào vậy bạn,0
như con bóng dạ.:)),1
ba nàng tiên chị em duyên dáng nè việt nam ta nà dễ thương quá hà,0
"phan thị huyền trang gần bà rịa, cũng đang sợ sợ đây e",0
quảng cáo cc,1
thần quyền môn của 5 ông lục tổ ????? ))))))) 14:06,0
"phục vụ cho cộng sản, mà khong mang lợi cho chúng, những người này kì vọng gì, mong chúng nhân từ đưa ra miếng xương sao",1
"noi nhu vay thi ban lanh ra ho tro thien tay giúp dan di.hay nhu co suc thiet phuc thi manh dan dung len kiu goi quyên gop di.neu khong giúp dc thi im lang di.noi ra lam nhu gioi lam do.nhung that chat chi co cai mieng phat lac va doi tay,doi chan vo vung.",1
assmin đi chơi gái bị tống à :)),1
cô ấy phù hợp làm tổng thống hơn cả cha và biden.,0
bệnh của m còn nặng hơn ung thư đấy thằng ngu ạ,1
"ở indonesia đã có tàu điện ngầm rồi, ở đông lào đợi mãi không có",1
ngồi ăn mì tôm sống xem anh độ rì viu thịt trâu ạ :(((,0
vũ khấc tiệp,1
cờ đỏ hay cờ vàng gặp corona cũng chết hết chỉ có nd việt nam sống mãi,0
thu dan ba mo miệng ra nghe thui như dong cuc,1
phạm long vũ mày cl gì cũng biet chăng may nên lam google dc,0
vãi lol bác.kk,1
"khong phải cái gì cũng cần thiết! khong khéo quá tải, lợi bất cặp hại.",0
cái này là thẻ thần kỳ... của tương lai nhà giàu con đi du học,0
nam mô a di đà phật. cầu cho các em sớm được siêu thoát,0
thằng này khong dc,1
đúng là chưa sang hập thụ tinh hoa văn hoá của việt nam bao giờ :)),0
khau nghiep,1
lương kim anh ít bị ghét là thật hả bạn? mk mới biết ông này.,0
để khi nào đói ra nhìn cái cổng sẽ no mà khong cần ăn,0
phan thị huyền trang b ơi mình xin ảnh con chó emoji,0
ngô tuấn phục cái máu lồn,1
làm mất thời gian của anh là sở thích của em mà :333,0
ông này ghét trung cộng mà hình như ông ta múa bài quyền phù cáo có mùi tàu khựa,1
"người ta bận họp kìa trời ơi, phải họp thì mới hết lũ dc",1
bọn 3 tuột quần và bọn ccđ lúc này chui đi đâu mất mà khong nghe thấy chúng sủa vậy anh vũ hoàng lân? hay là chúa rước bọn chúng xuống địa ngục hết rồi?,1
tao cũng đéo tin emoji,1
"chỉ 1 2 đất nước trong nội chiến vẫn đã làm đc điều như này vào 60n trước....ôi!, tôi yêu moi_nguoi của tôi biết nhường nào!",1
trọng bộ album vcd đi về nơi xa hay lắm giáo ơi ! emoji,0
thôi a im mẹ mồm đi :v,1
chất tiền đoán nữa 2017 xe về 2018 xe về năm 2019 xe về tiền đoán xa chúc 2022,0
"vay để con cháu trả thôi, khổ thế hệ tương lai nếu cứ tình trạng này",0
chị đâu có biết ông hùng bà tư nha là ai..chị chửi đại..trời ơi chết với cô..,0
chửi bới công an nó cho ra đảo rùi chán ghê!,1
2 chị em chắc mất hết nhân cách con người. thương các cháu bao nhiêu thì muốn 2 tên này chịu tội bấy nhiêu.,1
đúng là con người là loài ăn tạp nhất thế giới!,1
ngủ đang ngon bị lôi dậy đeo khẩu trang cáu ông bà già thực sự,0
ông này bị không bình thường hả mọi ngừi emoji,1
cũng may là nữa đêm chứ ngay giờ cao điểm thì rút kinh nghiệm ngu cmn người :v,1
"film có kristen luôn được bảo chứng về chất lượng : 1 là dở, 2 là cực kì dở",0
đất nước việt nam bây giờ giống như trung quốc hồi cách mạng văn hóa quá. bệnh thành tích và gia đình trị con ông cháu cha đưa lên.bất tài vô dụng tham nhũng chảy máu chất xám lừa dân. tức nước vỡ bờ sớm muộn chúng nó cũng bán rẻ đất nước này,1
chương trình chắc tìm mãi mới ra được đoạn thầy khong chửi thề emoji,0
andrew kern she is has offended the lgbt community,0
xem 6 7 tập đầu cho biết nhân vật xong xem phát tập 63 ( a độ sad),0
"là bữa chưa xin dc tài trợ từ liên quan , h xin dc nên làm típ chăn emoji emoji",0
ủa ngta có nói là livetream trên fb hã lỡ ytb đồ thì sao,0
thâm hết cả hậu!!!,1
clm ((,1
nguyen anh thu sắm đồ nghề mới chưa dạ emoji emoji emoji,0
nghe đâu đang muốn nông thôn hóa nhưng tốn 45.000 tỷ nên đang từ từ. :v,0
"t chỉ like ủng hộ cho nó thôi, chứ bài này nghe chẳng hay gì cả .",0
nguyễn hoàng anh nó éo chữa nên phải chạy về vn thôi,0
em đẹp. nói chuyện rất hay .chửi hay nhất thế giới,0
nghe phát biểu đã thấy nhảm cứt,1
cái deo gig thế này :vv,1
hồ nguyễn quốc phú suy nghĩ khong sạch sẽ v nó dơ chỗ nào?? bu lu bu la ở tội a thế đồ ấy hả emoji ngta cmt 1 dòng mà đi cmt lại 3 dòng hỉu rồi fans jack khong phân biệt độ tuổi có thể kết luận là trẩu,1
tao lao nua rui tran dan oi. chong dich chua xong o do ma chien tranh,1
cứ như tao con sam mặt mũi như nào còn chưa từng thấy thì khong phải lo lẫn nhé,0
thu hít khong nghe thì thou bớt khịa dùm.,1
"cảm ơn các bạn. cần phải mạnh tay xử phạt những cơ sở như này, họ thật sự khong còn tình người nữa, thấy em bé còn sống mà mang vứt bỏ, lương tâm họ để đâu?",1
"vũ thanh huyền chán vai câu mấy câu đầu chửi hay bao nhiêu thì câu cuối thối không kém emoji tiền người ta làm gì kệ mẹ người ta , núp gầm giường hay sao biết người ta không từ thiện . mệt mỏi mấy nhà từ thiện online như này thật sự .",1
thật ra là quên kéo khóa quần ngoài lộ quần trong nên để lộ hẳn thành phong cách mới cho nó đỡ quê,1
thấy chưa các bạn.chó lại nhà là nhà giàu khá nha emoji emoji emoji emoji emoji,0
chi ba co căt cho gi khoe khoang sao lôn,1
"day khong phai la con nguoi nua ,,, tinh tinh tinh ,,",1
trung tâm thần :))),1
thà bợ đít cs chứ khong bợ đít lủ chó chúng mày,1
phán câu nghe mắc địt vãi lon,1
mọi người đều ung hộ chị minh hiểu tẩy chay chị ba đi,0
chị trang ơi tối nay chị có thể cho anh độ ngủ ngoài ban công cũng được :3,0
đm chú chửi ai thế? mai nghỉ việc cho đỡ căng thẳng nhé!,1
vài trăm xúât quà mừng như vậy là gìau hơn cả trump oz! tội nghịêp bọn tư bản bóc lột hút máu người lao động cả đời dell bằng quà mừng của mấy cán bộ do dân và vì dân hỉ!!!!!,1
đảng đã cho ta một mùa xuân đầy thất vọng!,1
linh nguyen khong-pop bắt trend của bin chậm quá ))),0
"ô nhiễm là do khong rửa đường nhé, có khi nào ô nhiễm môi trường do dân thủ đô đi ngủ không rửa chân không các bác nhỉ",1
kiên minh còn lây nhiều hơn là ông già ở nhật :)),0
"ai là người miền bắc nhào vô rửa lỗ tai, chứ em miền nam nghe xót ruột quá, cầu xin cho linh cá lóc nhanh chóng bị nghiệp quật.",1
nhưng baroibeo lại có vcs còn thầy giáo ba lại khong,0
dạo này a lọt top show chart chỉ sau 20 du khách hàn quốc thôi đấy. chúc mừng a,0
sao lại có những người nhẫn tâm vậy. chín tháng mười ngày là quãng thời gian có phải ai cũng vượt qua đơn giản đâu. nâng lưu bào thai từng tý một để sinh mẹ tròn con vuông. vậy mà có những kẻ lỡ tám bỏ đi đứa con đỏ hon hỏn không biết người hay con vật.,1
đéo đở dc)),1
cái thứ hạ đẳng :)),1
sảm sì đú,1
chưa bao giờ nghe bỏ trẻ sơ sinh nhiều như năm nay,0
ra đường mà khong có rọ móm gì cả. nhỡ cắn 1 cái là tiêm 9 mũi vào mông.,0
mấy bệnh nhân này không ai đọc báo hay xem thời sự trên truyền hình sao?,0
mấy chuyện tâm linh này khong đùa được đâu . đừa là mắc cười đó emoji emoji,0
quynh duong bao kieu hugo bửa ăn thử cũng may là con sam ak,0
giống chổ nào vậy mọi người.? ngay cả màu xanh vẫn khác nha.,0
thầy lồn,1
nhìn mặt tao có giống đang quan tâm mâý con cua không,0
lúc tối xem live sợ vai lon ((,1
cánh hoa bên đấy là l bên đây emoji emoji emoji,1
"cs hô hào, thậm chí còn khủng khiếp hơn để tiến lên thiên đường, giờ tiến mãi mà chưa lên đến. rất ủng hộ tinh thần của quý vị, quý vị đã đạt được 60 sự thành công, 40 cần phải thể hiện. đôi khi hô to chưa chắc đã khỏe.",1
ngày xưa chơi ma tuý trốn như chó giờ chơi ma tuý phải khoe ra cho thiên hạ biết là mình chơi ma tuý nó mới đẳng cấp.,1
cứ xử mức khung cao nhất của tội nặng nhất,1
nhà độ sẽ đếch cần tới máy phát điện mỗi khi cúp điện nữa )),0
mang tiếng fan cứng đăng nhưng đéo đc duyệt emoji,1
"thấy tập này đáng xem nhất luôn á. chúc cô luôn luôn vui vẻ, mãi trẻ đẹp.",0
sao mấy stt này khong thấy con chó dlv vào ẳng nhỉ?,1
"con tôi học phờ phạt, chương trình không phải nặng mà cực kỳ nặng, khi xưa có nặng thế này đâu mà tôi vẫn biết đọc biết viết",1
trơi ơi giờ mới xem chi này mến ghê xem hài vui vẻ ghê emoji,0
qua bài này cho thấy câu nói : sinh nghề tử nghiệp là có thật,0
nói chuyện vừa dễ thương nghe quen tai hợp tính emoji,0
"em sinh ra là thần đồng rồi, em giỏi quá, thật ngưỡng mộ",0
clm :))),1
"tôi thấy bây giờ các trường học tổ chức học cho các cháu rất nhiều, chính khoá, phụ đạo, và lách dạy thêm bằng cách mở các trung tâm. có dịp tôi về quê gặp lại thầy cũ, thầy có ý là các trường trên phố bây giờ gv thường kéo dài nd học để dạy thêm,",1
xem lũ chó cộng sản khong có dân chủ ở nước nó làm gì ở đất nước tự do kìa. emoji emoji,1
chẳng cho thì em nào cũ g có điện rhoai xịn và mạng 4g cả rồi. cấm gì được.,0
con nay ban do nhu vay ma cung co nguoi mua nua ha toi,1
"tự tin là tốt nhưng đừng tự tin thái quá. giọng khong mượt cho dòng bolero , bài hát khong hợp thời hợp cảnh.",1
bên quỳnh có váy xinh yahh emoji qua fb xem thêm ạ,0
nhà tiên trì múa võ như thần )): mong tiên trì về thi thách thức danh hài,0
tại sao đối tượng long không bị bắt đi cai nghiện hoặc đi tù ?,0
e 2k3 và sang năm sau nữa mới thi đến lúc đấy a cũng chúc ntn đc khong ạ :)),0
con di dang hang leo rank,1
bị tam than my co giam dinh than kinh ong nay chua?,1
nhà bác trump đẹp toàn diện cậu út mà xuất hiện nữa thì choáng ngợp hơn nữa,0
linh hồn của team chiều nay có tung ác chủ bài vào khong a? :)),0
phát ngôn kiểu đầu đường xó chợ !,1
không có tiền mà xạo lồn,1
"gì cũng ăn,bó tay!",1
"hnay tivi vừa chiếu xong, năm nay các táo ra nc ngoài nhé",0
giàu sướng vãi... toi mà giàu chắc toi cũng như chị á,0
"ở nhà giúp mẹ giúp cha , cực kì thuyết phục mã cha chúng mày",1
"thiệt chứ bà 67 tuổi mà khoẻ và dũng cảm quá,nhưng thật mới nhìn hình toàn thấy nét cụ ông không à!",1
những cơ sở nào làm việc này thì đó cũng nên quy vô tội cố ý giết người.,1
em chửi bỏ mẹ chúng nó đi cái nich em chửi trần dần anh nghe xương quá nhất là quả quyền èm sàng hay gữi luôn cảm ơn nhé xêm buôn cười quá đi,1
trần thị nhung con ng chứ có phải con c đâu mà suốt ngày nghỉ. hn bị tuần sau còn phải cắp sách đi hc nữa là chỗ mk. nằm mơ đi e,1
"cảm thấy lo lắng, nếu như cách ly xh xảy ra giống như hồi t3",0
chắc chúng quan phụ mẫu thích lũ về lắm đây. để có tiền thu về mỗi cơn lũ.hehe,0
khong có dau thơm nào sin ma giá 100may cả.noi đơn giản vậy thoi,0
nhìn ci có duyên thít ci ghê . quá duyên . triệu leli,0
thì trước giờ bánh trung thu vẫn chả ăn bằng mắt và ăn bằng thương hiệu.,0
bắn chết cdm m khá tú,1
"đuỵt mọe, các ông nghĩ cứ sáng tạo ra cái cc gì cũng được lôi ra mà thử nghiệm hết đấy",1
"không phải con ruột mà nhìn bé nào cũng có nét của bố cường, đáng yêu quá!",0
ước gì phỏng vấn cô 2 tiếng coi mới đã. thích cô quá,0
chị chửi để chị cứu nhân độ thế! )) cưng dễ sợ hahhaa,0
"emoji emoji emoji coi buồn cười ghê, cô minh hiếu tiếu ghê",0
thùy trang đel hiểu sao có người khen hay,1
đọc bài mà căm phẫn quá. sao trên đời lại có dạng người khốn nạn đến thế. con cháu ruột của mình mà cũng khong tha.,1
kim oanh phương ngân có khi nào lê nhớ roi cười khong ta lê lê,0
"trời đụ :( nhìn là muốn tung sml từng con. chạy xe như bố đời, ỷ mình là đàn bà thì cái gì cũng phải nhường hay sao!",1
hi vọng việt nam con rồng cháu tiên sớm vượt qua đại dịch này !,0
"mai hieu đúng roi anh, số chết thì nằm trong nhà cũng chết emoji emoji",0
tại sao bạn trai biết mà không tố cáo. để nó đánh và giam giữ mấy ngày mới thả.,1
cứ thương hiệu uy tín lâu năm mà xuống tiền bạn à,0
chị đẹp quá chị ơi ...nhìn giống quý ba cáo sáng wa,0
fan cuồng thì không bao giờ chịu chấp nhận vị thế của mỹ đang giảm sút. mà toàn bám vào khẩu hiệu nước mỹ đang vĩ đại là do công trump mà không bao giờ đưa ra được dẫn chứng.,1
đéo ghi nguồn.,1
cđmm nhung:),1
truyện ma mà kể như truyện cổ tích emoji emoji emoji,0
đúng ván bài lật ngửa lun đó bạn emoji emoji emoji,0
anh cứ mỗi ngày hay mỗi.tuần ra 1 quote đi anh ưii,0
dân lưu vong vào sủa đi kìa ))),1
from usa thor with love chúc anh độ và anh em lễ 2 9 vui vẽ emoji_love,0
đồ giả,1
"haha chúng nó tính thoát trung bằng các chui vào rọ mỹ )) thoát thoát cái cm mấy thằng phản động , não chó bày đặt chê bai",1
cần phạt nặng với những trường hợp trốn tránh thật nặng,0
đang tính lấy viên kẹo ăn thì ổng bắt chụp hình emoji,0
đây phải nói là lâu đài chứ biệt thự cảm giác không hoành tráng như lâu đài,0
vai lag nó thấy thì nó chụp liền chứ vừa thấy chưa kịp chụp đã 2k 3k like,1
"ở nhà đã khổ sở vì ngăn cản tụi nhỏ sử dụng tivi, laptop rồi mà ở trường cho sử dụng là sao. trong giờ học tụi nhỏ online, chat chit ai kiểm soát nổi, giờ ra chơi thay vì chạy nhảy lại dán mắt vào cái màn hình điện thoại,",1
"duyên phạm nghỉ cũng đc í, mà nghỉ khong lương nha :))))))",0
may quá idol giới trẻ của vũ trụ vẫn chưa dính virus emoji emoji emoji emoji,0
luyen tran y c đat nước đang yên ổn anh cọp đừng về,0
"bọn nó chọn tôm hùm, cá mú khơi ... nó đéo chọn cá gần bờ",1
"thái dương nguyễn lúc nhìn thấy giống gái , lúc nhìn giống trai hihi",0
thời buổi này còn sử dụng bao ni lông thế này thì thật nguy hiểm,0
tôn nữ khiêm cung bạn thật sáng suốt. đó là nghề của nó. nói vậy chứ khi nó cmt nó cũng nhục lắm. bán lương tâm vài đồng cũng khổ,1
căn bệnh nan y không thể dứt. ta nói nầy là cái chết được báo trước ặc ặc ặc,0
"thôi má ơi khổ quá...má dạng háng từ vn qua tận bên mĩ, hết quan ta lại tới quan tây, gái 3 toàn zay hết quá thất vọng",1
tôi tự hào vì khong có tên trong băng đảng búa liềm,0
kinh khủng,1
mình thì chỉ mong có đủ tiền mua chiếc xe để học theo clip này,0
"lau lau cai duong lai thay day da ,hiem lam csgt moi phat hien",0
đmm ghi rõ nguồn vd ra nhé ad,1
trend này ở vn có từ thời nguyên thủy rồi nhá.!! nam triều bắt trend chậm quá,0
"nhìn taxi bay cồng kềnh và chiếm diện tích kho bãi đậu quá, khó khả thi.",0
"chán đến nỗi ct đéo cần lý do, đéo đau khổ và đéo rơi giọt nước mắt nào. có 1 kiểu ct gọi là hp vãi lon.",1
vũ khắc hoàng nhìn mặt anh độ hơi dâm nha mik mik thich,0
"tao phải qua phản đối bọn ba que indo nha, bác tao nhìn đẹp chai đoản hậu, lộn phúc hậu thế kia mà nó quất cặp môi như hai miếng thịt trâu là làm thao",1
im mẹ đi thằng mặt lon,1
thế bây giờ mình đốt xe nó thì mình có phải đền khong?,0
may quá mỗi lần chơi đồ bọn mình toàn gửi hết điện thoại ở quầy lễ tân emoji,0
chào mừng các cô chú đến với kênh của cháu sói vê lốc,0
đá cho vui thì cần quái gì phải thay 1 hlv bằng 2 hlv vậy ?,0
bản án không có tính răn đe.,1
nhìn cây bút của chị là biết chị cũng 49 50 à :)),0
éo cần nhé! cứ đè bọn dân ra là có tiền :)),1
idol cứ tứt ziên với zấn đề nhứt hớt cạ đầu emoji emoji emoji emoji,0
"quỳnh anh phải có chứ nhỉ , cắt táo đi còn xem xét gì nữa",0
hotgirl chỗ nào....nước hoa giả hàng face khong mà làm dữ,0
m.n ơi cho mik hỏi mik theo dõi cô mà mik hk pít cô là con gái thiệt hả m.n,0
bale tuy ghi ít bàn nhưng những bàn của bale giá trị hơn 7 ké gấp 10 .,0
nguyễn trọng hiệp thuê nhưng không được cắm bạn nhé. emoji,0
vãi cả cái còi ôm vòng theo cái ngực đô con emoji emoji,1
vãi l ruột tao văn ra luôn rồi emoji emoji emoji emoji emoji emoji,0
ác mộng của cuộc đời là cà vào mấy con chửi thâm. nó chửi khong ngóc đầu lên đc :((( khóc mẹ mất,1
thiên hương lê hồng ngân quá nhanh quá nguy hiểm :)),0
hiệp đinh các cụ đã bảo là đừng bh cãi nhau vs bọn con gái rùi lại còn,0
thâm vai bạn ơi,1
đc ăn cả ngã là xong là có thật mấy a xa bờ ạ :)),0
admin làm một bài post để thể hiện sự ngu si. chắc sợ mọi người không biết,1
a làm e nộp đơn xin nghỉ việc cmnr và cái kết dkmn rồi sml ra cực kỳ thuyết phục,1
bệnh nhân 17 ( cái nôi của sự lây bệnh ) emoji,1
tai sao xe dep ca xe biển xanh.toan bốc dc bien đẹp.,0
"đường nó bền hơn, lâu hư hơn, đẹp hơn, hoàng tráng hơn,... thì tao tin chứ bảo chi phí xây rẻ hơn thì ngu si mới đi tin, lều báo!",1
nỗ lực làm phò...cao cấp à?,1
"tội cho bác gái,nó lấy tiêu xài hết rồi còn đâu trả lại đây?",0
tôi không nghĩ đây là một phim hay. nếu lấy thang điểm là 10 thì: ý tưởng phim:7 điểm; kịch bản: 5 điểm; biên kịch: 3điểm; diễn viên ( vai chính): 3 điểm; các nội dung khác đều dưới 5. thông điệp phim không rõ ràng và thống nhất.,1
xàm chó thật,1
sao không bắt cá mới ngộp làm cá khô để thu hồi được ít vốn?,0
xã hội bây giờ..công an làm bố đời thiên hạ..chánh án chịt nhau trong cơ quan..dân oan bị cướp đất...đậu xanh rau má...đất nước đáng sống..,1
"cảnh sát cơ động nước văn minh dân chủ nhiệm vụ chính của họ là giữ trật tự an ninh, ngăn chặn những người biểu tình quá khích trong khi cảnh sát cơ động việt nam thì chuyên đi cướp hiếp dân lành ,cướp đất.",1
cứ ngỡ đâu sẽ lặng ai ngờ tăng như giá khẩu trang : (((,0
sợ nhất là quân đội làm kinh tế - công an làm chính trị,0
chốn thiên đường toà án cũng trở thành nơi diễn hài ! chẳng có tiền nào là của nhà nước cả ! tiền là do dân đóng góp.... nhà nước chỉ phá thôi ! nhoé,1
thế mà chúng nó giật tít cộng gộp lại. tít lẽ ra phải là : muốn giết người? hãy làm công an,1
đa số thực phẩm mà bọn quan lại ăn là an toàn ...(chúng có ăn đồ chợ đéo đâu!),1
cho toyy xin in4 fb hoặc sđt zalo hay ig được hong :33,0
thế đấy dkm,1
đạn bắn không chết chỉ khi nào tới số thì mới chết kk.,0
hồng thy cái giọng điệu nói cảm thấy hao hao giống ..!,0
"có rất nhiều kẻ vĩ cuồng, chúng dọn cho mình những cỗ quan tài đẹp nhất, những lăng mộ hàng ngàn hecta, lăng tẩm lộng lẫy. chúng quên rằng, chúng chỉ nhất thời, người đời phỉ nhổ vào chúng, con cháu dòng họ chúng mang nhục.",1
em sẽ trung thành với abe đến khi susan của thầy trở thành 1705,0
"quá đẹp, trồng thật nhiều cây bên các công trình này sẽ đẹp hơn.",0
"bài viết này lệch lạc. chủ nghĩa dân tộc không tồn tại trong chế độ cs do đcs cai trị. từ thời mao đến nay đcs tq đã áp bức và giết hại gần 60 triệu người hán qua hàng loạt các vụ thanh trừng đẫm máu như ccrđ, cách mạng văn hoá, đại nhảy vọt, chống xét lại,",1
"luật nhân quyền của mỹ dành cho honhkong thật sự rất good. lũ hắc cảnh đã rón dái hết rồi các bác ạ, làm chó săn cũng để kiếm tiền đi sứ giãy chết, mà giờ bị áp chế thế này thì làm chó chi cho người ta chửi nữa chứ emoji emoji emoji",1
"người mỹ thật tuyệt vời ,chắc ông trump sẽ tái đắc cử!",0
"bài viết hay quá, từ số liệu đến giọng văn! cám ơn tác giả phan duy.",0
bây giờ có nghiêm túc kiểm điểm hay nặng nhất là kỷ luật cách chức gì đó thì bọn quan lại chóp bu này cũng tẩu tán cất giấu mấy ngàn tỷ vào túi riêng rồi !,1
"bọn tây lông khong sợ chết hay sao ấy, nhân viên đeo khẩu trang còn bị nhiễm",0
cường học annd là hiểu rồi. dit_me đám côn đồ tụi mày là tay sai cho cái lũ lảnh đạo bán nước đây mà,1
chi oi co cach nao lam giau giong nhu chi khong ? chi cho e voi cam on,0
"tình yêu là khi bạn yêu 1 người thật lòng thì bạn sẽ yêu luôn cả vợ và con anh ấy, mù quán vai emoji",1
cái lỗn cát khôg emoji,1
"được anh , được vãi lon anh ạ :)))",1
"mấy người khong hiểu về rap chê này chê nọ nghe chán thật chứ, thậm chí có người chưa nghe bài rap nào cũng bay vào phê phán, có người nghe rồi nhưng khong biết đó là nhạc rap,",1
đm abe giống bóng vcc,1
về việt nam thì giá bằng bao nhiêu lần 70.000usd vậy???,0
tuy album mới ra mắt chưa được 2tiếng nhưng đã đứng top 1 thịnh hành,0
300 mua xe mới mà đi tôi j đi xe cũ làm j cho khổ,0
kiểm soát đường biên giới là biện pháp tốt nhất để không lây nhiễm.,0
nhớ quay clip dài dài cho ae ở nhà có cái làm tài liệu ôn tập khuya,0
"bênh bênh cl nè,ahihi ( )",1
không hiểu sao ông này thay đổi tính cách nhanh chóng,0
hot girl?? đáng ra phải là pónk dơ chứ nhỉ???,1
"khanh pham dốt nát kèm nghe bọn ngu 3 dẻo mồm tiêm nhiễm thì ra thành cái loại như này đó bạn. có khi mấy đứa 3 nó tự làm mình nhiễm rồi về vn để lây lan cho dân chúng, sau đó nó đăng tin đăng bài nói nhà nước vô dụng này nọ, gây ra bạo loạn lật",1
tưởng a lên tiếng gì chứ. hoá ra giữ thể diện à. đúng là người hay nói triết lí thì sống như... vẫn phải nói là dạo này a lọt top show chart chỉ sau 20 du khách hàn quốc thôi ạ,1
thanhhuy nguyen dơ vai ))),1
bắt dc bắn thấy mẹ nó lun,1
"ngày xưa đi học rất nhẹ nhàng, nhưng vẫn thành tài. ngày nay học thì nặng, sách năm nào cũng phải thay. vất vả học sinh và lãng phí tài nguyên. nhà xuất bản thì vui thôi.",1
"xóa bài là đúng thôi,(khong thì các ông lãnh đạo bị lôi cái đuôi ra), có quỹ xóa đói giảm nghèo có mà",1
đủ gió hoa sẽ nở đủ nắng nách sẽ hôi đủ kiên trì sẽ hết mùi,0
một pha óc chó của a . ý thức như ruồi của a,1
lê phương linh ê lại nghỉ khong hồi kết đấy. vừa lo qua đh vừa khong dám qua,0
phụ nữ vn làm gi có ai xấu tai xấu hại vậy xấu hết phần chó,1
"bác trọng : uy tín việt nam trên trường quốc tế lên cao, được nể trọng và có tiếng nói trên trường quốc tế ))) lol",1
cần làm chặt chẽ hơn ngay từ sân bay để tránh có những trường hợp thiếu trung thực như bà nhung,1
cảm xúc của tôi cũng phấn khích hệt ông khi xem video này. phát minh đột phá.,0
thánh giá đứng vững một cách kì diệu sao 300 năm . amem !,0
con cat bu chan,1
đung tới bac kỳ la em sẽ tiep tuc co cuoc song khong binh yen ne nhe để xem nhieu tap,1
ăn bận như cac họ,1
page viết nhju kai phản động quá. sai luật thj bj phạt thui,0
vậy chả lẽ 16 người bị nhiễm từ trước lên cùng chiếc máy bay vn 0054 đó à?,0
đkm mấy ngày nay không thấy lũ dâm loạn viên xuất hiện,1
1997 mien tay vlioc oi chi kim hat bai gi vay chi minh di a,0
"về nhà đi, nơi đây đã cho anh cả tương lai nhưng anh tự đạp đổ nó",0
tiền của tao. phắc!,1
"- dạ kính chúc cô luôn dồi dào sức khỏe , để cô giúp đở những người nghèo khó..",0
em xin các anh chị đừng chửi những người đã mất đau lòng lắm mấy người ơi,0
khoảng cách sẽ không xa nếu hai ta coi nhau là tất cả emoji_love,0
tránh xa nó ra anh em,1
tôi dc nghỉ 3 ngày nhưng phải làm đơn. sau đó về dạy bù. coi như xong nợ.,0
có thể cãi nhau nhưng điều t ghét nhất là chia tay ...,0
mọi con đường búa liềm đều dẫn tới tham nhũng,1
nguyen dương thi thuy làm quai đeo trên lưng mỗi lần ra đường này emoji,0
20 10 em tăng abe một bó nhan nhé!,1
"xa hay gần khong qtrong, qtrong là mình iu nhau :))",0
ngọc đặng lắt léo sao lại vào sở trường của bọn mình mới đau chứ hiuhiu,0
đây không phải là người.,1
vtv1 tẩy chai con đỉ trần mu,1
con này nó bỏ quên não khi chạy xe rùi. emoji,1
tao thấy nhiễm covid này toàn bọn nhiều tiền và thích đi du lịch đấy..,1
óc chó kiểu italy emoji emoji emoji emoji emoji,1
trần huy cái lồn emoji emoji emoji,1
messi sô lô qua 11 người và đối mặt với thủ môn đội bạn ở khoảng cách 11m.,0
phụng mỹ e lai dưới lon e lại lên,1
đc vailin anh ui emoji emoji emoji,1
linh trúc dung phương ôii cánh hoa thiệt đẹp làm saoo emoji emoji emoji,0
"già rồi bà già . bớt cái mồn lại tính chuyện đất đai nằm ở đâu và đi về đâu đi bà già . trẻ trâu làm gì nó làm, mình già quất cần cẩu rồi mà tào lao.",1
"hiệp đinh v m khong biết đọc à, hãy viết trước khi đọc kĩ nha thằng óc cứt, mắt chưa rà hết chữ mà tay nhanh hơn não, mối nguy hiểm của xã hội",1
chưa tết nhưng mà đã nghĩ tới cảnh hết tết emoji cái nết lo xa hông bao h bỏ đc,0
ông ấy mà giống bác thanh thì có ngày ............,0
thầy cởi quần thịt luôn,1
nhái kiểu này thì đúng là không thể chấp nhận.,1
"nói như là vn chẵng có cái nào. nhờ đãng và nhà nước nên giờ chiếm được 21 điểm. còn cái vụ năm 74 cứ trách người ở miền nam. thế có thằng ở miền bắc nào đó đã nói là trung quốc chiếm giùm, mai mốt sẽ trả lại.",1
hoang mang vailunn,1
thời gian đầu đ ai chả thề non hẹn biển yêu lâu mới lộ ra ngay ý mà,1
"phim đell hay . net bà này ai dám sửa, bả mà có nhiều tiền là tẩy đc râu rồi",0
"mâu thuẫn nhỏ mà gặp ai cũng đánh, nên phạt thật nặng bọn côn đồ này",0
vai nghe xong chỉ thấy buồn cười emoji,1
"thế mới thấy ở dưới thôn xóm đã ăn lai 1.0 rùi , càng lên cao thì càng tăng theo cấp số nhân thế nào đây từ thôn, phường, chi hội, hội, quận, tỉnh thành, trung ương.... ôi thôi nó thối đến fat tởm thật.",1
thầy ba dơ lắm cô ơi,1
minh khánh đr b bài này t nghe hơi ngứa xíu,1
"quá tội cho trẻ em bây giờ, không biết tại sao bị đánh mất tuổi thơ.",1
nhà tài trợ chính cho khong-atm cao lãnh mang tên dj chip,0
nguyệt hằng anh suga chụp kiểu này chưa emoji emoji emoji,0
"cuộc sống của thần tiên thì cũng chỉ đến như thế này, thần tiên tỷ tỷ ah.",0
bài viết hay và nhiều thông tin! cảm ơn tác giả!!!,0
bỏ nhau lâu rồi mà. hay lại ngáo đá?,1
"thằng việt chờ khi nào thằng chung xả nước đầu nguồn thì lên truyền thông hoan nghênh nữa nhé, dù gì việt và chung cũng là anh em tốt, chung từng giữ nhà dùm việt hẳn 1000 năm cơ :)",1
vẫn chưa què bằng nhân cách của anh emoji,1
lê huyền người ư ?sinh vật hạ đẳng chứ ngươi ai lam thế .,1
thấm vãi l n :,1
chán dell muốn nói gì emoji,1
đcm emoji sau có con cho hút cỏ chữa bệnh chứ đéo đưa đi bệnh viện emoji,1
"hồi sáng đo thân nhiệt 37,5 đúng không, né chị mày ra nghe hôn kieu minh",0
"andy nói đúng,chỉ có fan cuồng mới khong nhận ra.mu nát như bươm.hlv làng nhàng,cầu thủ lương cao chuyên tấu hài.nha luôn bị top 10 bón hành.từ ki sir giải nghệ,biết bao đội lập kỷ lục ki thắng làm nhục mu khong?thời ấy theo alex rồi.",1
mong hết chứ luợng kiến thức lưu trữ không còn nhiều :((,0
"lên gõ tập đoàn ippg tìm hiểu đi,không có gì là muộn :)))",0
xóm pet hơi đâu dài dòng khong có cái nào tốt mà rẻ hết,0
dis :)),1
"nhà đầu tư thì không hoảng loạn, còn tôi nhìn vào mấy con số thì hoảng loạn.",0
khong khác dì mấy với bọn thượng đẳng hàn quốc,1
"hãy để trung thu là tết trẻ em đi, người lớn đừng tặng quà nhau.",0
"ai ở hà nội thì cẩn thận nhé n dùng thuật thôi miên , đi zip đỏ biển c",0
có ăn có học có tiền nhưng không có ý thức và đạo đức .,0
phúc bao nhiêu cái show thì có 1 lỗi thế bạn? chứ mv vẫn hit mà emoji,0
con lon heo gầy làn xấu fandom để avt mochi mà khẩu nghiệp,1
m10 chơi bóng tràn đầy đam mê. kỹ thuật của anh ở mức thượng hạng như ngày nào.,0
nguyễn trung sâu bi hồng thắm ngô thị kiếm tiền đi du lịch này,0
ra biển team up xem có mở rộng nuôi tôm ngoài đó được khong đó mà,0
"chị ngồi dậy xong chị thấy chị xĩu nữa , trời ơi cười chết luôn á , hahahahaha",0
ước gì có người yêu cũ để quay lại nhỉ emoji emoji,0
tùngg ngố cl,1
"thầy bói ba cl gì gì vậy thầy, đem con susan ra thế giới à",1
chú cá voi trong truyền thuyết finding nemo đây mà,0
để được ở phải tích lũy hàng vài chục năm còn chưa chắc đủ tiền. nghĩ mà đau.,0
page này của việt tân à ? toàn đấy nz đến lật đổ xhcn là sao ?,0
